PMID,Title,Year,Journal,Abstract
42391797,"Does laughter yoga really improve fatigue, sleep quality and psychological wellbeing in people living with MS?",2026,Multiple sclerosis and related disorders,
42390279,Systematic review and meta-analysis of lifestyle modification interventions and their impact on seizure reduction and quality of life.,2026,Epilepsia,"This study was undertaken to provide an overview of the research landscape and evaluate the impact of lifestyle modifications on seizure reduction and quality of life in people with epilepsy receiving standard medical treatment. Following PRISMA (Preferred Reporting Items for Systematic Reviews and Meta-Analyses) guidelines, we conducted a systematic review of major databases (Medline, Embase, American Psychological Association PsycInfo, Cochrane Library, and Web of Science) through November 2025. After screening 5151 articles, 118 studies met inclusion criteria: prospective trials reporting seizure frequency in adults or mixed populations with epilepsy. Four epilepsy-trained reviewers independently assessed studies. A random-effects meta-analysis was performed on studies reporting ≥50% seizure reduction or data allowing its calculation. Short-term response was defined as the earliest postintervention time point, and long-term response as the final reported time point. The 118 studies covered diet (n = 33), supplements (n = 20), biofeedback (n = 14), psychosocial/behavioral therapy (n = 13), yoga/meditation/mindfulness (n = 8), music therapy (n = 7), and others. Fifty-two (44%) included control groups, whereas 91 (77%) reported statistical analysis of seizure frequency. Among those, 68% showed significant seizure reduction. Quality of life was assessed in 31 studies, 68% reporting improvement. Seventy-one studies (60%) were included in the meta-analysis. Overall, the ≥50% seizure reduction response rate was 44% for short-term outcomes (95% confidence interval [CI] = 38%-50%) and 50% for long-term outcomes (95% CI = 44%-56%). Dietary interventions had the largest evidence base (n = 33), with short- and long-term response rates of 40% and 51%, respectively. Meditation/yoga/mindfulness had the highest response rate (62% short term, 79% long term), whereas exercise and supplements had the lowest (30%-35%). Lifestyle modifications may offer beneficial, adjunctive effects on seizure control. However, the current evidence is limited by variability in study design and quality. Larger, well-designed trials with standardized outcomes are needed to clarify how these interventions can complement epilepsy treatment. This systematic review and meta-analysis serves as a foundation for future research to better define the role of lifestyle interventions in epilepsy care."
42388735,Effects of mind-body therapies on sleep quality in perinatal women: a systematic review and meta-analysis of randomized controlled trials.,2026,Frontiers in public health,"Sleep quality often worsens in perinatal women because of physiological, endocrine, and psychosocial changes. This may increase the risk of maternal and infant complications, making it a public health concern. Because pharmacological treatments may pose safety risks, mind-body therapies have gained attention as a safe non-pharmacological option. However, current evidence mainly focuses on single intervention types, and their overall effect on sleep quality in perinatal women remains unclear. We systematically searched seven databases-PubMed, Web of Science, Embase, the Cochrane Library, Scopus, EBSCO, and ScienceDirect-and other sources up to January 20, 2026, to identify randomized controlled trials examining the effects of mind-body therapies on sleep quality in perinatal women. Two reviewers independently screened the literature, extracted the data, and assessed the risk of bias using the Cochrane Risk of Bias 2 (ROB2) tool. Meta-analysis was performed in Stata 17 using a random-effects model. Subgroup, sensitivity, and publication bias analyses were also conducted. In addition, the certainty of evidence for the primary outcome was assessed using the Grading of Recommendations Assessment, Development and Evaluation (GRADE) approach. A total of 13 randomized controlled trials involving 782 participants were included. The main interventions were mindfulness, Pilates, and yoga. Meta-analysis showed that, compared with controls, mind-body therapies significantly improved sleep quality in perinatal women (MD = -2.63, 95% CI -3.36 to -1.90). However, substantial heterogeneity was observed across studies (I<sup>2</sup> = 89.0%, <i>P</i> < 0.001). Subgroup analyses showed significant between-group differences by country (<i>P</i> < 0.05), intervention duration (<i>P</i> < 0.01), and session length (<i>P</i> < 0.05), suggesting that these factors may partly explain heterogeneity. Sensitivity analysis and risk-of-bias assessment suggested that the results were statistically robust, and no significant publication bias was detected (<i>P</i> = 0.900). According to GRADE, the certainty of evidence for the primary outcome was rated as low. Mind-body therapies effectively improve sleep quality in perinatal women and may serve as a useful adjunct in clinical sleep health management. However, the certainty of evidence was rated as low according to GRADE; therefore, these findings should be interpreted cautiously and further confirmed by high-quality studies. https://www.crd.york.ac.uk/PROSPERO/view/CRD420261290532, identifier: CRD420261290532."
42385762,"Global, regional, and national burden of tuberculosis and multidrug-resistant tuberculosis by HIV status, 1990-2023: a systematic analysis for the Global Burden of Disease Study 2023.",2026,The Lancet. Infectious diseases,"Tuberculosis (TB) is the leading global cause of death from a single infectious agent. Recent reductions in global health funding have threatened TB control, making comprehensive assessment of TB, HIV-related TB, and drug-resistant TB burdens before these disruptions essential for shaping effective responses. The WHO End TB Strategy sets targets of a 95% reduction in TB deaths and a 90% reduction in TB incidence between 2015 and 2035. Using results from the Global Burden of Diseases, Injuries, and Risk Factors Study (GBD) 2023, this study aims to assess the burden of TB and multidrug-resistant TB (MDR-TB) across 204 countries and territories, and to evaluate progress towards the WHO End TB incidence and mortality targets. We quantified TB mortality using the Cause of Death Ensemble modelling platform with global vital registration, surveillance, verbal autopsy, and minimally invasive tissue sampling data. For TB morbidity estimation, we simultaneously modelled incidence, prevalence, and mortality by age and sex using DisMod-MR 2.1. A population attributable fraction (PAF) approach was applied to stratify morbidity and mortality estimates by HIV and drug-resistance status. We also calculated disability-adjusted life-years (DALYs) as the sum of years of life lost and years lived with disability. For the risk factor analysis, a comparative risk assessment framework was used and PAFs were derived for alcohol use, smoking, and high fasting plasma glucose to determine the proportion of TB burden associated with these risk factors. In 2023, there were an estimated 9·11 million (95% uncertainty interval 8·04-10·3) incident cases of all-form TB, 1·22 million (0·98-1·49) deaths, and 54·6 million (43·8-65·5) DALYs globally. HIV-related TB comprised 781 000 (690 000-879 000) incident cases and 210 000 (142 000-279 000) deaths, contributing 11·0 million (7·56-14·3) DALYs. MDR-TB accounted for 466 000 (198 000-1 080 000) incident cases, 102 000 (31 700-238 000) deaths, and 3·96 million (1·31-9·01) DALYs. From 2015 to 2023, global all-form TB incidence rates declined by 19·2% (17·8-20·5) and deaths declined by 22·6% (4·7-35·7); declines were larger for drug-susceptible TB than for MDR-TB. Sub-Saharan Africa and south Asia had the highest mortality burdens in 2023; reductions in all-form TB incidence and mortality were uneven between 2000 and 2023, with limited progress in both measures in Latin America and the Caribbean. Removing smoking, alcohol use, and high fasting plasma glucose would reduce global TB deaths to 768 000 (592 000-970 000) and DALYs to 34·9 million (27·8-43·8) in 2023; MDR-TB deaths would decrease to 77 200 (23 400-183 000) and DALYs to 3·12 million (1·03-7·29). Global progress towards WHO End TB targets is disparate and fragile. Although many regions achieved meaningful gains, others have stagnated in recent years. The complexity of TB prevention is amplified by divergent MDR-TB trends, the persistent burden of HIV, and growing exposure to modifiable risk factors. Recent volatility in global health financing threatens to further destabilise this vulnerable epidemiological landscape; concerted action is urgently needed to temper disruptions and preserve progress. Gates Foundation."
42385470,"Physical activity, indoor air pollution, and cognitive function among older-adults in India: Evidence of gendered environmental disadvantage.",2026,Social science & medicine (1982),"Cognitive health in later life is shaped by both individual behaviours and the social and environmental conditions in which ageing occurs. Guided by the Stress Process Model, this study conceptualises indoor air pollution as a chronic environmental stressor that may constrain the cognitive benefits of health-promoting behaviours such as physical activity in later life. Using nationally representative data from the Longitudinal Ageing Study in India (LASI Wave 1), we examine the independent and joint associations of physical activity and indoor air pollution with cognitive function among 31,902 community-dwelling adults aged 60 years and older, with particular attention to gender differences. Cognitive function was assessed using a composite measure across multiple cognitive domains. Indoor air pollution exposure was defined using information on cooking fuel type, stove technology, cooking location, and ventilation. Physical activity was measured as self-reported engagement in moderate or vigorous activity or yoga-based practices. Multilevel linear regression analyses showed that physical activity was consistently associated with better cognitive performance, whereas exposure to indoor air pollution was associated with poorer cognitive outcomes. Although no overall interaction was observed in the full sample, but a significant gender-specific patterns emerged. Among women, exposure to indoor air pollution substantially reduced the cognitive benefits associated with physical activity, a pattern not observed among men. These findings highlight indoor air pollution as a gendered environmental constraint on healthy cognitive ageing and suggest that behavioural interventions alone may be insufficient in polluted household environments, particularly in low- and middle-income countries such as India."
42379691,Beyond Pills: Integrative Approaches to Pain Relief.,2026,Physical medicine and rehabilitation clinics of North America,"Chronic pain affects over 50 million Americans and contributes to rising disability, opioid dependence, and healthcare utilization. As the limitations of pharmacologic-only strategies become increasingly evident, integrative approaches offer a compelling, evidence-based alternative. This article reviews complementary, alternative, and integrative medicine modalities commonly used in chronic pain management, including manual therapies (craniosacral, chiropractic, and massage), movement-based therapies (yoga, tai chi, Alexander technique, Feldenkrais method, Pilates, qigong), acupuncture, transcutaneous electrical nerve stimulation, scrambler therapy. These approaches support holistic, patient-centered care that engages the body's innate healing capacity and may reduce reliance on opioids."
42378742,Effectiveness of community-based physical activity models in improving quality of life among elderly: A systematic review.,2026,Atencion primaria,"To evaluate the effectiveness of community-based physical activity models in improving the physical, psychological, and social dimensions of quality of life (QoL) among community-dwelling older adults aged 60 years and above. Systematic review. PubMed, Scopus, and ScienceDirect (January 2020 to July 2025). Empirical studies, including randomized controlled trials (RCTs), quasi-experimental, and pre-post designs, focusing on community-based physical activity programs for older adults aged ≥60 years compared to inactive controls, standard care, or non-physical interventions. Independent data extraction and risk of bias assessment using Cochrane RoB 2 and ROBINS-I tools. A systematic narrative synthesis adhering to Synthesis Without Meta-analysis (SWiM) guidelines was conducted. Thirteen studies involving 2256 older adults were included. Multicomponent programs yielded the most consistent improvements. Significant physical findings included a fall incidence reduction from 51.8% to 31.4%, an 0.81-point increase in Short Physical Performance Battery (SPPB) scores, and a 7.5-point increase in the Barthel Index. Cognitive outcomes improved, evidenced by a 3-point average increase in Montreal Cognitive Assessment (MoCA) scores. Psychologically, resistance and yoga interventions reduced psychological distress by approximately 18%, while high-intensity aerobic exercise yielded an 8.6-point decrease in Hamilton Depression Rating Scale (HAMD-17) scores. Community-based, multicomponent physical activity interventions sustained for ≥12 weeks at a frequency of 2-5 sessions per week are highly effective in improving physical, cognitive, and psychological outcomes. Integrating culturally adapted practices and digital technologies enhances intervention feasibility, adherence, and long-term engagement."
42372329,Hybrid III lumbar spinal column injury risk curves from vertical impact.,2026,Journal of the mechanical behavior of biomedical materials,"Musculoskeletal injuries from underbody blasts due to the detonation of improvised explosive devices (IED) impart dynamic loading to the human vertebral column via the pelvis region, and the primary insult from the IED is absorbed first by the lumbar spine before it traverses to the thoracic and cervical spines. Injuries from these scenarios have been documented in many clinical and retrospective studies. Although the dynamic response index continues to be used to predict lumbar spine injuries, it is based on the accelerations of the seat pan. A need exists to develop lumbar spine injury criteria for human surrogates. The objective of this study was to develop lumbar spine injury criteria, in the form of injury assessment risk curves, specific to the Hybrid III anthropomorphic test device under the underbody blast vertical impact load vector. The Hybrid III human surrogate was prepared with load cells at the superior and inferior ends of the lumbar spinal column. The dynamic impact loading was applied to the inferior end of the spinal column spine using a custom vertical accelerator device. The peak axial, shear, and resultant forces at the ends of the column were obtained. The compressive force-based injury mechanism was confirmed with results from previous human cadaver lumbar spine results conducted under the same experimental protocol. The parametric survival analysis using the Weibull distribution was used to develop lumbar spine injury assessment risk curves, and using the ±95% confidence interval bounds, the quality of the risk curves at discrete injury probability levels were calculated for all metrics. At the superior end, at the mid-risk level, the estimated axial force was 14.7 kN, shear force was 2.1 kN, and resultant force was 14.8 kN, and at the 10% risk level, the estimated axial force was 6.7 kN, shear force was 0.9 kN, and resultant force was 6.7 kN. At the inferior end and at the mid-risk level, the estimated axial force was 16.7 kN, shear force was 2.8 kN, and resultant force was 16.8 kN. At the 10% risk level, the estimated axial force was 7.2 kN, shear force was 0.8 kN, and resultant force was 7.3 kN. The confidence intervals and quality of risk curves are reported in the paper. Axial forces were consistently greater than shear forces at both ends, mimicking the injury mechanisms based on fractures reported in clinical and cadaver studies from underbody blast loading scenarios. Injury risk curves at the superior end of the spine were shifted to the left for the axial, shear, and resultant forces compared to the inferior end, confirming the energy absorption and transmittal of the axial force along the spinal column. Resultant forces can be used as injury criteria because shear forces were low. The present survival analysis-based injury assessment risk curves can be used as a preliminary Hybrid III lumbar spinal column injury criteria for improving the Warfighter safety and evaluating current and future military vehicles under vertical impacts."
42370917,Indigenous perspectives of trauma-sensitive yoga using community-based and consensual qualitative frameworks.,2026,"Psychological trauma : theory, research, practice and policy","Indigenous communities endure intergenerational and ongoing traumas. Trauma Center Trauma-Sensitive Yoga (TCTSY) is an empirically supported yoga-based intervention for complex trauma. To become a TCTSY facilitator, candidates complete a 20-hr training followed by a 300-hr certification program. This community-based research documented the first Indigenous TCTSY Facilitator Training Cohort's perspectives on TCTSY's acceptability, feasibility, and utility. Protocols were developed with community partners, and researchers engaged in reflexivity practices and Indigenous cultural learnings. Twenty interviews were conducted with 15 adult interviewees: 14 program participants (13 women) who completed the 20-hr training and one program mentor. From the 14 program participants (11 Great Plains Tribal Nations, with four Tribal citizens and seven descendants), 10 enrolled in the 300-hr training, and three completed the full certification. Interviews were analyzed using the consensual qualitative research method. Most participants reported the training positively impacted their approach to trauma care and some aspects (e.g., body-based modality) aligned with current healing approaches. Common training takeaways included learning about the effects of trauma and the value of invitational language. Participants endorsed intentions to integrate TCTSY for personal and community healing; examples of integration included smudging/burning of medicines (e.g., sage), land-based practice for connection to nature, and intentional movement within ceremony space. Program improvements included additional emphasis on yoga history/philosophy, collaborations with elders, and acknowledgment of current community trauma. A community-based research framework provided opportunities to explore the feasibility, acceptability, and utility of TCTSY for Indigenous communities in a culturally relevant and trauma-informed way. (PsycInfo Database Record (c) 2026 APA, all rights reserved)."
42367537,"Structure, Reliability, and Validity of the Bengali Version of the Pain Catastrophizing Scale in Musculoskeletal Chronic Pain Patients in India.",2026,Cureus,"Elevated pain catastrophizing increases the severity of pain experience. The 13-item Pain Catastrophizing Scale (PCS) can aid in managing chronic pain. Chronic musculoskeletal pain (CMSP) is common among the native Bengali population in India seeking treatment. This study aimed to culturally adapt and psychometrically validate the original PCS under the Consensus-based Standards for the Selection of Health Measurement Instruments (COSMIN) guidelines, with a novel goal to examine the factor structure of pain catastrophizing in native Bengali CMSP patients in India and compare it with the theoretical pain appraisal model. The primary objective of this study was to translate and cross-culturally adapt the original PCS into a Bengali version for use in India (BNGA-IND-PCS). The secondary objective was to examine the psychometric properties of BNGA-IND-PCS in patients with CMSP. The Bengali version of the PCS for India (BNGA-IND-PCS) was created through forward and backward translation, evaluated by a committee of clinical and language experts, and pre-tested in 30 CMSP patients. The sample size was determined from a 10:1 sample-to-item ratio. A total of 253 CMSP patients (pain duration ≥ 6 months) from convenience sampling were included in the cross-sectional observational study to perform psychometric validation, comprising factor structure determination, internal consistency, test-retest reliability, and concurrent validity (pain severity, anxiety, and depression). Confirmatory factor analysis showed that the BNGA-IND-PCS two-factor model (pain reflection and helplessness) provided the best fit with a borderline acceptable root mean square error of approximation of 0.06. Internal consistency (Cronbach's α = 0.921) and test-retest reliability (intra-class correlation coefficient = 0.852, 95% CI: 0.772-0.903) of total BNGA-IND-PCS scores were good to excellent and adhered to the COSMIN criteria. Total BNGA-IND-PCS scores moderately correlated with pain severity, anxiety, and depression (r = 0.406-0.549, p < 0.01). The PCS translation and cross-cultural adaptation into Bengali demonstrated a two-factor structure and good-to-excellent psychometric properties in a single-sample validation. Future studies with large-scale patient samples are required to test the ""ecological validity"" under clinical settings."
42363264,A pilot study investigating the feasibility of a positive body image yoga intervention for men and women across adulthood.,2026,Pilot and feasibility studies,"Yoga interventions have been shown to promote positive body image, although these studies have focused predominantly on young women. The purpose of this pilot study was to evaluate the feasibility and acceptability of a positive body image yoga intervention in a sample of men and women across the adult lifespan and to examine the potential changes in body image following the intervention. Sixty-two adults (≥18 years of age) who were not engaging in yoga and scored a 4 or lower on a measure of body appreciation (to avoid ceiling effects) were recruited from a small Canadian city. Participants were randomly assigned to an in-person 10-week yoga or waitlist control group. Participants self-reported demographic information; they completed body image measures online at baseline, 5 weeks, and program end. Study adherence, retention, and dropout rates were measured at program end to assess feasibility and acceptability. A total of 195 individuals contacted us with interest in the study, of which 82 (42%) were eligible. Fifty-seven participants were randomized (Mage of the sample was 52 years; 93% identified as White and 86% identified as a woman). Measures of feasibility (4.82/5 yoga, 3.42/5 control), acceptability (4.80/5 yoga, 3.33/5 control), and appropriateness (4.82/5 yoga, 3.35/5 control) supported the feasibility of the intervention condition. Secondary indicators of feasibility were also assessed. Twenty-one participants attended at least one yoga class, with mean attendance at the yoga classes 79%. All classes were delivered as intended. Sixteen (57%) and 18 (62%) participants in the yoga and control group, respectively, completed measures at all three time points. There was a total of 12 dropouts and 11 dropouts in the yoga and control group, respectively. There were improvements in functionality appreciation (η<sup>2</sup><sub>p</sub> = .168) and body satisfaction with body function (η<sup>2</sup><sub>p</sub> = .105) in favor of those in the yoga intervention group. This pilot study provided insight into conducting a fully randomized controlled trial of a yoga program to improve positive body image in men and women across the adult lifespan. Although some changes, particularly to the recruitment of men and younger individuals, are necessary in subsequent studies, in general the yoga program was feasible to deliver and acceptable to participants. Changes to the control group to make it more acceptable would be beneficial. Exploratory analysis indicated the program could improve positive body image facets. NCT05899881. First submitted on May 24, 2023. First posted on June 12, 2023."
42362874,Effects of recreational yoga on emotional and autonomic health among nursing home residents.,2026,Scientific reports,"Depression, reduced leisure satisfaction, and impaired autonomic regulation are common among older adults living in nursing homes. Non-pharmacological interventions such as yoga are increasingly recognized for their potential to improve both mental and physical health. This study aimed to investigate the effects of recreational therapy-based yoga on depression, leisure time satisfaction, and heart rate variability (HRV) in individuals aged ≥ 65 years residing in a nursing home. A randomized controlled experimental design was used. The study included 36 participants (18 in the experimental group and 18 in the control group) aged ≥ 65 years. The experimental group participated in yoga sessions for 45-60 min, twice weekly for 10 weeks, while the control group received no intervention. Data were collected using a Personal Information Form, Geriatric Depression Scale-15, Leisure Time Satisfaction Scale, and the Polar H10 heart rate monitor to assess HRV parameters. Based on the results of normality and homogeneity tests, appropriate parametric (dependent and independent samples t-tests) and non-parametric tests (Wilcoxon signed-rank and Mann-Whitney U tests) were applied. Post-test results showed a significant decrease in depression levels, a notable improvement in leisure time satisfaction, and positive changes in HRV parameters in the experimental group compared to the control group. These findings suggest enhanced parasympathetic activity and emotional well-being in participants who engaged in yoga. Recreational therapy-based yoga may be an effective intervention for improving mental health, leisure satisfaction, and autonomic function among older adults in institutional settings. This low-cost, accessible approach holds promise as a complementary therapy for enhancing the quality of life in elderly populations."
42361091,"Comparative performance of invasive, semi-invasive, and non-invasive insulin resistance-related indices across prediabetes and normoglycemia.",2026,PloS one,"Insulin resistance, a defining abnormality in the development of type 2 diabetes, often emerges silently during prediabetes. This study evaluated the comparative performance of multiple insulin resistance-related indices across adults with prediabetes and normoglycemia. A cross-sectional analysis was conducted among 100 adults aged 25-55 years, equally divided between the two glycemic groups. Twenty-five candidate indices were examined, spanning blood-based indices, lipid-anthropometry combinations, and non-invasive anthropometric and body-composition measures, including several newly derived indices. Correlation analysis was performed to assess the relationship between candidate indices and the Homeostasis Model Assessment for Insulin Resistance, followed by logistic regression and receiver operating characteristic curve evaluation for indices showing significant correlations. Individuals with prediabetes demonstrated significantly higher adiposity and differences in metabolic parameters compared to individuals with normoglycemia (p < 0.05 for most variables). Seventeen of the twenty-five candidate indices showed significant correlations with the Homeostasis Model Assessment for Insulin Resistance. Among laboratory-based indices, the triglyceride-glucose index and the homeostasis model assessment showed good discriminative performance. Within lipid-anthropometry combinations, the triglyceride-glucose waist-to-height ratio and triglyceride-glucose waist circumference provided the best performance, each yielding an area under the curve of approximately 0.79. Several non-invasive indices also demonstrated good comparative performance. The bioimpedance-based somatotype adiposity index showed the highest overall performance among individual indices, with an area under the curve of 0.82, sensitivity of 78 percent, specificity of 80 percent, and an adjusted odds ratio of 14.9. These findings suggest that selected non-invasive anthropometric and body-composition indices may provide a practical and low-cost approach for assessing metabolic alterations associated with insulin resistance across glycemic groups, although further validation is required."
42361089,Harnessing hawthorn (<i>Crataegus</i> spp.) for cardiovascular health: a timely shift toward phytotherapy.,2026,Natural product research,
42360361,Role of individualized intervention(s) on quality of life and adherence to adjuvant endocrine therapy in premenopausal women with early-stage breast cancer: MyCHOICE study.,2026,Breast cancer research and treatment,"Premenopausal women receiving combination endocrine therapy often experience substantial declines in quality of life (QOL), cognitive functioning, and treatment adherence. The MyChoice study evaluated whether individualized behavioral and complementary interventions could help maintain or improve QOL and treatment adherence in women with early-stage hormone receptor-positive breast cancer undergoing aromatase inhibitor- or tamoxifen-based therapy with ovarian suppression. In this prospective multicenter phase II study, premenopausal women with newly diagnosed hormone receptor-positive breast cancer were enrolled prior to initiation of combination endocrine therapy. Tailored supportive interventions, including structured exercise programs, restorative yoga, acupuncture, and massage therapy, were offered, and women could choose one or more interventions either alone or in combination. QOL and cognitive function were assessed at baseline, 3 months, and every 6 months for up to 3 years using FACT-B, FACT-ES, and FACT-Cognitive Function instruments. Adherence to endocrine therapy was assessed at each follow-up visit using physician-conducted patient interviews and pharmacy refill records. Longitudinal changes in QOL and their demographic and clinical predictors were analyzed using linear mixed-effects models. Forty premenopausal women participated, with a median age of 43 years. Exercise was the most frequently selected intervention (61%), followed by massage therapy (44%), acupuncture (35%), and yoga (30%). Functional well-being improved significantly over time (1.65 points per year, p = 0.0005). Emotional well-being, social/family well-being, physical well-being, endocrine symptoms, and perceived cognitive abilities remained stable. Adherence to endocrine therapy was high at 92.5% over the follow-up period. In multivariable analyses, younger age (< 35 years) was associated with less favorable outcomes across several domains, including lower FACT-ES scores and lower physical well-being. Individualized, patient-selected supportive interventions may help maintain key aspects of quality of life and support adherence to endocrine therapy in premenopausal women with early-stage breast cancer. These findings support further evaluation in larger, controlled trials."
42354650,Investigation of the Effectiveness of Mindfulness-Based Yoga Training in Individuals with Fibromyalgia: A Randomized Controlled Trial.,2026,"Healthcare (Basel, Switzerland)","<b>Background:</b> Fibromyalgia is a chronic condition characterised by widespread pain, fatigue, sleep disturbances, and psychological symptoms. Mindfulness-based approaches are increasingly used as complementary interventions for symptom management. This study aimed to investigate the effectiveness of mindfulness-based yoga (MBY) delivered via telerehabilitation in individuals with fibromyalgia. <b>Methods:</b> This trial included 64 women with fibromyalgia who were randomly assigned to an 8-week mindfulness-based yoga program delivered via telerehabilitation or active control group including walking and physiotherapy modalities. Both groups received patient education at the outset. Assessments were conducted before and after the intervention. Outcome measures included fatigue, anxiety, depression, sleep quality, symptoms associated with central sensitization, kinesiophobia, pain intensity, mindfulness level, impact of fibromyalgia on life, biopsychosocial status, and pain catastrophising. Data were analyzed using mixed-design analysis of variance (ANOVA), with additional <i>t</i>-tests and analysis of covariance (ANCOVA) conducted for post hoc analyses. <b>Results:</b> Compared to the control group, the mindfulness-based yoga (MBY) group showed more pronounced improvements in terms of fatigue, anxiety, symptoms associated with central sensitization, biopsychosocial status, symptom severity, catastrophising about pain, ruminative thoughts about pain, and cognitive dimensions of pain. Although no significant differences were found between groups for other variables, intra-group improvements were observed in the MBY group. <b>Conclusions:</b> It was concluded that the MBY intervention administered via telerehabilitation is a viable complementary approach to traditional treatments in reducing the symptom burden of fibromyalgia. It was thought that the effectiveness of the research could be increased by conducting studies involving long-term follow-up assessments and investigating the integration of different mindfulness-based telerehabilitation interventions into the clinical setting."
42354561,Yoga and High-Intensity Interval Training Show Comparable Effects on HbA1c in Type 2 Diabetes: A Systematic Review and Preliminary Pilot Network Meta-Analysis in Adult Populations.,2026,"Healthcare (Basel, Switzerland)","<b>Background/Objectives</b>: Exercise is pivotal for glycemic control in type 2 diabetes mellitus (T2DM), yet the relative efficacy of various exercise modalities remains inconclusive. This network meta-analysis aimed to evaluate and provide a preliminary ranking of exercise interventions on HbA1c levels in adults with type 2 diabetes mellitus, to facilitate clinically relevant network comparisons and to generate evidence for future large-scale comparative trials. <b>Methods</b>: A systematic review and network meta-analysis were conducted in accordance with PRISMA guidelines. Electronic databases (PubMed, MEDLINE, Cochrane Library, CINAHL, and ProQuest) were searched from inception to Dec 2024. Randomized controlled trials evaluating exercise interventions in adults with T2DM were included. Risk of bias was assessed independently by two reviewers using the JBI critical appraisal tool. The primary outcome was the change in HbA1c level. <b>Results</b>: Six randomized controlled trials involving a total of 511 participants (256 in the treatment group and 255 in the control group) were included in the final analysis. Both high-intensity interval training (MD = -0.322; 95% CI: -0.559 to -0.084; <i>p</i> = 0.008) and yoga (MD = -0.366; 95% CI: -0.534 to -0.198; <i>p</i> < 0.001) significantly reduced HbA1c compared with the active control. Although the preliminary ranking analysis suggested a higher probability of effectiveness for yoga (SUCRA 1) than for HIIT (SUCRA 0.5), the indirect comparison revealed no statistically significant difference in HbA1c reduction between the two interventions (MD = -0.044; 95% CI: -0.335 to 0.247; <i>p</i> = 0.766). <b>Conclusions</b>: These findings provide preliminary, evidence-generating; however, given the sparse network and absence of head-to-head trials, the treatment hierarchy should be interpreted with extreme caution and selected based on patients' preferences and tolerance. Registration: PROSPERO [CRD42025650162]."
42354260,Preventing Musculoskeletal Strain in Dental Training: Effects of a Movement-Based Intervention.,2026,International journal of environmental research and public health,"Work-related musculoskeletal disorders (WMSDs) are highly prevalent among dental professionals and often begin during clinical training. Preventive strategies within dental education remain limited. This study aimed to evaluate the effects of integrating a structured yoga-based programme into postgraduate dental training on musculoskeletal symptoms, perceived stress, and resilience. A randomized controlled pilot study was conducted in which participants were allocated to either an intervention group undertaking a 12-week yoga programme (one session per week) or a control group continuing usual clinical activities. Musculoskeletal symptoms were assessed using the adapted Nordic Musculoskeletal Questionnaire (NMQ) recall measure, while psychological outcomes were assessed using the Perceived Stress Scale (PSS-10) and the Connor-Davidson Resilience Scale (CD-RISC-10). Over the study period, musculoskeletal symptom scores decreased in the intervention group, whereas they remained relatively stable in the control group. Significant Group × Time interactions were observed for the primary musculoskeletal outcomes. No significant differences were found for work-related impairment, perceived stress, or resilience. These preliminary findings suggest that structured movement-based interventions may represent a potentially feasible preventive approach within dental training environments to address early occupational musculoskeletal strain. Further research with larger samples and longer intervention periods is needed to confirm these findings."
42348866,"Beyond the bladder: incontinence-specific, physical, and psychological contributors to sexual function in women with urinary incontinence.",2026,The journal of sexual medicine,"Urinary incontinence (UI) can interfere with sexual activity in women, yet sexual function may be shaped by a more complex interplay of physical and psychological factors in women with frequent UI. We aimed to assess the associations of incontinence-specific, physical function-related, and psychological factors with multidimensional sexual function in midlife and older women with UI. We conducted ancillary analyses of sexual function data from a multicenter randomized trial of a pelvic floor yoga intervention versus physical conditioning intervention in women aged 45 years or older with at least daily UI. Urinary incontinence symptoms were assessed using validated voiding diaries at baseline and 6, 12, 24, and 36 weeks. Physical and psychological function were assessed by standardized performance tests and questionnaires (including the Patient-Reported Outcomes Measurement Information System physical function profile short-form, 2-minute step testing, Center for Epidemiological Studies Depression scale, and Hospital Anxiety and Depression Scale-Anxiety Subscale). Sexual function was evaluated using the Pelvic Organ Prolapse/Incontinence Sexual Questionnaire, IUGA-Revised scales for condition-specific impact on sexual activity (CS), condition-specific impact on sexual quality (CI), and global sexual quality rating (GQ). Repeated-measures mixed linear regression models were used to compare mean sexual function scores across different incontinence-specific, physical, and psychological factors, while adjusting for the influence of all other factors. Of the 240 participants, 129 (54.7%) were sexually active at baseline. Among sexually active participants, UI frequency was associated with worse mean CS scores (90.9 vs. 86.9 vs. 86.2, P = .03), depression symptoms were associated with worse CS scores (89.8 vs. 86.2, P = .049), and anxiety symptoms were associated with worse CI scores (82.0 vs. 77.1, P = .04). Among non-sexually active participants, depression symptoms were associated with worse GQ (35.0 vs. 44.8, P = .01) and CI scores (7.9 vs. 18.5, P = .01), and lower physical function was associated with worse CI scores (18.1 vs. 12.2 vs. 9.3, P = .04). No significant differences in sexual function were associated with clinical type of UI (eg, urge-dominant, stress-dominant) after adjustment for physical or psychological factors. Even among women with daily UI, incontinence-specific factors were not major determinants of sexual function, nor was their physical function status. Instead, variations in sexual function were more consistently associated with psychological function. Recognizing sexual function and UI concerns as distinct processes and addressing overlapping psychological symptoms may offer the greatest value in women with poor sexual function and UI.Clinical trial registration number: NCT03672461."
42347780,Mechanisms driving change in perceived social support and compassion among survivors of human trafficking participating in a group-based mind-body intervention: Findings from the healing and resilience after trauma project.,2026,"Psychological trauma : theory, research, practice and policy","Yoga is rapidly gaining popularity as a mind-body intervention with notable benefits on both physical and mental health for survivors of traumatic experiences, such as human trafficking. Among trauma survivors, yoga is associated with significant improvements in psychological symptoms and social functioning. However, little is known about the specific mechanisms through which mind-body practices improve social functioning. In this study, we assessed changes in perceived social support and compassion among female human trafficking survivors (<i>N</i> = 10) in Kampala, Uganda, who participated in a mind-body intervention in a shelter setting. Quantitative survey measures indicate increases, though not statistically significant, in perceived social support and compassion toward others. We also conducted a qualitative analysis of interviews with intervention participants. Qualitative findings highlight the importance of having structured opportunities to interact with fellow survivors and opportunities to discuss prior traumatic experiences that may or may not have been related to human trafficking. Findings from this study have important implications for the utilization of mind-body interventions among trauma survivors. (PsycInfo Database Record (c) 2026 APA, all rights reserved)."
42347582,"""You Focus Only on Your Breath and Heart"": Experiences of Individuals With Mental Disorders Participating in Nurse-Led Group Yoga Practice in an Inpatient Psychiatric Unit.",2026,Journal of psychosocial nursing and mental health services,"To explore the experiences of individuals with mental disorders participating in a nurse-led group yoga practice in an acute psychiatric inpatient setting. A descriptive qualitative design was used. The study sample comprised patients with mental disorders hospitalized in a psychiatric unit of a university hospital in Türkiye; 26 patients participated in the yoga program, and interviews were conducted with 14 participants who attended at least eight sessions over 4 weeks. Data were collected through semi-structured interviews and analyzed using reflexive thematic analysis informed by a analytic framework. Four main themes emerged: <i>Emotional and Mental Well-Being, Reflecting Relaxation, Emotional Regulation, and Enhanced Self-Awareness</i>; <i>Physical Effects and Body Awareness</i> (including increased bodily awareness and breath control); <i>The Power of Shared Experience</i> (highlighting motivation and social connectedness fostered through group practice); and <i>Challenges and Recommendations</i> (addressing physical strain, environmental limitations, and suggestions for structured and supportive implementation). Nurse-led group yoga appears to be a holistic and supportive intervention for psychiatric inpatients, improving psychological well-being, physical awareness, and social connectedness. Integrating structured, nurse-led yoga sessions into psychiatric wards can promote recovery-oriented, holistic care."
42347460,Interventions Related to Menstrual Health and Menstrual-Cycle-Associated Symptoms in Female Athletes: Implications for Recovery and Athletic Performance.,2026,"Sports (Basel, Switzerland)","Menstrual-cycle-associated symptoms and menstrual health conditions are common among female athletes and may influence recovery, perceived readiness, training availability, and athletic performance. However, evidence regarding interventions aimed at managing these symptoms and their functional implications in athletes remains limited and heterogeneous. The objective of this study is to synthesize the available evidence on pharmacological and non-pharmacological interventions related to menstrual health and menstrual-cycle-associated symptoms in female athletes and to evaluate their impact on performance, recovery, functional capacity, and symptom burden. A systematic review with narrative synthesis was conducted following PRISMA 2020 guidelines. Studies evaluating interventions associated with menstrual health or menstrual-cycle-related symptoms in female athletes were included when they reported outcomes related to athletic performance, recovery, functional capacity, or symptom burden. Five studies published between 2023 and 2025 were included. The interventions evaluated included hormonally related strategies involving oral contraceptive timing, recovery interventions such as cryotherapy, mindfulness-based yoga, nutritional supplementation, and pharmacological pain-modulation approaches. However, findings regarding objective athletic performance outcomes were inconsistent, and the included studies showed substantial methodological heterogeneity. The available evidence suggests that certain interventions related to menstrual health may contribute to improvements in symptom burden, perceived recovery, or selected functional outcomes in female athletes. Nevertheless, the current evidence base remains limited, heterogeneous, and insufficient to support strong performance-related recommendations. Further high-quality studies specifically designed in female athlete populations are needed to inform evidence-based sports medicine practice."
42345251,The efficacy of mindfulness based interventions in mitigating stress and fostering enhanced mindfulness among higher education students.,2026,The Journal of general psychology,"Higher education students face unique stressors, including academic pressure, social challenges, and life transitions. These stressors can affect their mental health, academic performance, and overall well-being. Research has shown that high levels of stress can lead to anxiety, depression, poor sleep quality, and decreased academic motivation. This study investigates the effectiveness of an 8-week mindfulness-based stress reduction (MBSR) among students at the University of Hyderabad, India. Using an experimental research design, 50 students were randomly assigned to either an experimental group, which participated in weekly MBSR sessions supplemented with daily at-home practices, or a control group that received no intervention. Stress levels and mindfulness were assessed pre- and post-test-intervention using the Perceived Stress Scale (PSS) and the Five Facet Mindfulness Questionnaire (FFMQ). The findings revealed a significant reduction in stress levels (<i>p</i> = 0.038) and substantial improvements in mindfulness dimensions, including observing, describing, acting with awareness, nonjudging, and nonreactivity, among the experimental group compared to the control group (<i>p</i> < 0.001). Large effect sizes highlighted the intervention's effectiveness in promoting mindfulness, self-awareness, and stress management. This research highlights the potential of mindfulness-based programs as accessible, noninvasive strategies to enhance students' mental health and academic performance. The study suggested that for integrating mindfulness practices into student support services and curricula, it is helpful to emphasiz cultural adaptations such as yoga to increase engagement and acceptance. Future research should explore the long-term effects of mindfulness interventions on academic outcomes and overall life satisfaction, contributing to sustainable mental health solutions in higher education."
42344431,An MR-Neuroimaging Study of Structural and Vascular Brain Networks in Elderly Adults with Obesity and Diabetes who Practice Structural Yoga.,2026,F1000Research,"Obesity and type 2 diabetes mellitus (T2DM) are associated with accelerated brain atrophy, white matter microstructural disruption, and resting-state functional network dysconnectivity in elderly adults, driven by converging vascular, neuroinflammatory, and insulin-resistance mechanisms. Yoga is a recognized mind-body intervention with documented benefits for glycaemic control, vascular health, and neurocognitive function; however, no study has yet employed multimodal MR neuroimaging to systematically characterize these brain alterations in an elderly obese-diabetic population or to evaluate yoga-induced neuroplasticity within this cohort. This three-phase, prospective protocol will be conducted at Kasturba Hospital and the Center for Integrative Medicine and Research, Manipal Academy of Higher Education, Manipal, India. Phase 1 is a case-control study (n = 80; 40 obese-diabetic, 40 obese-non-diabetic; age 60-80 years) employing carotid Doppler ultrasonography, T1-weighted voxel-based morphometry and region-of-interest segmentation (SPM12/CAT12/AAL3), diffusion tensor imaging with ROI-based tractography (ExploreDTI), and resting-state fMRI (CONN toolbox), alongside the Eriksen Flanker and N-Back cognitive tasks. Phase 2 involves the systematic development and expert content-validation of a structured, AYUSH-compliant yoga module tailored for elderly obese-diabetic adults. Phase 3 applies the validated module in a 6-month pre-post intervention, with objective adherence monitoring via triaxial accelerometry and repeat of the full Phase 1 neuroimaging and cognitive battery. This protocol addresses a critical gap in the yoga-neuroimaging literature by providing a multimodal, multi-phase framework to characterize neurovascular disease burden and evaluate structured yoga as a neurobiologically informed lifestyle intervention in a high-risk elderly population. Findings will inform AYUSH clinical guidelines, geriatric NCD prevention programs, and future randomized controlled trials."
42344413,Comparative Effectiveness of Mind-Body Exercise Modalities on Pain Intensity and Fatigue in Patients with Non-Neuropathic Cancer-Related Pain: A Systematic Review and Network Meta-Analysis.,2026,Journal of pain research,"Cancer-related pain (CRP) is a prevalent issue among cancer survivors, especially during extended periods of survivorship. Existing therapeutic approaches for CRP present certain limitations. To investigate safe and accessible non-pharmacological interventions that may reduce both pain and fatigue, we performed a network meta-analysis (NMA) to compare various Mind-Body Exercises (MBEs) in cancer survivors experiencing CRP, excluding cases of neuropathic pain. We systematically searched eight databases for randomized controlled trials (RCTs) assessing MBEs in adult patients with CRP. Data extraction was conducted using standardized forms. The Cochrane Risk of Bias tool was employed to evaluate study quality, and the certainty of evidence was appraised using the Grading of Recommendations Assessment, Development and Evaluation (GRADE) framework. The primary outcome was pain intensity, with fatigue as the secondary outcome. Both pairwise meta-analyses and the NMA were performed using random-effects models. Treatment rankings were derived from the surface under the cumulative ranking curve (SUCRA). Fourteen eligible RCTs, comprising 1070 participants, were included in the analysis. For pain intensity, Qigong had the highest SUCRA value (98.6%) and was associated with greater reductions in pain than Pilates (SMD = -2.16, 95% CI: -3.90 to -0.42), dance (SMD = -2.31, 95% CI: -4.27 to -0.35), and yoga (SMD = -2.36, 95% CI: -4.07 to -0.64). Taichi was also associated with greater pain reduction than standard exercise (SMD = -1.18, 95% CI: -1.88 to -0.48). For fatigue, Qigong ranked first based on SUCRA (94.7%) and showed a favorable effect compared with usual care (SMD = -1.30, 95% CI: -2.59 to -0.01). Within the limited and mainly breast cancer-based evidence, Qigong showed the most favorable ranking probabilities for pain intensity and fatigue in patients with predominantly non-neuropathic CRP. However, these findings should be interpreted with caution and regarded as exploratory rather than definitive evidence of clinical superiority. Taichi showed relatively more stable evidence for pain relief, although the overall certainty of evidence remained limited."
42344093,Strengthening the Leader Within: A Deep Dive into Impact of Yoga on Various Leadership Traits - A Narrative Review.,2026,Indian journal of community medicine : official publication of Indian Association of Preventive & Social Medicine,"Yoga, with its deep roots in Indian tradition, transcends physical exercise to encompass a holistic approach to health, self-awareness, and purposeful living. Its integration into leadership development has gained global recognition, with yoga shown to enhance traits such as emotional intelligence, communication, resilience, and ethical decision-making. Leadership theories, from Trait and Skills to Transformational models, provide a framework to understand how yoga-based practices strengthen self-leadership, team dynamics, and organizational culture. This article synthesizes insights from ancient yogic philosophy and contemporary leadership theories, supported by recent empirical evidence, systematic reviews, and randomized controlled trials. The authors applied a narrative review approach, examining primary sources from Indian scriptures alongside modern psychological and organizational research. Leadership traits such as self-regulation, communication, conflict resolution, delegation, time management, and decision-making were analyzed in relation to yoga practices including mindfulness, pranayama, and asanas. Global advisories, including WHO workplace health frameworks and United Nations initiatives, were also reviewed to contextualize policy relevance. Findings highlight yoga's multi-dimensional benefits across leadership domains. At the self-level, yoga enhances self-awareness, stress resilience, and clarity. Within teams, it strengthens empathy, trust, and cohesion, facilitating conflict resolution and collaboration. At the organizational level, yoga fosters visionary thinking, ethical decision-making, adaptability, and sustainable leadership aligned with social and ecological well-being. Meta-analyses and RCTs substantiate its efficacy in reducing stress (Hedges' <i>g</i> ≈ 0.55), and improving cognition and emotional intelligence, validating yoga's role as a transformative leadership tool. Yoga-inspired leadership offers a balanced, compassionate, and resilient approach to navigating modern organizational challenges. By cultivating authenticity, ethical integrity, and holistic well-being, yoga empowers leaders to align personal growth with organizational success. Integrating yoga principles into leadership training and organizational policy can strengthen resilience, promote inclusive cultures, and advance sustainable development."
42344046,"Use of traditional, complementary and integrative medicine in Berlin: baseline results from a substudy of the German National Cohort (NAKO).",2026,BMJ public health,"Traditional, complementary and integrative medicine (TCIM) is widely used yet population-based data on user characteristics remain scarce in Germany. We aimed to describe patterns of non-pharmacological TCIM use and user profiles in the German National Cohort (NAKO). The NAKO baseline assessment (2017-2019) at the Berlin inner-city study centre included a self-report questionnaire on the use of seven non-pharmacological TCIM modalities in the last year. TCIM user groups were defined a priori using expert-based knowledge and exploratively through hierarchical clustering. Groups were compared descriptively based on sociodemographic factors and medical history. Associations with chronic pain disorders, pain medications, mental health indicators and time-limiting factors were analysed for the binary and ordinal outcomes of TCIM use. Among 1970 participants, 1029 (52.2%) used TCIM in the last year, most commonly meditation (26.8%), chiropractic (24.8%) and yoga (21.8%). Compared with never users, frequent TCIM users were more often female (63.5%), reported slightly higher rates of mental health problems (7.6% and 15.2% vs 6.1%) and more frequent chronic conditions, including osteoarthritis (10.6% and 11.1% vs 2.7%) and back pain (26.6% and 31.7% vs 16.0%). Supplement use was strikingly more common among TCIM users (43.7% vs 20.9%). In this population-based Berlin sample, TCIM users combined higher prevalence of chronic disease with greater engagement in preventive practices, notably supplement use, suggesting an attempt to seek solutions for chronic problems alongside conventional medical care or a preventive health orientation. Integrating TCIM awareness into prevention and chronic care could better align clinical practice with already existing patients' usage."
42343369,Assessment of the knowledge and awareness among general medical practitioners toward dental intervention in diagnosing and treating obstructive sleep apnea: a cross-sectional study.,2026,BMC oral health,"Obstructive Sleep Apnea (OSA), one of the most common sleep disorders, is associated with a large amount of morbidity to both the heart and metabolic function. Continuous Positive Airway Pressure (CPAP) remains the gold standard treatment for patients with OSA. In contrast, Dental treatments such as Mandibular Advancement Devices (MADs) are considered well-established alternatives for certain patients. Since General Practitioners (GPs) often initiate the diagnostic and therapeutic management of these patients, the extent of their understanding of dental and craniofacial management options remains unclear. An electronic cross-sectional survey was conducted among licensed Medical Practitioners from both the Allopathic and AYUSH (Ayurveda, Yoga & Naturopathy, Unani, Siddha, Sowa-Rigpa, and Homeopathy) streams. A 15-question questionnaire was used to assess four domains: (1) Aetiology, (2) Diagnosis, (3) Treatment, and (4) Referral Practices. Responses (""Agree,"" ""Disagree,"" ""Not aware"") were recorded and converted to a binary system for analysis, where Agree equals 1 and Disagree/Not aware equals 0. Descriptive statistics and Chi-square tests will help analyse the variation between domains at a statistically significant level (p < 0.05). Diagnostic awareness was moderate, with 57.6% identifying polysomnography (PSG) as the gold standard test. There was a deficiency in knowledge on the available treatment options: only half of them recognized MADs as efficient. The composite scoring provided a moderate knowledge score (6.72 ± 3.08) and significantly lower mean awareness score (1.79 ± 0.73). There was great heterogeneity between domains (χ2 = 127.31, df = 36, p = 0.0001) as familiarity with dental and craniofacial and referral-related aspects of OSA care was inconsistent. GPs showed a greater level of awareness of general diagnostic concepts compared to craniofacial risk factors, oral appliance therapy, or interdisciplinary referral pathways. Specific educational programs and organized medical-dental partnership models should be established in order to enhance integrated management of OSA."
42342084,Impact of physical exercise interventions on post-traumatic stress disorder symptoms: A systematic review and meta-analysis.,2026,Complementary therapies in medicine,"Physical exercise has received increasing attention as a complementary approach for managing post-traumatic stress disorder (PTSD). Nevertheless, evidence regarding its effectiveness across different exercise modalities and populations remains mixed. This systematic review and meta-analysis synthesizes findings to assess the impact of structured exercise programs on PTSD symptom severity and to explore potential moderators. Searches of PubMed, Embase, Web of Science, the Cochrane Library, and EBSCOhost-SportDiscus were conducted from inception to 27 September 2025. We included randomized controlled trials in which participants receiving an exercise intervention were compared with those receiving usual care or a control condition without structured physical activity. Subgroup analyses were conducted based on exercise type, participant characteristics, and outcome measures. In addition, a random-effects meta-regression was used to examine whether the total supervised training duration influenced treatment efficacy. Sixteen randomized controlled trials involving 663 participants met the inclusion criteria. Pooled findings indicated that exercise interventions were associated with a significant reduction in PTSD symptoms (Hedges' g = -0.49, 95% CI -0.76 to -0.22). Subgroup analyses suggested that yoga-based interventions and studies involving military populations showed larger effect sizes; however, differences between subgroups were not statistically significant. Training duration did not significantly moderate the treatment outcome. This review provides evidence that physical exercise can effectively reduce PTSD symptoms. Beneficial effects were observed across different exercise modalities and populations, although no statistically significant subgroup differences were identified. These findings support structured exercise as a promising and scalable component of PTSD treatment strategies."
42341277,Mandela Yoga Group Medical Visit: A Culturally Resonant Public Health Intervention for Diverse Communities With Chronic Medical Conditions.,2026,American journal of public health,"Mandela Yoga Project aims to improve health outcomes and reduce costs for communities with lived experience of chronic illness and systemic racism. Codeveloped with diverse staff at a safety-net health center, the Mandela Yoga Group Medical Visit model was piloted (n = 32) in two five- to six-week groups for patients with multiple chronic conditions. We report qualitative and quantitative findings (reduced pain, increased belonging, healing relationships), and discuss systems alignment to scale this peer-led, trauma-informed, culturally resonant public health intervention. (<i>Am J Public Health</i>. 2026;116(S3): S138-S142. https://doi.org/10.2105/AJPH.2026.308594)."
42338876,A Comparison Between Lifestyle Interventions and Usual Care Among Indian Adults With Hypertension: A Systematic Review and Meta-Analysis.,2026,Cureus,"Cardiovascular diseases (CVDs) rank among the leading causes of global mortality, with high systolic blood pressure (SBP) being a primary driver. In low- and middle-income countries (LMICs) like India, rising hypertension prevalence and limited healthcare access necessitate effective, scalable, and culturally relevant management strategies. This systematic review and meta-analysis (SRMA) aimed to evaluate the clinical effectiveness of various non-pharmacological lifestyle interventions compared to usual care among Indian adults with hypertension or pre-hypertension. Following the PRISMA (Preferred Reporting Items for Systematic Reviews and Meta-Analyses) guidelines, a comprehensive search of databases, including PubMed, Google Scholar, and Cochrane, was conducted for studies published between January 2000 and December 2025. The inclusion criteria focused on randomized controlled trials (RCTs) and observational studies involving Indian adults (≥18 years) with primary hypertension. Data were synthesized using a narrative review and a random-effects meta-analysis (using R software) for studies with extractable blood pressure outcomes. Fourteen studies (N = 1,547 participants) met the inclusion criteria, evaluating yoga (e.g., pranayama, meditation), aerobic exercise, dietary salt reduction, and multi-component lifestyle programs. A meta-analysis of seven RCTs revealed that lifestyle interventions significantly reduced SBP by an average of 4.78 mmHg (95% confidence interval (CI): -6.17 to -3.39) and diastolic blood pressure (DBP) by 2.06 mmHg (95% CI: -3.11 to -1.02) compared to usual care. Yoga and meditation-based approaches demonstrated the largest clinical reductions in blood pressure. Statistical heterogeneity was low for SBP (I² = 0%) and moderate for DBP (I² = 16.7%). Lifestyle interventions, particularly yoga-based and physical activity programs, are effective adjuncts to standard pharmacological therapy for hypertension in India. These low-cost, non-invasive strategies offer significant potential for integration into national non-communicable disease control programs aimed at reducing cardiovascular risk."
42338734,Comparative effects of structured exercise protocols on depression and anxiety symptoms: a network meta-analysis.,2026,Frontiers in psychiatry,"To systematically compare the intervention effects of eight common structured exercise modalities on depressive and anxiety symptoms in adults using a network meta-analysis approach, providing evidence-based insights for developing precision exercise prescriptions in mental health. A computer search was conducted across PubMed, Web of Science, Embase, and the Cochrane Library databases, covering the period from the database establishment to March 31,2026. Randomized controlled trials comparing different exercise modalities for treating adult depressive or anxiety symptoms were included. Literature quality was assessed using the Cochrane Collaboration's Bias Risk Assessment Tool (Revised Version), with statistical analyses performed using Stata 19.0 and RevMan 5.4. The standardized mean difference (SMD) was used as the effect measure, consistency was evaluated by the node splitting method, and the cumulative rank-sum area under the curve (SUCRA) was calculated to rank intervention efficacy. Publication bias was assessed and corrected using the trimming method and meta-regression. A total of 22 studies involving 23 randomized controlled trials with 1,830 participants were included, encompassing eight exercise modalities: yoga, Tai Chi, Pilates, resistance training, aerobic exercise, combined exercise, high-intensity interval training, and moderate-intensity continuous training. Traditional meta-analysis demonstrated that exercise intervention groups showed significantly better improvements in both depressive symptoms (SMD = -0.67,95% CI: -0.97 to-0.37) and anxiety symptoms (SMD = -0.77,95% CI: -1.12 to-0.41) compared to the control groups (both P <0.001). The network meta-analysis results demonstrated that all exercise modalities were effective. In the SUCRA probability ranking, yoga ranked first in both depression (SUCRA = 68.8%) and anxiety (SUCRA = 72.2%) improvement. However, the differences in effect sizes between yoga and moderate-intensity continuous training (MICT) or high-intensity interval training (HIIT) were not statistically significant (all 95% confidence intervals included 0), indicating no clear superiority among the three interventions; thus, this ranking should be regarded as exploratory rather than confirmatory evidence. The top three interventions for depression symptom improvement were yoga, MICT (56.7%), and HIIT (54.6%), while the top three for anxiety symptom improvement were yoga, HIIT (57.4%), and MICT (56.2%). Subgroup analyses revealed no statistically significant moderating effects of intervention duration or age (all P>0.05), although the effect sizes were larger in the elderly group (≥60 years) compared to other age groups. Consistency testing indicated a reliable evidence network (P>0.05). Egger's test suggested potential publication bias (depression P = 0.017, anxiety P = 0.010), but the meta-analysis did not incorporate missing studies, and meta-regression did not detect small-sample effects; the direction and significance of the effects remained unchanged, rendering the conclusions robust. Different exercise modalities exhibit beneficial effects on both depression and anxiety symptoms. Yoga, MICT, and HIIT all demonstrated significant potential in alleviating both symptoms; however, the differences in efficacy among the three interventions were not statistically significant, making them all viable prioritized exercise modalities in clinical practice. Clinical selection should be based on a comprehensive evaluation of the patient's dominant symptom cluster, tolerance, preferences, and safety profile to develop individualized exercise regimens. Since only one study included Pilates, its independent effect remains to be validated. https://www.crd.york.ac.uk/prospero/, identifier."
42337443,Comparative efficacy of various exercise types and doses for anxiety in older adults: A network and dose-response meta-analysis.,2026,BMC geriatrics,"Anxiety significantly impacts quality of life among older adults, particularly those with chronic conditions. Exercise has been established as an effective non-pharmacological intervention for anxiety, while the optimal type and dosage of exercise remain unclear. This study aimed to determine which exercise modality yields the largest efficacy for reducing anxiety and to model the optimal METs-min/week dose for anxiety reduction. This systematic review and network meta-analysis searched PubMed, Web of Science, Embase, Medline, and Cochrane databases from database inception to 15 January 2025. We included randomized controlled trials (RCTs) investigating exercise interventions among older adults (≥ 60 years) and extracted data from dose metrics (METs-min/week), treatment regimens, intensity, and study duration. Twenty-three RCTs with a total of 2093 participants were included in the analysis. Tai Chi emerged as the most effective exercise for reducing anxiety compared with the control group (SMD = - 1.37, 95% CI: -2.03 to - 0.71). Resistance training (RT), Yoga, Qigong and aerobic exercise (AE) also demonstrated relative efficacy. However, mixed exercise (MIX) did not yield significant effects. Dose-response analysis indicated that Tai Chi demonstrated optimal efficacy for alleviating anxiety in older adults at a dose of 500 METs-min/week, with statistically significant effects observed at a relatively lower dose (340 METs-min/week). Our findings indicate that Tai Chi is the most effective exercise for alleviating anxiety in older adults. In contrast, MIX showed no significant effects."
42337292,Prevalence and symptoms of primary dysmenorrhea among adolescent girls in India: a school-based cross-sectional study.,2026,Scientific reports,"The objective of this study was to estimate the prevalence of primary dysmenorrhea and associated symptoms among adolescent girls. This school based cross-sectional study was conducted among 5,000 adolescent girls from 55 randomly selected schools. The data were collected by using Dysmenorrhea questionnaire and numerical pain rating scale along with demographic details. The data were analysed using Jamovi -open statistical software version 2.6.44. A bivariate logistic regression model was computed and variables whose p-value was < 0.05 in the bivariate logistic regression analysis were further included in the multiple logistic regression analysis. The prevalence of primary dysmenorrhea was found among 3441 (68.82%), 1686 (49.01%) had mild pain, 1496 (43.4%) had moderate pain, 259 (7.52%) had severe pain. Multiple logistic regression revealed, factors such as mothers with and without dysmenorrhea, having menstruation more than once in a month, menstruation once in two months, lethargy and tiredness day before menstruation, lethargy and tiredness day after, irritability on the day before menstruation, and constipation on the first day of menstruation were associated with primary dysmenorrhea. The prevalence of dysmenorrhea is high among adolescent girls, which highlights the need for early diagnosis and development and implementation of interventions to promote the school health and wellbeing."
42335800,Online yoga for depression and anxiety symptoms in female cancer survivors: a mixed-methods feasibility study comparing group and individual delivery.,2026,Complementary therapies in clinical practice,"and Purpose: Depression and anxiety are common among women cancer survivors and negatively affect quality of life and recovery. While yoga is recommended as a supportive intervention, evidence for online yoga (particularly comparing group and individual delivery formats and targeting clinically elevated distress) is limited. This study evaluated the feasibility, acceptability, and exploratory changes in outcomes of a 6-week online yoga intervention comparing group-based and individualized yoga for women with breast or gynecological cancers experiencing elevated depression and/or anxiety symptoms. Thirty participants were randomized to group or individual sessions delivered via Zoom by a yoga therapist. The intervention consisted of weekly 60-min live sessions and supplementary pre-recorded practices. Feasibility metrics included recruitment rates (≥50% consent), session adherence (≥60% attending half the yoga sessions), and follow-up completion (≥60%). Depression, anxiety, overall health, stress, fatigue and quality of life were assessed at baseline, 4 weeks, and 6 weeks, complemented by post-intervention qualitative interviews analyzed via reflexive thematic analysis. The intervention met all feasibility thresholds in the overall sample. Depression and anxiety scores, measured using the Hospital Anxiety and Depression Scale (HADS), showed significant improvements over the intervention period in the overall sample for depression (difference -0.4; 95% confidence interval -0.2 to -0.6; p = 0.002) and anxiety (difference -0.7; 95% confidence interval -0.4 to -1.0; p < 0.001). There were no significant differences between the group and individual formats for these outcomes. Additionally, significant improvements were observed across all secondary outcomes in the total sample. Qualitative themes highlighted participants' positive experiences, noting the intervention's accessibility, perceived benefits, and overall acceptability. In this preliminary feasibility study, online yoga (whether in group or individual format) was feasible, well-accepted, and showed potential for improving mental health outcomes. Future randomized controlled trials are warranted to confirm online efficacy and optimized implementation in supportive care."
42334031,The beauty of experiential learning in anatomy.,2026,Anatomical sciences education,"Anatomy is a unique subject where one must learn by doing. This is achieved through a variety of methods like dissection, use of prosections, imaging, playful learning (crocheting structures, drawing, and painting organs), through functional movement like yoga or pilates, use of 3D plastic models or by immersing oneself in virtual or augmented realities. Experiential learning, as described by Kolb, that is ""learning by doing,"" underpins all practical aspects of learning this important but fact dense subject. Reflective observation, abstract conceptualization and active experimentation follow on from the concrete experience, first usually experienced either in the dissecting room or through living anatomy. We map out how the educator can best support the learner to move from one stage to the next to gain the most out of their learning experiences in anatomy. Though anatomy is rich and diverse in the ways it can be taught, we focus on dissection and encountering anatomy through imaging to illustrate how experiential learning theory permeates everyday teaching and learning practices. Many opinions have been offered on dissection as a learning method, which we believe is foundational for healthcare students learning the subject, as well as the importance of offering radiology within the anatomy curriculum and we hope to illustrate how the two are mutually dependent and not exclusive."
42332286,"When attention falters: Brain, breathing, and behavioral signals of lapses in interoceptive attention.",2026,"Cognitive, affective & behavioral neuroscience","Mind‑body practices, such as meditation and yoga, involve paying attention to breathing sensations. During these practices, individuals report ""interoceptive lapses,"" moments when attention drifts away from internal bodily sensations. While lapses in attention to the external world have been widely studied, little is known about the physiological and neural mechanisms of interoceptive lapses. Interoceptive lapses may share markers with exteroceptive lapses-such as reaction time variability and default-mode network (DMN) connectivity-but may also depend on distinct brain systems and breathing physiology. We examined behavioral, physiological, and neural signals preceding lapses in a sample of 93 adolescents enriched for GAD and depression symptoms. Participants performed a 20-min breath counting task in the fMRI scanner with simultaneous breath recordings. Lapses were defined as moments when counting errors occurred. The sample was split into training and validation sets to test machine learning models predicting attentional lapses. The strongest predictors were timing and variability of button responses (AUCs > 0.75). Breathing variability and breathing-behavior synchronization showed smaller but generalizable predictive value (AUCs < 0.65). Whole-brain connectivity models also predicted lapses (AUC ≈ 0.65), incorporating the DMN, dorsal and ventral attention, and somatomotor networks. Furthermore, models that included brain connectivity marginally outperformed behavior-only models. Comparisons to previous exteroceptive findings indicate some common markers (e.g., reaction time variability) and some unique markers (e.g., selective perceptual coupling with attentional networks). Although limited by the clinical sample and lack of a control task, these results highlight brain-body markers of interoceptive attention that may inform real-time monitoring during mind-body interventions."
42329542,Preliminary Evidence of Changes in Diurnal Cortisol Following Exposure to a School-Based Curriculum Featuring Yoga and Mindfulness.,2026,Child psychiatry and human development,"Research and theory suggest that neuroendocrine functioning, such as diurnal cortisol rhythms, plays an important role in emotional development and expression, but that this functioning can be impacted under conditions of elevated stress. Although mindfulness-based interventions show promise for improving emotional functioning, their effects on cortisol regulation in children remain unclear despite a solid theoretical foundation. This study provides preliminary data from a sample of children (n = 57; mean age = 10 years) on changes in diurnal cortisol rhythms associated with exposure to the Pure Power curriculum which is designed to teach youth yoga techniques, mindfulness, and emotion regulation. A non-randomized comparison design examined outcomes and diurnal cortisol levels among participants from schools that completed the intervention (n = 27) and from students in comparison schools (n = 30) assessed at three time points approximately one year apart. Modeling of diurnal patterns indicated that youth in the intervention schools demonstrated a relative change in their cortisol levels at Time 2 towards a diurnal rhythm associated with less stress. The data provide initial evidence for an association between exposure to a yoga and mindfulness curriculum and neuroendocrine function. The conclusions are limited by the non-randomized design and small sample. Replication with randomized designs and larger samples is needed."
42329471,Impact of Yoga on Spinal Mobility and Psychological Outcomes in Patients with Axial Spondyloarthritis: A Prospective Non-randomized Controlled Study.,2026,Rheumatology international,"Exercise is a key non-pharmacological component of therapy in axial spondyloarthritis (axSpA). Evidence for yoga as a mind-body intervention remains limited. This study aimed to assess the effects of an 8-week yoga program on mobility, function, disease activity, activity-related competences, and psychological outcomes in axSpA compared with physiotherapy and healthy individuals. We conducted a prospective, non-randomized, study (University Hospital Erlangen, May 2021-January 2024). AxSpA patients participated either in weekly yoga sessions for 8 weeks (approximately 60 min; online format) or received standard individual physiotherapy (≥ 30 min/week). A healthy control group completed the same yoga program. Health related outcomes at baseline and follow-up were measured and changes were analysed using linear mixed-effects models. Seventy-six participants were included. In axSpA, spinal mobility improved in the yoga group (BASMI Δ - 0.31; p = 0.002), while the physiotherapy group worsened (Δ + 0.29; p = 0.003). Physical activity related health competency (control competence Δ + 1.10; p = 0.001; self-regulation Δ + 0.72; p = 0.021) and psychological outcomes improved in the yoga group with increased quality of life mental scores (Δ + 6.62; p < 0.001) and reduced kinesiophobia (TSK Δ - 3.25; p = 0.008); physiotherapy showed no meaningful changes. Disease activity showed a significant decrease in the yoga group (BASDAI Δ -0.44; p = 0.049). Healthy individuals showed similar directional changes with smaller effects. An 8-week yoga intervention was associated with improvements in mobility, psychological outcomes and activity-related competences. Findings support yoga as a complementary treatment addressing both physical and psychological dimensions of axSpA. The study was registered in the German Clinical Trials Register (DRKS-ID: DRKS00025215)."
42328361,Effects of heartfulness and bell meditation on brain activities and autonomic function in university students: An exploratory study.,2026,Journal of education and health promotion,"Distinct meditation styles may influence neuro-autonomic activity differently, yet direct comparative evidence remains limited. This study examined the effects of 21 days of heartfulness and bell meditation on resting electroencephalography (EEG) rhythms and galvanic skin response (GSR) in healthy student participants. Twenty-two university students were screened, of which nine students (19-20 years) with no prior meditation experience met the inclusion criteria and were randomly assigned equally to the Heartfulness, Bell, or passive control group. Intervention groups received meditation sessions of 30 min per day for 21 days while the control group continued their routine activities. Ten minute eyes closed EEG (theta 4-7 Hz, alpha 8-12 Hz, beta 13-30 Hz) and tonic GSR were recorded at baseline (pre) and on last day of intervention (post) and analysed with a 2 (Time) × 3 (Group) repeated measures ANOVA, emphasising partial η² and within group Cohen's d. Baseline characteristics did not significantly differ between groups. EEG analyses showed no significant main or interaction effects (all p > 0.35; η²ₚ ≤ 0.29). Small increases in theta and alpha were observed in the Heartfulness group (|dz| ≤ 0.23), slight decreases in the Bell group, and minimal change in controls. GSR showed a significant time effect (F₁,₆ = 7.79, p = 0.032, η²ₚ = 0.57) and a large, near-significant Time × Group interaction (p = 0.069, η²ₚ = 0.59). Bell meditation produced the greatest reduction in GSR (-3.90 µS, dz = -1.37), compared to heartfulness (-0.63 µS, dz = -0.32) and control (-0.19 µS). No adverse events were reported. In university students without prior meditation experience, bell meditation elicited a marked early reduction in sympathetic arousal, while Heartfulness meditation produced modest autonomic and minimal EEG effects. Larger and longer-duration studies are recommended to elucidate technique-specific mechanisms and their behavioural significance further."
42326246,Aggregate Effects of Yoga-Based Volitional Breathing Interventions on Perceived Stress and Anxiety Levels Among Medical Students Worldwide: A Systematic Review and Meta-Analysis.,2026,Cureus,"Medical education has long been acknowledged as a very stressful career path that exposes students to greater chances of anxiety and burnout. The purpose of this systematic review and meta-analysis was to determine the overall impact of yoga-based volitional breathing (pranayama) interventions on self-perceived stress and anxiety among medical students worldwide. The review analysis was conducted following the Preferred Reporting Items for Systematic Reviews and Meta-Analyses (PRISMA) guidelines, and seven databases were searched from 2010 to 2025. Potential studies were limited to those that concerned interventions involving only pranayama. Seven studies were included, comprising one randomized controlled trial (RCT) and six single-arm studies. A random-effects model was used to compute standardized mean differences (SMD). The meta-analysis of the seven studies in general revealed a significant, large decrease in stress/anxiety (SMD = -1.25, 95% CI: -1.64 to -0.86, p < 0.001), but heterogeneity (I² = 67%) was high. Subgroup analysis indicated a significantly larger effect for short-term (≤8 weeks) programs (SMD = -1.68, 95% CI: -3.13 to -0.22) compared to long-term (>8 weeks) programs (SMD = -1.06, 95% CI: -1.46 to -0.65), with the between-group difference being statistically significant (Q = 9.71, p = 0.002). There were no notable differences in the main outcome measure or by mode of delivery. The effect size of the single RCT, which had a low risk of bias, was very large (SMD = -1.78). It was established that pranayama interventions had significant stress and anxiety reductions in medical students. Although additional high-quality RCTs are required, these results support the inclusion of a structured pranayama intervention in student wellness programs as a powerful and viable mental health promotion approach."
42325275,Interdigitated capacitive strain sensor enables precise yoga-inspired motion tracking.,2026,Npj biosensing,"We report a fully textile-based interdigitated capacitive (IDC) strain sensor for wearable posture recognition. The sensor is lightweight, comfortable, and washable, and maintained stable electromechanical performance during 6,500 strain cycles, with absolute value of the gauge factor ranging from 0.67 to 0.81 across the tested strain conditions. Integrated into clothing, the sensor captured multidimensional electrical responses, including capacitance-, resistance-, and phase-related signals, during four biomechanically distinct yoga postures: High Lunge, Lunge Forward, Squat, and Tree. Using a supervised machine-learning pipeline combining handcrafted sensor-channel features and MiniROCKET time-series features, record-level classification achieved an accuracy of 94.4% and a macro-averaged F1 score of 94.2%. Record-level five-fold cross-validation further showed stable performance across folds, supporting the robustness of the classification framework within the present controlled cohort. One-vs-rest receiver operating characteristic analysis yielded area under the curve values of 90%, 94%, 99%, and 99% for High Lunge, Lunge Forward, Squat, and Tree, respectively. Channel ablation analysis identified capacitance-derived features as the most informative predictors. Statistical and temporal analyses further showed posture-dependent differences in signal magnitude, normalized response, and waveform dynamics, while supervised low-dimensional projection revealed distinct class structure. These results demonstrate the feasibility of textile-based IDC sensing for wearable movement monitoring applications such as such digital fitness."
42325038,"Yoga and guided meditation in emergency medicine: Impact on stress, anxiety, and well-being.",2026,The National medical journal of India,"Background We aimed to evaluate the effects of yoga and guided meditation on stress, anxiety, and well-being in emergency medicine residents. Methods We randomly assigned 81 participants to yoga, guided meditation, or control using a single-level block randomization design. The yoga group attended Hatha yoga classes twice a week, the meditation group learned the technique with audio recordings for independent practice, while the control group received no training. Anxiety (Beck Anxiety Inventory), perceived stress (Perceived Stress Scale), and general well-being (Adult APGAR [Adult access, priorities, growth, assistance, respon-sibility]) were assessed at baseline, week 3, and week 6. Results Significant differences between groups were observed in anxiety scores at the end of 6 weeks (H:15.35, p<0.001). The control group had the highest mean (SD) anxiety score 20.63 (7.70). The yoga and meditation groups showed a significant difference in change in anxiety scores at week 6 (p=0.031). Both intervention groups showed a significant reduction in perceived stress levels compared to the control group (U:22.0, p<0.001; U:147.0, p<0.001) independently. For the APGAR score, the yoga group showed a significant increase from baseline compared to the control group (U:76.0, p<0.001). Conclusion Our study suggests that both regular yoga and guided meditation interventions are effective in reducing anxiety and stress levels while improving the well-being of emergency medicine residents. Signifi-cantly, the yoga group showed even greater improvement, underscoring the efficacy of this approach."
42323228,The impact of arts-based interventions on alleviating motor and non-motor symptoms in Parkinson's disease: A meta-analysis and systematic review.,2026,"Geriatric nursing (New York, N.Y.)","Grounded in the conceptual framework of arts-based rehabilitation, this study systematically evaluated the effectiveness of arts-based interventions (ABIs) in alleviating motor and non-motor symptoms among individuals with Parkinson's disease (PD). A systematic review and meta-analysis were conducted following PRISMA and Cochrane guidelines by searching PubMed, Web of Science, Embase, and the Cochrane Library through October 2025. Thirty-four randomized controlled trials (RCTs) were included. Meta-analysis suggested that ABIs significantly improved motor symptoms, as indicated by reductions in UPDRS III scores (SMD = -0.58, 95% CI [-0.81, -0.35]) and improvements in functional mobility assessed by the TUG test (SMD = -0.22, 95% CI [-0.37, -0.07]). Additional benefits were observed in balance (Mini-BESTest, SMD = 0.41, 95% CI [0.10, 0.72]), walking endurance (6MWT, SMD = 0.41, 95% CI [0.11, 0.72]), and gait speed (SMD = 0.34, 95% CI [0.03, 0.65]). Non-motor outcomes also improved, including quality of life (PDQ-39, SMD = -0.29, 95% CI [-0.48, -0.10]) and fall self-efficacy (FES, SMD = -0.41, 95% CI [-0.67, -0.15]). Prediction intervals showed heterogeneous future effect ranges across outcomes. Subgroup analyses indicated that dance-and yoga-based interventions appeared to be associated with relatively consistent effects, whereas no statistically significant changes were observed in depressive symptoms (BDI) or cadence. These findings suggest that ABIs may offer a potentially safe and cost-effective complementary approach for reducing overall symptom burden in PD. Future large-scale, rigorously designed RCTs are warranted to further clarify long-term effects and underlying mechanisms."
42321822,Integrating yoga as a holistic intervention in male infertility management: improved sperm parameters and stress reduction: a case report.,2026,Journal of medical case reports,"Male infertility, particularly severe oligozoospermia, presents a significant challenge in reproductive health, often associated with high oxidative stress and poor lifestyle practices. This case report highlights the potential therapeutic role of a structured yoga regimen in improving semen quality, reducing stress, and enhancing quality of life in a male with long-standing infertility. The novelty lies in documenting comprehensive improvements across semen parameters and psychological well-being following a nonpharmacological intervention. A 30-year-old Indian male diagnosed with severe oligozoospermia presented with a four-year history of primary infertility. His 30-year-old Indian female partner had no identifiable reproductive abnormalities. The couple sought consultation at a tertiary care centre. The male patient reported a high-stress lifestyle due to his occupation as an architectural researcher involving extensive travel and irregular routines. He underwent a six-month structured yoga intervention (five days per week) comprising guided sessions involving breathing exercises, meditation, and specific physical postures, supervised by a certified yoga therapist. Pre- and post-intervention assessments included semen analysis, sperm DNA integrity, oxidative stress markers in seminal fluid, and quality of life using a standardized assessment tool. Post-intervention, the patient exhibited notable improvements in semen parameters, including increased sperm count and motility, reduced morphological abnormalities, and decreased seminal oxidative stress levels leading to sperm DNA fragmentation index decline. Improvements were also observed in quality-of-life scores across physical, psychological, social, and environmental domains. Following these outcomes, intrauterine insemination was advised as a fertility treatment option. This case illustrates the potential of yoga as an adjunctive, noninvasive therapy for managing male infertility, particularly in individuals with stress-related reproductive dysfunction. The structured yoga program led to substantial improvement in semen quality and quality of life, suggesting a mind-body connection that may influence reproductive health. This single case provides preliminary insight into the potential link between lifestyle factors and reproductive health, though broader studies are required. Further studies involving larger cohorts are needed to validate and expand upon these promising results."
42321269,Real-time yoga posture correction using deep learning for individuals with physical disabilities.,2026,Scientific reports,"The rapidly increasing global adoption of yogic practice as a comprehensive inclination towards wellness has significantly increased the need for advanced as well as effective methods to recognize yoga postures. This study investigates a solution based on deep learning to deliver real-time yoga pose correction, tailored specifically for individuals with physical disabilities. For many, access to a yoga instructor or personal guide is not feasible, making artificial intelligence a practical alternative for offering pose guidance from home. Existing research on pose estimation in yoga primarily focuses on classifying poses for people without physical impairments. In our novel approach, we use the Thunder variant of the ultra fast MoveNet model, which enables real-time pose estimation, to identify and correct posture errors for individuals with lower-body disabilities. The proposed system applies deep convolutional neural networks (CNNs) to evaluate user posture through video inputs. This study enhances accessibility in chair yoga practices for people with physical challenges by providing accurate real-time pose corrections using deep learning methods, and by curating a state-of-the-art dataset for chair yoga poses, not worked upon before."
42321176,"The combined effect of yoga and rich in omega-3 camelina sativa powder on glycemic indices, inflammation, and oxidative stress in women with type 2 diabetes mellitus: a randomized controlled trial.",2026,Nutrition & diabetes,"This trial evaluated the combined effect of yoga and camelina sativa powder (CSP) on glycemic indices, inflammatory and oxidative stress parameters in women with type 2 diabetes mellitus (T2DM). In this trial, 80 patients with T2DM were randomly allocated into four groups: group 1 (placebo), group 2 (receiving CSP), group 3 (doing yoga), and group 4 (receiving CSP and doing yoga) for 8 weeks. Glycemic indices, inflammatory and oxidative stress parameters were assessed pre-and post-intervention. CSP plus yoga treatment significantly increased the McAuley-index and Quick-index compared to the placebo group (P = 0.021 and P < 0.001, respectively). A significant decrease in the glycemic exposure (GE) index (P = 0.010), fasting blood sugar (FBS) (P = 0.003), hemoglobin A1c (P = 0.013), insulin (P = 0.002), and homeostasis model assessment of insulin resistance (HOMA-IR) (P < 0.001) was found in the CSP plus yoga group compared to the placebo after adjustment for confounders. Serum superoxide dismutase level significantly increased in camelina, yoga, and both CSP plus yoga groups compared to the placebo group (P < 0.001, P = 0.019, and P = 0.005, respectively). Serum catalase levels increased significantly in CSP plus yoga group compared to the placebo following 8 weeks (P = 0.022). Malondialdehyde concentration declined significantly in yoga and CSP plus yoga groups compared to placebo (P = 0.017 and P < 0.001, respectively). Serum tumor necrosis factor-α (TNF-α) level significantly decreased in CSP, yoga, and combined CSP plus yoga groups compared with the placebo group (P < 0.001, P = 0.033, and P < 0.001, respectively). We found a favorable effect of co-treatment of CSP and yoga for 8 weeks in women with T2DM on some glycemic indices, oxidative stress, and inflammatory parameters. The combined effect of yoga and camelina sativa powder on glycemic indices, inflammation, and oxidative stress. PPAR-γ: peroxisome proliferator-activated receptor gamma, NF-kB: nuclear factor kappa B, GLP: glucagon-like peptide, PYY: peptide YY, SCFA: short chain fatty acids, ROS: reactive oxygen species, LPS: lipopolysaccharides, HPA: hypothalamic-pituitary-adrenal axis."
42319264,Overview of reviews for effectiveness of exercise-based interventions for neck pain.,2026,The Journal of manual & manipulative therapy,"At least one in three adults experience persistent neck pain. Exercise is a common intervention; however, variability in exercise types, dosage, and outcomes makes it difficult to compare effectiveness and guide clinical decisions. This umbrella review provides an overview of exercise interventions for neck pain and compares and contrast findings across systematic reviews. Following PRISMA guidelines, a search of MEDLINE, EMBASE, CINAHL, and Cochrane Library databases identified systematic reviews published between July 2016 and June 2024. Eligible reviews examined exercise as the primary intervention for individuals with neck pain. Five reviewers extracted data on study characteristics, exercise types, outcomes (e.g., pain, disability, range of motion), and methodological quality using AMSTAR 2. Fifty-two systematic reviews met inclusion criteria and were grouped into four domains: (1) deep neck flexor (DNF) endurance training (n=11), (2) upper quarter strengthening (n=11), (3) fitness-based interventions (e.g., yoga, Pilates, tai chi) (n=17), and (4) other exercises (n=13). DNF training showed moderate evidence for short- to intermediate-term improvements in pain, disability, and range of motion, especially with biofeedback or cognitive strategies. Upper quarter strengthening reduced pain and disability, though optimal dosing remains unclear. Fitness-based interventions improved pain, function, and quality of life, with no clear superiority. Other exercises showed variable efficacy due to inconsistent methods and reporting. Overall, results supported exercise despite variability. Exercise is beneficial for neck pain management, but no single approach is superior. Tailored programs based on patient preferences, functional goals, and adherence are recommended.<b>Registration:</b> PROSPERO: CRD42022326257."
42318364,Adolescent physical activity trajectories and later non-communicable disease risk factors: A systematic review of longitudinal studies.,2026,"Public health in practice (Oxford, England)","To systematically examine the associations between adolescent physical activity (PA) trajectories and the development of non-communicable disease (NCD) risk factors, and to identify key mediating pathways, including fat mass and inflammation. Systematic review of longitudinal studies. Five electronic databases (PubMed, Embase, Scopus, Ovid Medline, and Web of Science) were searched for longitudinal studies assessing PA trajectories in adolescents (10-19 years) and subsequent NCD risk factors. Eligible studies included at least two time points of PA measurement and reported cardiovascular, metabolic, anthropometric, or inflammatory outcomes. Risk of bias was assessed using the ROBINS-E tool. Due to methodological heterogeneity, findings were synthesized narratively. Ten longitudinal studies comprising 20,133 adolescent participants were included, with follow-up periods ranging from 4 to 25 years. Most studies identified declining PA trajectories across adolescence. Lower PA was consistently associated with adverse anthropometric outcomes, including higher BMI and increased obesity risk (OR = 0.50-0.67 for higher PA). Cardiovascular outcomes, particularly blood pressure, showed inverse associations with PA, while sedentary time was positively associated with risk. Metabolic outcomes indicated increased insulin resistance and impaired glucose regulation among low or declining PA groups (e.g., OR = 1.20 for hyperinsulinemia). Inflammatory markers, including C-reactive protein, were elevated with greater sedentary exposure. Fat mass emerged as a central mediator, accounting for 30-77% of the associations between PA and inflammatory outcomes. Even light-intensity PA demonstrated protective effects. Mid-adolescence (∼15 years) was identified as a critical period for trajectory-related risk. Adolescent PA trajectories are important determinants of later cardiometabolic health. Declining activity patterns contribute to NCD risk through complex pathways involving adiposity and inflammation. Interventions targeting sustained or increased PA, particularly during mid-adolescence, and reducing sedentary behaviour may mitigate long-term disease risk."
42318079,Yoga as a complementary intervention for polycystic ovary Syndrome management: a systematic review.,2026,Frontiers in reproductive health,"Polycystic Ovary Syndrome (PCOS), a prevalent metabolic and reproductive disorder, significantly impacts women of reproductive age. The conventional approach offers various symptomatic pharmacological interventions for PCOS, but some of them have adverse effects too. In this context, yoga has emerged as a promising non-pharmacological complementary approach. This systematic review aims to explore the therapeutic potential of yoga for managing PCOS with a focus on anthropometric, metabolic, endocrine, and psychological outcomes. A systematic search was conducted across three databases i.e., PubMed, Web of Science and Scopus on 17.1.2025. Screening of articles was performed by two authors in two step process. Risk of Bias (RoB) of each study was assessed using Cochrane Risk of Bias version 2.0 (RoB 2). Due to high heterogeneity among studies in terms of type of intervention, duration, outcomes measured etc., meta-analysis could not be performed. Of the 303 studies initially identified, 9 randomized controlled trials (RCTs) met the inclusion criteria for the systematic review. However, four of these were conducted by the same research group and were considered as a single study in the analysis. Yoga interventions, such as asanas (physical postures) and pranayama (breathing exercises), demonstrated improvement in PCOS symptoms including anthropometric (weight, BMI, hip circumference), metabolic (insulin resistance, serum insulin, fasting blood glucose and lipid profile), endocrine (hirsutism, free testosterone, Anti-mullerian hormone, Luteinizing hormone, Dehydroepiandrosterone etc.), menstrual and psychological outcomes. Meditation and mindfulness-based interventions may help to improve mainly psychological symptoms such as body image, stress, anxiety, depression and quality of life etc. However, it is important to note that there were very few number of studies, that too with lots of heterogeneity, low sample size, diverse outcomes; therefore generalizability of this evidence are limited. Yoga is a promising non-pharmacological complementary intervention for PCOS management that may offer diverse benefits for anthropometric, endocrine, metabolic and psychological health. However, further clinical trials with robust protocol, large sample size and standardized yoga protocol are essential to establish its long-term efficacy and integration into routine PCOS care. https://www.crd.york.ac.uk/PROSPERO/view/CRD420261286708, identifier CRD420261286708."
42317306,"Formative research to co-develop a Yoga-based intervention for antenatal depression in rural women in Maharashtra, India.",2026,Wellcome open research,"Yoga is increasingly promoted within India's public health system as an evidence-based mind-body intervention. However, its sustained adoption and effectiveness depend on designing culturally relevant and contextually appropriate interventions. This study aimed to co-develop a Yoga-based intervention for antenatal depression in rural women and iteratively refine pathways for its effective delivery in real-world settings. We conducted a multi-phased, mixed-methods study grounded in the principles of Human-Centred Design (HCD). The study incorporated: (i) qualitative in-depth interviews with pregnant women, (ii) a series of Co-Development Workshops, (iii) an Intervention Cohort to assess feasibility, (iv) community engagement activities, (v) a Theory of Change workshop, and (vi) a stakeholder feedback session. Quantitative data were summarised descriptively, and qualitative data were audio-recorded, transcribed, translated, and thematically analysed using NVivo 9. Insights from all phases were triangulated to develop Yoga-Sanskar intervention. Across all activities, participants included pregnant and postnatal women, family members, community health workers, Yoga instructors, and project staff. Participants consistently reported physical discomfort, fatigue, emotional distress, and household responsibilities as key challenges during pregnancy. Co-development workshops generated context-specific solutions, refined the Yoga sequence, and informed the design of user-friendly resource materials. The intervention cohort demonstrated feasibility and acceptability of Yoga practice. Stakeholder feedback confirmed the clarity, cultural appropriateness, and practicality of intervention materials, leading to final refinement of the Yoga-Sanskar intervention package. This formative research process enabled the systematic co-development and adaptation of a culturally appropriate Yoga-based intervention that aligns closely with the lived context of pregnant women in rural settings. Our approach demonstrates how human-centred, evidence-informed models can guide the design, refinement, and real-world testing of interventions to enhance their feasibility, acceptability, and implementation potential."
42314162,Evaluation of the Psychometric Properties and Applicability of Agni Assessment Tools in Ayurveda: Protocol for a Systematic Review.,2026,JMIR research protocols,"Agni (digestive or metabolic factors) is a fundamental concept in Ayurveda that governs digestion, metabolism, and absorption. The strength of Agni varies from individual to individual, depending on various factors. Given its clinical importance, several researchers have developed screening tools to estimate Agni strength. Identifying valid and reliable Agni assessment tools will enhance diagnostic precision. In research, standardized and validated instruments facilitate reproducible studies, enabling meaningful comparisons across populations and settings. This study aims to critically appraise and synthesize the best available evidence on screening instruments for assessing the strength of Agni, including both self-reported questionnaires and clinician-administered tools. This review will evaluate their psychometric properties, specifically focusing on content validity, construct validity, criterion validity, internal consistency, and test-retest reliability. Additionally, the review will assess the feasibility, efficiency, and applicability of these instruments in clinical and research settings within the framework of Ayurveda. In this proposed study, a systematic review will be conducted using the intended search strategy, using databases such as PubMed, EBSCO, Cochrane, Google Scholar (first 200 studies), the AYUSH research portal, and Digital Helpline for Ayurveda Research Articles. This study will focus on adults aged 18 years and older. Two independent reviewers will screen titles, abstracts, and full-text articles for eligibility and extract data on tool characteristics, psychometric properties, and applicability, with discrepancies resolved by a third reviewer. The psychometric quality of the included studies will be evaluated using QUADAS-2 (Quality Assessment of Diagnostic Accuracy Studies-2) and COSMIN (Consensus-based Standards for the Selection of Health Measurement Instruments). Extracted data will be synthesized using a narrative approach, supported by tabular summaries. This systematic review was formally initiated in October 2025, following a planning phase that commenced in January 2025. Data from studies that meet the inclusion criteria will be systematically extracted, organized, and analyzed. The risk of bias and the overall quality of evidence will be evaluated, and the final review is expected to be completed and published by November 2026. This systematic review protocol outlines an approach to identify valid and reliable Agni assessment tools that contribute to the standardization of Ayurvedic diagnostics, enabling meaningful integration with contemporary biomedical research and highlighting the importance of transparency and adaptability in the field of Ayurveda. By establishing a structured evidence base, it aims to support the development of more robust, clinically relevant, and universally applicable assessment practices. PROSPERO CRD42024626327; https://www.crd.york.ac.uk/PROSPERO/view/CRD42024626327. DERR1-10.2196/79580."
42312673,Therapeutic yoga versus physiotherapy-based balance and proprioceptive neuromuscular facilitation training for stability and fall outcomes in older adults with early-stage Parkinsonism: A systematic review protocol.,2026,JBI evidence synthesis,"The objective of this review is to evaluate the effectiveness of therapeutic (structured asana- and pranayama-based) yoga versus physiotherapy-based balance and proprioceptive neuromuscular facilitation (PNF) training in improving postural stability and fall-related outcomes in older adults with early-stage Parkinsonism. Parkinsonism in older adults is characterized by postural instability and gait impairment, increasing risks of falls, fractures, and loss of independence. Physiotherapy interventions, particularly balance training and PNF, remain the clinical standard for fall prevention. Therapeutic yoga integrating asana (postural practice) and pranayama (breath regulation) may provide complementary benefits through improved proprioception, sensorimotor integration, core strength, and attentional control. However, evidence is fragmented due to variability in yoga styles, intervention intensity, and outcome measures. Randomized controlled trials published between 2015 and 2025 involving adults aged ≥60 years with early-stage Parkinsonism (Hoehn and Yahr stage ≤2 or disease duration ≤5 years) will be included. Eligible interventions will involve structured therapeutic yoga integrating asana and pranayama, which will be compared with physiotherapy-based balance or PNF training. This protocol follows JBI guidance. Searches will be conducted in MEDLINE, ScienceDirect, Cochrane CENTRAL, Web of Science, PEDro, and PsycINFO, with supplementary searches in trial registries and gray literature. Two reviewers will independently screen studies, extract data, and assess bias. Meta-analysis will use a random-effects model, and evidence will be graded using the Grading of Recommendations Assessment, Development and Evaluation (GRADE). PROSPERO CRD420251149898."
42312192,Non-pharmacological therapies for patients with lymphangioleiomyomatosis: a systematic review and meta-analysis.,2026,Frontiers in rehabilitation sciences,"This study aims to systematically review non-pharmacological therapies for patients with lymphangioleiomyomatosis (LAM), and synthesize the effects of non-pharmacological therapies on 6-minute walking distance test (6MWDT), pulmonary function (FEV₁), and quality of life in LAM patients. The systematic review and meta-analysis design was used. Data were searched on Scopus, Web of Science, PubMed, Embase, OVID, CINAHL, CNKI and Wang Fang for studies published from August 2015 to August 2025 on non-pharmacological therapies for patients with LAM. Studies were screened using rigorous inclusion and exclusion criteria. Study quality was assessed using JBI study quality evaluation tools, and a stratified narrative synthesis was conducted based on intervention types, supplemented with a meta-analysis (excluding single-case report). Five studies were eligible to be included in this study. Narrative synthesis showed that interventions with multicomponent, including high intensity aerobic and strength training, yoga, pulmonary rehabilitation and telemonitoring exercise, are beneficial for patients with LAM. Meta-analysis results (excluding the case report) showed that non-pharmacological therapies, particularly structured exercise programs, significantly increased physical activity tolerance of patients with LAM (<i>p</i> < 0.00001) by 37.39 meters using 6MWDT, compared to the pre-intervention or comparison group (95% CI: 27.29, 46.98). Non-pharmacological therapies increased pulmonary function FEV₁ (MD: 0.20, 95% CI: -0.02, 0.42) and quality of life (SMD: -0.19; 95%CI: -0.56, 0.18) of the patients with LAM, compared to the pre-intervention or comparison group, however, the results were not significant (<i>p</i> = 0.08 and 0.32, respectively). No serious adverse events were reported in the included studies, indicating good safety of non-pharmacological interventions. Non-pharmacological therapies, especially physiotherapy, can improve patients with LAM's physical activity tolerance, enhancing their physical fitness and daily activity capacity. Compared with other alveolar and parenchymal diseases (e.g., tuberculosis, COPD), LAM patients show similar improvements in exercise tolerance but less significant improvements in lung function, which may be related to the unique cystic lung pathology of LAM. More effectively and innovatively designed research is needed to improve patients with LAM's pulmonary function and quality of life. This study not only demonstrates the potential value of non-pharmacological therapies in the management of patients with LAM, but also points the directions for future research. By further optimizing the interventions and expanding the sample size, we can achieve a comprehensive understanding of the long-term effects of non-pharmacological therapies in patients with LAM, eventually providing more effective treatment options for patients. https://www.crd.york.ac.uk/prospero/, PROSPERO system ID: CRD42024548486."
42312051,From neurobiological regulation to socio-ecological remodeling: a mini review of yoga interventions for adolescent smartphone addiction.,2026,Frontiers in psychology,"Adolescent smartphone addiction has emerged as a pervasive public health crisis, which often stems from a developmental imbalance between hypersensitive reward circuitry and immature executive control. While conventional interventions such as cognitive-behavioral therapy remain the standard of care, they are often constrained by a lack of holistic focus, failing to address the multifaceted physiological dysregulation and environmental triggers associated with addictive behaviors. This review synthesizes the neurobiological mechanisms of yoga, positioning it not merely as physical exercise but as a form of ""embodied cognitive training"" that bridges the gap between physiological regulation and psychological recovery. We examine how yoga may facilitate psychophysiological homeostasis through a dual pathway: a potential ""bottom-up"" regulation that attenuates HPA axis hyperactivation and enhances vagal tone, and a proposed ""top-down"" reinforcement of prefrontal connectivity to inhibit impulsive reward-seeking. At the molecular level, we discuss evidence suggesting that yoga-induced upregulation of BDNF and GABA may provide a potential neuroplastic substrate helpful for repairing compromised neural networks and restoring reward prediction error processing. However, recognizing that neuroplasticity depends on environmental context, we argue that sustainable recovery necessitates extending beyond individual neuroadaptation to a ""Home-School-Community"" synergistic model. By combining targeted neurobiological regulation with broad environmental support, this framework offers clinicians a practical strategy to help adolescents build cognitive resilience and regain control over their digital habits."
42311680,Depression and breast cancer: research progress and prospects from an interdisciplinary perspective.,2026,Frontiers in immunology,"Depression and breast cancer are two major health concerns in the medical field today. Not only do they mutually influence the risk of onset and disease progression, but they also collectively lead to poorer clinical outcomes and reduced quality of life. This review elaborates on how depression, through the overactivation of the hypothalamic-pituitary-adrenal (HPA) axis, may be associated with persistently elevated levels of glucocorticoids (GCs). This, in turn, causes dysregulation of the sex hormone axis, prolactin imbalance, and insulin resistance, collectively promoting the initiation and progression of breast cancer. Meanwhile, the depressive state may suppresses the function of immune cells such as T cells and natural killer (NK) cells, and promotes the release of pro-inflammatory cytokines, thereby impairing immune surveillance and creating a favorable environment for tumor growth. Furthermore, imbalances in tryptophan metabolism and gut microbiota dysbiosis exacerbate neuroimmune dysregulation, forming a vicious cycle. In terms of treatment, standalone biomedical or psychological interventions have limited efficacy, necessitating an interdisciplinary and integrated approach. Pharmacological treatment requires attention to drug interactions between antidepressants and breast cancer medications such as tamoxifen. Psychological interventions, including cognitive-behavioral therapy, mindfulness-based yoga, and virtual reality technology, can effectively alleviate depressive symptoms and improve treatment adherence. Additionally, emerging approaches such as traditional Chinese medicine, neuromodulation techniques, and gut microbiota regulation show considerable potential for intervention. These findings provide new insights for understanding and clinically managing the comorbidity of depression and breast cancer."
42311489,Engaging people with lived experience to co-design a community-led physical activity and diabetes prevention intervention for people experiencing homelessness.,2026,Frontiers in sports and active living,"People with lived experience of homelessness (PWLEH) experience disproportionate challenges to preventing diabetes, including access to opportunities for physical activity. In partnership with the Calgary Diabetes Advocacy Committee (CDAC), we co-designed and piloted a low-barrier, community-led Physical Activity Day to promote movement, wellness, and connection among PWLEH. The event featured five stations, stretching and yoga, cardio and steps, strength, balance, and diabetes and nutrition education. The activities incorporated simple equipment, modifiable exercises, and peer-informed staff. Thirteen participants completed all stations and provided pre-event surveys, and eleven participants provided post-event survey data, reporting high satisfaction, feelings of safety and inclusion, and increased motivation to be more active than baseline. Qualitative feedback emphasized enjoyment, social connection, and supportive staff. Limited pedometer data confirmed engagement in the movement-based intervention. Findings demonstrate that a co-designed physical activity event may be feasible, acceptable, and capable of fostering physical and mental health benefits for PWLEH, supporting potential for future scalable community-based interventions."
42306335,Fatigue relief is possible.,2026,Frontiers in integrative neuroscience,"Chronic fatigue is widely discussed across clinical and non-clinical contexts, yet its definition and measurement remain heterogeneous and debated. In this fragmented landscape, adopting an efficacy-informed perspective grounded in mitigating interventions offers a reliable pathway to delineate the core features and regulatory mechanisms of chronic fatigue. This Mini Review aims to identify and synthesize interventions shown to be effective in mitigating chronic fatigue. A preliminary screening was conducted using the terms ""fatigue"" AND (""relief"" OR ""mitigation"" OR ""treatment""), thereby inherently focusing on persistent and functionally impairing forms of fatigue. The analysis was then restricted to the most cited evidence to highlight the most consolidated findings. Four classes of behavioral interventions consistently emerged as effective across heterogeneous conditions (stroke, cancer, multiple sclerosis, traumatic brain injury, and non-clinical contexts): cognitive behavioral therapy, mindfulness-based approaches, yoga, and physical activity. Their convergence suggests that chronic fatigue reflects, rather than condition-specific processes, the alteration of shared regulatory mechanisms, likely involving neurophysiological dynamics and associated biological markers, which can be further elucidated by integrating evidence from effective interventions with their neurophysiological and biomarker correlates. The evidence from this Mini Review on the transversal effectiveness of the same interventions supports leveraging their efficacy and the associated neurophysiological and biochemical changes to identify sensitive markers that track treatment response and inform the underlying mechanisms of fatigue. Future research should therefore prioritize standardized measures, shared markers, and personalized interventions, potentially supported by biochemical and neuromodulatory approaches."
42303395,Effects of laughter yoga on reducing depression and anxiety in children with autism spectrum disorder and parenting stress in their parents: study protocol for a randomised-controlled feasibility trial.,2026,BMJ open,"Both children with autism spectrum disorder (ASD) and their parents are at a high risk of experiencing anxiety and depression. Recent studies have indicated that laughter yoga can create happiness and reduce negative emotions in adults. However, there are limited studies about how laughter yoga benefits children with ASD and parents of children with ASD. This feasibility study aims to explore the recruitment, retention rate, protocol adherence and acceptability of a laughter yoga programme in children with ASD and their parents. Moreover, it investigates the safety issues and the effects of laughter yoga on reducing depression and anxiety in children with ASD, as well as parenting stress in their parents. This study protocol describes a feasibility study aimed at evaluating the feasibility and acceptability of a laughter yoga intervention for children with ASD and their parents. This feasibility study uses a randomised, wait-list-controlled trial and pre-test-post-test design. The primary outcomes include recruitment rate, screening rate, attendance rate, dropout rate, perceptions of laughter yoga, difficulties encountered and safety issues. The secondary outcomes focus on depressive and anxiety symptoms among children with ASD and parenting stress levels. Data will be collected before the intervention (T0), immediately after the intervention (T1) and 3 months after the intervention (T2). 66 children with ASD and their parents will be recruited in Hong Kong through social media posts. Participants will be randomly assigned to either the laughter yoga group or the wait-list-control group. The laughter yoga group will receive the intervention which consists of 12 classes of 1-hour laughter yoga over 6 months. After the intervention, families will be invited to join a family-based semi-structured interview, which aims at understanding participants' experiences, safety concerns and feedback they may have. The wait-list control group will receive no treatment until the completion of T2. The collected data will be used to evaluate the feasibility and acceptability of laughter yoga for children with ASD and their parents. This study was approved by the Human Subject Ethical Subcommittee of The Hong Kong Polytechnic University (No.: HSEARS20230723002). The results of the research project will be published in an academic journal. NCT06326255."
42302762,The Healing Power of Laughter: The Effect of Laughter Yoga on Vital Signs and Test Anxiety in Nursing Students.,2026,Holistic nursing practice,"This randomized controlled experimental study investigated the effects of laughter yoga on vital signs and test anxiety among nursing students. The sample consisted of 136 nursing students (68 experimental and 68 control) from a university in eastern Turkey. The experimental group participated in laughter yoga sessions twice weekly for 4 weeks, while the control group received no intervention. Data were collected using a Personal Information Form, vital sign Chart, and Test Anxiety Scale. Descriptive statistics and independent and paired t tests were used for analyses. The experimental group showed significantly lower systolic and diastolic blood pressure and test anxiety levels, as well as higher oxygen saturation compared with the control group. These findings suggest that laughter yoga may be an effective, low-cost complementary intervention to improve physiological parameters and reduce test anxiety in nursing students."
42302738,Evaluating the Effectiveness of Complementary Health Therapies in Labor Pain Reduction: A Systematic Review and Meta-Analysis.,2026,ANS. Advances in nursing science,"Labor pain can profoundly affect a woman's childbirth and postpartum experience. This systematic review and meta-analysis examined the effectiveness of complementary health therapies for reducing labor pain. Twenty-nine randomized controlled trials (N = 3774) between 2020 and 2023 were analyzed. Interventions included massage, acupressure, yoga, music, electrical nerve stimulation, and virtual reality. Massage and acupressure were the most frequently used. These therapies significantly reduced labor pain (d = -1.16), but no single therapy was identified as the most effective. Nonpharmacological approaches may support individualized, culturally responsive labor pain management and promote integrative maternity care globally. Findings should account for heterogeneity and potential publication bias."
42301956,Efficacy of a Customized Yoga Therapy Module for Individuals with Early Parkinsonism: A Non-Randomized Controlled Clinical Trial Protocol.,2026,Complementary medicine research,"Neurological disorders are increasingly prevalent among older adults in India, often resulting in significant motor and non-motor impairments. There is a rising rates of elder care homes and the aging population, burdens the Parkinson's disease (PD) rising, particularly in countries with low- and middle-income. In response to this burden of neurodegenerative conditions including PD evidence-based, culturally adapted interventions such as yoga promise to offer holistic benefits. A controlled clinical trial will evaluate the efficacy of a customized yoga therapy module for early parkinsonism by targeting motor and non-motor symptoms. We aimed to recruit 130 participants in a 1:1 ratio, of 45-80 years from elder care homes around Mangalore, India, using cluster sampling. Both groups will receive geriatric physiotherapy as standard of care, and the intervention group will receive 1-h yoga sessions, 5 days/week, for 24 weeks. Outcomes of quality of life, cognition, postural stability, gastrointestinal dysfunction symptoms, and sleep will be assessed at baseline, 12 weeks, and 24 weeks and analyzed using SPSS v25. This study was approved by the Institutional Ethics Committee (YEC2 Protocol No.: YEC2/2024/130) and registered in the Clinical Trials Registry of India - CTRI/2025/07/090595. The Department of Geriatric Medicine will initiate PD screening at the designated study sites. A symptom-targeted, participant-specific, customized yoga module was developed, validated, and evaluated by experts."
42301723,Post COVID REspiratory mechanisms and the efficacy of a breathing exercise intervention for DYsregulated breathing (Remedy): A feasibility RCT study.,2026,Chronic respiratory disease,"BackgroundDysregulated breathing is a major cause of persisting breathlessness for many people following acute COVID-19 illness. There is little evidence to support the use of breathing interventions within this population.MethodsA feasibility study was conducted to investigate the potential role of supervised, remote online yogic breathing as an intervention, compared to usual care. The intervention was a six-week group programme, in which they were encouraged to attend bi-weekly. Primary outcomes of attendance, completion and acceptability were recorded and a survey following the intervention. Secondary measures of breathlessness and physical function were collected.ResultsOf 122 people invited who had reported dysregulated breathing at the time of clinical consult, 40 consented and 34 were randomised (Intervention n=17, usual care n=17), 33 had initial assessment (n=16 and n=17) and with post-intervention outcomes available in n=13 and n=14, respectively. Of the 13 in the intervention arm, 5 people completed >75% of sessions and the post intervention assessment. The median number of sessions attended per participant was 7. No safety issues were recorded. The survey (n=13) of the actual intervention highlighted it was well received but there was limited options for attending. Although some breathlessness measures improved in the people receiving the intervention, there was no significant difference when comparing the intervention to usual care arms.ConclusionsThe feasibility of the study was limited in this select population of people after COVID-19 with dysregulated breathing. The intervention was well received, but attendance at all the sessions was challenged by the limited options for the sessions."
42301318,Comfort Theory-Based Nursing Interventions in Women with Stress Urinary Incontinence: Randomized Controlled Trial.,2026,International urogynecology journal,"This study evaluated the effectiveness of Comfort Theory-based nursing interventions on urinary incontinence (UI) severity, quality of life and comfort among women with stress urinary incontinence (SUI). It was hypothesised that such interventions would positively affect (H<sub>1-1</sub>) UI scores, (H<sub>1-2</sub>) quality of life and (H<sub>1-3</sub>) comfort levels. A randomised controlled design was used with 40 women (intervention 20, control 20) recruited from the Gynecology and Obstetrics Clinic of Akdeniz University Faculty of Medicine Hospital. The intervention group participated in a 6-week Comfort Theory-based program including pelvic floor-focused yoga, breathing exercises and meditation, whereas the control group received routine treatment. Data were collected using the Patient Information Form, Incontinence Severity Index (ISI), Urinary Incontinence Quality of Life Scale (I-QOL) and Urinary Incontinence and Frequency Comfort Scale. After the intervention, ISI scores were significantly higher in the control group (p = 0.001; 95% confidence interval [CI] -7 to -2; Rank Biserial Correlation 0.573), indicating a greater reduction in incontinence severity among the intervention group. Behavioral Limitation and Psychological subscale scores of the I-QOL were significantly higher in the intervention group (p = 0.009, 95% CI 2-13, Rank Biserial Correlation -0.480; and p = 0.017, 95% CI 1-14, Rank Biserial Correlation -0.440). Median comfort scores were also higher in the intervention group (4.79 [4.38-5.13]) than in the control group (4.11 [3.29-4.82]). Comfort Theory-based nursing interventions incorporating yoga, breathing and meditation decreased incontinence severity and improved quality of life and comfort among women with SUI. This holistic, low-cost approach provides a sustainable strategy for UI management."
42297352,Flow Experiences in Recreational Doubles Pickleball Among Adults 60 Years and Older.,2026,Journal of aging and physical activity,"This study investigates flow experience, a state of total immersion and optimal experience conceptualized by Csikszentmihalyi in 1990, in adults aged 60 years and older while playing recreational doubles pickleball. It compares their flow experiences to those in other activities (yoga, sports, exercise, and physical activity) and begins to identify demographic and player characteristics linked to flow. A convenience online sample of 213 participants (105 men, 107 women, one nonresponse), with demographic characteristics broadly similar to the target population, completed the Long Dispositional Flow Scale-Physical to measure player flow across nine subdimensions and answered five demographic and five player characteristic questions. Comparative analyses utilized aggregate data from The Flow Manual. Statistical analyses were employed to evaluate the results, conduct comparisons, and identify significant variables influencing the flow experience. Participants reported high Total Flow and engagement in all nine flow subdimensions: Challenge/Skill Balance, Merging of Action and Awareness, Clear Goals, Unambiguous Feedback, Total Concentration, Sense of Control, Loss of Self-Consciousness, Time Transformation, and Autotelic Experience. Pickleball players exhibited significantly higher Total Flow and specific subdimension scores than other activities. Days Played per Week positively correlated with Total Flow. Years of Play and Tournament Participation showed small positive correlations with Challenge/Skill Balance, Sense of Control, and Merging of Action and Awareness. Gender, Age, Education, and Location were unrelated to flow. Older adults playing pickleball experience robust flow states, surpassing other activities."
42297081,Comparative effects of different types of mind-body exercise interventions for negative emotions in cancer patients: A systematic review and network meta-analysis.,2026,Complementary therapies in medicine,"While the positive impact of mind-body exercises on alleviating negative emotions in cancer patients is well-established, the most effective type of exercise for this population remains unclear. This systematic review and network meta-analysis (NMA) evaluated evidence from randomized controlled trials (RCTs) to compare the effectiveness of various mind-body exercise modalities in improving emotional well-being among cancer patients. Potentially eligible RCTs assessing anxiety and depression in cancer patients in relation to mind-body exercise interventions were retrieved from eight databases from inception to August 2025. Adverse events were set as secondary outcome measures. Review Manager v5.4 and Stata v17.0 were utilized for pairwise meta-analysis and NMA, respectively. The risk of bias was assessed using the Cochrane tool version 2.0, and the Confidence in Network Meta-Analysis web-based tool was employed to evaluate the certainty of evidence. Sixty-four RCTs involving 4448 participants were included. Across the studies that reported on adverse events (13 of 64 RCTs), no serious adverse events were documented. Pairwise meta-analysis revealed that the mind-body exercise group outperformed the control group in alleviating anxiety (SMD = -1.14, 95% CI [-1.42, -0.87], p < 0.00001) and depression (SMD = -0.87, 95% CI [-1.10, -0.64], p < 0.00001). In the NMA, treatment rankings for anxiety were: Baduanjin > Qigong > Yoga > Tai Chi > control. For depression, the rankings were Wuqinxi > Baduanjin > Qigong > Tai Chi > Yoga > Pilates > control. However, the certainty for network estimates ranged from moderate to very low, primarily attributed to the risk of bias and imprecision. Among the interventions studied, Baduanjin may be associated with relatively greater anxiolytic effects, while Wuqinxi may be more effective in alleviating depressive symptoms among cancer patients. Given the very low to moderate certainty of evidence and the star-shaped network with only indirect comparisons, these preliminary findings should be interpreted with caution."
42295632,From Inner Healing to Outer Harmony: Spiritually Oriented Counselling as a Pathway to Sustainable Well-Being in the Indian Context.,2026,Journal of religion and health,"In the context of rising mental distress, economic pressures, and environmental degradation, there is growing recognition that well-being must be understood as a multidimensional and systemic phenomenon. Contemporary perspectives increasingly emphasize the interdependence between personal flourishing, social harmony, and ecological balance, giving rise to the concept of sustainable well-being. Building on this foundation, this study examines the role of spiritually oriented counselling in promoting sustainable well-being by employing the means-end chain (MEC) theory and laddering interview technique to explore three key research questions-identifying attributes of spiritually oriented counselling, the benefits individuals derive, and the fundamental values they support, while exploring how these elements collectively contribute to sustainable well-being. Thirty-two individuals were approached, of whom 25 consented and completed participation (response rate = 78%). The analysis, conducted through content analysis and hierarchical value mapping, revealed that spiritually oriented counselling is grounded in key attributes such as nature immersion, mindfulness, yoga, gratitude practices, ethical living, and spiritual practices. These contributed to multiple benefits, including stress reduction, emotional resilience, mental clarity, inner peace, conscious consumption, and compassion. Ultimately, these experiences led participants to affirm core values such as personal well-being, interconnectedness, harmony, sustainability, and personal growth, central to the concept of sustainable well-being. The findings underscore the potential for counsellors, educators, and healthcare providers to integrate spirituality into counselling frameworks, aligning personal growth with collective and environmental well-being to create a regenerative, balanced future."
42294988,Mind-Body Practice and Healthy Aging: The Role of Yoga in Physical and Mental Well-Being Among Older Adults.,2026,International journal of aging & human development,"This study examines the association between yoga practice and multidimensional health outcomes among older adults in India using nationally representative data from LASI Wave 1 (2017-2018). The analysis includes 28,482 individuals aged 60 years and above. Yoga participation was categorized by frequency, and its association with cognitive function, social engagement, physical activity, sleep quality, depressive symptoms, functional health, and life satisfaction was assessed. Older adults who practiced yoga demonstrated better cognitive performance, greater social participation, higher life satisfaction-particularly among daily practitioners-improved sleep quality, and higher levels of physical activity. Daily yoga practice was also associated with fewer depressive symptoms and functional limitations. However, yoga participation across all frequencies was linked to increased reports of pain. A mixed dose-response pattern suggests that more frequent practice is associated with more favorable physical and mental health outcomes. These findings support integrating yoga-based interventions into public health strategies to promote healthy aging in India."
42294521,Effect of Add-on Yoga-Based Intervention on Schizophrenia: A Randomized Controlled Trial.,2026,"Behavioral medicine (Washington, D.C.)","Schizophrenia is a complex, highly heterogenous, and multifactorial psychiatric disorder. Antipsychotic medications which are the mainstay pharmacological therapy of Schizophrenia, have significant limitations in improving negative and cognitive symptoms and are frequently associated with adverse effects. Yoga, as an adjunctive intervention, has shown benefits in clinical outcomes, particularly in negative and cognitive symptoms. This study explored the impact of add-on yoga-based intervention on clinical outcomes, DNA methylation pattern, protein and mRNA expressions of immune molecules like cytokines and complement proteins in schizophrenia patients. Sixty-six patients were randomized to yoga therapy (YT, <i>n</i> = 33) and treatment-as-usual (TAU, <i>n</i> = 33) groups, of whom 30 patients in the YT group and 29 in TAU group completed three-month intervention period. Collection of blood samples to analyze plasma levels, lymphocyte gene expression, promoter DNA methylation pattern of interleukin-1β (IL-1β), IL-6, IL-10, IL-17A, and complement components (C3, C4, and C5) and clinical assessments were carried out at baseline and post-intervention. Patients of YT group demonstrated significant improvements in clinical outcomes, reductions in the levels of plasma IL-1β, expression of <i>Il1b</i> and <i>Il6</i> genes, increased expression of <i>C4</i> gene, hypermethylation of <i>Il1b</i> gene, hypomethylation of <i>Il6</i>, <i>Il10</i> and <i>C4</i> genes compared to TAU group post-intervention. These findings suggest that yoga-based intervention is associated with improvements in clinical outcomes, with concurrent changes in the expressions and DNA methylation patterns of a few immune markers. This study highlights the beneficial attributes of yoga-based intervention in schizophrenia and suggests that immunomodulation could be one of the mediating effects of yoga in Schizophrenia."
42293235,Integrating evidence-based lifestyle and adjunct therapies for long-term management of polycystic ovary syndrome: mechanistic insights and clinical implications.,2026,Frontiers in reproductive health,"Polycystic ovary syndrome (PCOS) is a complex multisystem disorder affecting 6%-13% of reproductive-aged women, characterized by hormonal and metabolic dysregulation. Driven by hyperandrogenism and insulin resistance, it contributes to reproductive and cardiometabolic complications. Current management remains largely symptom-focused, often limiting long-term effectiveness and comprehensive disease control. This narrative review critically evaluates current evidence on lifestyle-based and adjunct therapeutic strategies in PCOS management, with emphasis on dietary interventions, physical activity, nutraceuticals, and traditional remedies, focusing on their potential to modulate metabolic, endocrine, and inflammatory pathways alongside conventional clinical treatments. A structured narrative literature search was conducted across PubMed/MEDLINE, Scopus, Web of Science, and Google Scholar to identify studies published in English-language. Keywords related to PCOS, insulin resistance, hyperandrogenism, oxidative stress, lifestyle-interventions, dietary strategies, physical activity, traditional medicine, phytotherapy and mind-body interventions were combined using Boolean operators. Relevant original studies, clinical trials, systematic reviews, and meta-analyses were selected based on scope and relevance. Emerging evidence highlights the multifaceted role of lifestyle and adjunct interventions in improving the clinical outcomes in PCOS. Dietary approaches, including Mediterranean, low-glycemic index, ketogenic, and anti-inflammatory diets, are associated with improvements in metabolic parameters and insulin sensitivity. Structured physical activity comprising aerobic exercise, resistance training, high-intensity interval training, and mind-body practices such as yoga and Pilates demonstrates beneficial effects on metabolic and hormonal outcomes. Adjunct strategies, including nutraceuticals and selected phytochemicals, show potential in modulating insulin signalling, inflammation, and endocrine function. Psychological interventions, particularly mindfulness-based therapy and cognitive behavioural therapy, may alleviate psychosocial burden and enhance treatment adherence. Complementary cultural systems, including Ayurveda, Unani, and Traditional Chinese Medicine, have been explored as supportive approaches. Overall, heterogeneity in study design and quality necessitates cautious interpretation and further high-quality clinical validation. Effective PCOS management requires a balanced, evidence-based, and individualized approach in which lifestyle strategies form the foundation, pharmacological therapies remain central, and adjunct interventions are judiciously integrated as supportive measures rather than replacements for established care. Further well-designed high-quality clinical trials, standardized intervention protocols, and personalized therapeutic frameworks are needed to better establish the efficacy and safety of these strategies."
42292218,Comparative efficacy of single exercise interventions on pulmonary function and quality of life in patients with chronic obstructive pulmonary disease: a systematic review and network meta-analysis.,2026,Frontiers in medicine,"To systematically compare the effects of various single exercise interventions, including walking, cycling, respiratory muscle training, Taichi, land-based Liuzijue, water-based Liuzijue, Wuqinxi, Baduanjin, Yijinjing, and Yoga, on pulmonary function and quality of life in patients with chronic obstructive pulmonary disease (COPD), and to provide evidence for individualized rehabilitation strategies. Randomized controlled trials (RCTs) on single exercise interventions in patients with COPD were systematically searched in PubMed, EMBASE, Web of Science, Cochrane Library, Scopus, and CNKI from database inception to January 12, 2026. The risk of bias of the included studies was assessed using the Cochrane Risk of Bias Tool in RevMan 5.4, and the quality of evidence was further evaluated using the Grading of Recommendations Assessment, Development and Evaluation (GRADE) framework. The network meta-analysis was performed using the ""network"" command in STATA 17.0. A total of 77 RCTs involving 5,831 participants were included. The network meta-analysis showed that water-based Liuzijue was the most effective intervention for improving forced expiratory volume in 1 s as a percentage of the predicted value (FEV<sub>1</sub>%pred) (MD = 9.51, 95% CI: 3.23 to 15.78; SUCRA = 88.4%), whereas Yijinjing was the most effective intervention for reducing COPD Assessment Test (CAT) scores (MD = -8.37, 95% CI: -12.83 to -3.91; SUCRA = 95.9%). Among single exercise interventions for patients with COPD, water-based Liuzijue showed the greatest benefit in improving pulmonary function, while Yijinjing demonstrated the most pronounced effect on quality of life. However, given the limited number of studies on water-based Liuzijue and Yijinjing, these results should be interpreted with caution, and further high-quality randomized controlled trials are needed to validate these findings. https://www.crd.york.ac.uk/PROSPERO/view/CRD420261280662, CRD420261280662."
42288848,The effect of home-based yoga exercises on quality of life among postpartum women.,2026,Reproductive health,"The postpartum period is often accompanied by physical discomfort, emotional stress, and reduced quality of life. Yoga has gained attention as a gentle, low-cost intervention that can support physical recovery and emotional well-being after childbirth. By combining movement, breathing, and relaxation, postpartum yoga may help improve overall health and quality of life for new mothers. To evaluate the effect of a home-based yoga exercise program on the quality of life among postpartum women. A quasi-experimental design with two groups (study and control). A purposive sampling of 300 participants was equally divided. This study was conducted at outpatient clinics of the obstetric and gynecological department at Mansoura University Hospital, Dakahlia Governorate, Egypt. Three tools were used for data collection, first tool: Structured Interviewing Questionnaire to collect data about the participant's socio-demographic data and obstetric and infant history. Second tool: Yoga exercise schedule card. This tool functioned as both a guidance and monitoring resource for the postpartum Yoga exercise. Third tool: Quality of Life Questionnaire. This standardized tool was used to assess the overall quality of life of postpartum women. The results of this study demonstrate a statistically significant difference in postpartum quality of life between the study and control groups (p < 0.001). All participants in the study group reported satisfaction across various levels, while none of the control group participants expressed satisfaction. The study concluded that home-based yoga exercises had a positive effect on improving the quality of life among postpartum women. Respondents who regularly practiced yoga presented a better physical and emotional well-being in comparison to others in the control group. Postpartum yoga shall be merged into routine maternal healthcare to enhance their physical and emotional well-being after delivery. Accessible, home-based yoga programs with clear instructions to accommodate diverse postpartum conditions shall be developed by the Healthcare authorities. Also, training nurses and midwives on safe yoga practices to lead women and improve the effectiveness, and ensure their safety during performing this intervention."
42288374,Integrative Medicine for Breast Cancer Survivors.,2026,Seminars in radiation oncology,"Breast cancer remains one of the most commonly diagnosed cancers worldwide. Cancer treatments often cause a variety of physical and psychological symptoms that can last beyond the end of therapy. This article reviews the current evidence on integrative medicine approaches, including diet, exercise, and other modalities studied for managing symptoms often reported by breast cancer survivors. For each symptom, we highlight integrative medicine interventions with the strongest available evidence, including mind-body approaches (eg, mindfulness-based interventions, yoga, and hypnosis), acupuncture, massage therapy, and selected dietary supplements. This symptom-focused framework aims to help clinicians identify integrative interventions that, based on the existing evidence, may be suitable for addressing individual patient concerns."
42288373,Integrative Oncology Approaches for Gastrointestinal Symptoms and Risk Reduction in Patients With Digestive Tract Cancers.,2026,Seminars in radiation oncology,"The purpose of this review is to examine lifestyle-related risk factors for digestive tract cancers, outline integrative oncology strategies for managing nutrition and gastrointestinal symptoms during treatment, and summarize post-treatment recommendations for reducing cancer risk. Key modifiable lifestyle factors in both the prevention and survivorship setting include engaging in regular physical activity and consuming a diet rich in plant-based foods with limited red meat and processed foods. The review also centers integrative approaches to manage gastrointestinal toxicities due to radiation therapy and/or chemotherapy, including practical nutrition tips, mindfulness-based interventions, tai chi/qigong, yoga, acupuncture/acupressure, and selected natural products and herbal supplements. We aim to offer clinicians a holistic framework for caring for patients with digestive tract cancers and to provide both clinicians and patients alike with pragmatic, evidence-based integrative strategies that can reduce risk of cancer, complement pharmacologic treatment, and improve survival."
42288372,Integrative Oncology and Radiation Therapy: An Essential Evolution.,2026,Seminars in radiation oncology,"Radiation oncology has long paired precision with compassion, technical excellence with daily human connection. Integrative oncology extends that legacy, advancing a shift from reactive symptom management to proactive, coordinated care; from fragmented referrals to integrated pathways; and from isolated pilot efforts to implementation-ready science. In this volume of Seminars in Radiation Oncology international experts reflect on the collective toolbelt of integrative oncology, the maturation of the science, and the exciting opportunity before us in radiation oncology. By integrating complementary approaches alongside conventional treatment, integrative oncology seeks to improve symptom control, functional outcomes, treatment adherence, and quality of life, with emerging evidence supporting benefits in disease-free and overall survival in select settings. Integrative approaches include nutrition and the microbiome, physical activity, mind-body and nature-based interventions, acupuncture and East Asian medicine, Ayurveda, massage and manual therapy, yoga, tai chi, qi gong, music therapy, stress management, sleep medicine, herbs and supplements, psycho-oncology, and supportive care. Across this collection, three central themes emerge: (a) patient-centered care targeting symptoms that matter most to patients and caregivers; (b) data-driven practice grounded in clinical trials, guidelines, and mechanistic science; and (c) operational compatibility with radiation oncology workflows. We hope readers leave with two clear outcomes: practical integrative strategies applicable to patients beginning radiation therapy tomorrow, and a sharper understanding of the research and systems infrastructure required to make integrative oncology a standard and equitable component of care. The work presented here signals a structural evolution -aligning tumor control and survival with symptom science, biologic insight, and whole-person care. In doing so, radiation oncology is uniquely positioned not merely to participate in, but to lead the redefinition of integrative cancer care for the decades ahead."
42288371,Clinical Trials of Integrative Oncology Interventions for Radiation Therapy: Emerging Evidence and Opportunities.,2026,Seminars in radiation oncology,"Integrative oncology interventions for patients undergoing radiation therapy (RT) may relieve symptoms (including procedural anxiety) and improve quality of life, though gaps remain in the evidence base to adequately guide implementation efforts. In this article we review clinical trials specifically for psychological (ie, mindfulness), physical (ie, exercise, acupuncture), and combination approaches (ie, yoga, tai chi, and qigong), in which several symptom-based clinical outcomes are impacted (ie, fatigue, sleep disturbance, pain, mood, and xerostomia). We identified at least 90 clinical trials and 15 systematic reviews and meta-analyses related to this topic, but note the predominance of early-phase investigations and some heterogeneity in study findings. We also assess opportunities across the radiation treatment continuum, noting most interventions were targeted during active radiation treatment. Future research ought to leverage novel hybrid study designs and multi-center community-based clinical settings (including cooperative groups) to confirm effectiveness and generalizability of findings of existing earlier phase clinical trials. Meanwhile, opportunities to improve clinical trial efficiency such as integrating advanced practice providers and patient-reported outcomes in routine care should be considered. As a field with procedural elements, established symptom trajectories, and often daily patient engagement, radiation oncology is poised to develop and implement interventions that advance symptom science and clinical outcomes for patients with cancer."
42288370,Nonpharmacologic Approaches for Pain Management in Patients With Cancer Treated With Radiation Therapy.,2026,Seminars in radiation oncology,"Radiation therapy (RT) is central to cancer treatment, yet pain from RT-related toxicities remains common and often inadequately controlled with pharmacologic care alone. Integrative medicine modalities are increasingly used to complement standard analgesic strategies, but their role in RT-related pain has not been comprehensively synthesized. In this narrative review, we summarize clinical evidence for nonpharmacologic approaches to RT-related pain, including acupuncture, massage, hypnosis, yoga, and exercise. We further include strategies for incorporating these modalities across the RT care continuum, from pretreatment assessment and on-treatment symptom control nonpharmacologic strategies may reduce pain, while some may also reduce analgesic use or improve quality of life, supporting a more proactive, integrative model of pain management in RT. However, further rigorously designed prospective studies focusing on radiation-related pain and care delivery process are needed to examine the specific efficacy and optimal integration in the context of radiation oncology."
42288369,Integrative Therapies for Radiation-Related Toxicities in Hematological Malignancies.,2026,Seminars in radiation oncology,"Hematological malignancies are the fourth most common cancer type, with lymphoma as one of the most common hematological malignancies in this group. Radiation therapy plays a critical role in the treatment of hematological malignancies, particularly lymphoma, plasmacytoma, and leukemia. Radiation toxicities include side effects such as pain, dermatitis, mucositis, xerostomia, nausea, fatigue, anxiety, and pneumonitis. With emerging therapies in hematology, including chimeric antigen receptor T-cell therapy, bispecific antibodies, and transplant, patients are presented with unique side effects that may impact their ability to tolerate radiation. Integrative therapies, such as mindfulness-based interventions and yoga, have shown to have strong evidence in managing radiation-related fatigue, anxiety, and depression. Acupuncture has shown to be efficacious for radiation-related pain, xerostomia, and anxiety. As survival has continued to increase over the years, survivorship has become crucial. For patients who have undergone radiation, survivorship concerns such as increased cardiovascular risk, psycho-social concerns, secondary malignancy risk, and others may uniquely be addressed with integrative approaches. This review aims to give an overview of the current evidence for integrative therapies in managing toxicities secondary to radiation and improving the survivorship of patients who have received radiation therapy."
42288366,A Narrative Review of Nature-Based Interventions that Support Mental Health and Well-Being for Adults Affected by Cancer.,2026,Seminars in radiation oncology,"People affected by cancer experience significant mental health challenges across the cancer continuum, marked by anxiety, depression, fear of recurrence, and identity disruption. Several evidenced-based integrative oncology approaches are recommended to address psychosocial sequelae (eg, mindfulness, yoga, and music therapy), however, less attention has been given to the role of spending safe and meaningful time in natural environments for this purpose. Growing research suggests that nature-based interventions (NBIs) offer meaningful mental health benefits by reducing stress, restoring attention, and increasing opportunities for physical activity and social connection. In this narrative review, we synthesize evidence on the effects of exemplar NBIs delivered to cancer patients and survivor samples to improve mental health, psychosocial outcomes, and physical biomarkers. Findings are organized across the six following NBI modalities: (1) horticultural and gardening interventions, (2) therapeutic landscapes and built design, (3) group-based immersive wilderness experiences, (4) forest therapy interventions, (5) nature-based physical activity, and (6) nature prescriptions. Feasibility and acceptability were demonstrated across NBIs, with reported benefits such as reduced psychological distress, improved mood, sleep, quality of life, self-efficacy, and social connectedness. Evidence remains heterogeneous, with many studies limited by small sample sizes, nonrandomized designs, and variability in intervention dose and outcomes assessed. This narrative review highlights the potential of NBIs to complement existing psychosocial supports to promote resilience and well-being among people affected by cancer."
42287868,ENDO-GYM: A holistic approach with pelvic floor physiotherapy and Yoga for endometriosis pain relief.,2026,"European journal of obstetrics, gynecology, and reproductive biology","To retrospectively evaluate the impact of ENDO-GYM Program, which combined Yoga practice and pelvic floor physiotherapy (PFP), on women with ultrasound and/or post-operative histological diagnosis of endometriosis pain resistant to standard treatments, including surgery and hormonal therapy. ENDO-GYM consisted of 12 weekly sessions over a period of 3 months, including two PFP sessions and 12 Yoga sessions. The EHP-30 questionnaires and the NRS scales collected before and after the Program were retrospectively used for this study to evaluate women's quality of life (QoL), chronic pelvic pain and dyspareunia. A total of 50 patients fulfilled the inclusion criteria and were included in the final analysis. At baseline, the mean total EHP-30 score was 44.9 ± 17.1 (range 13.2-88.6). After completing the ENDO-GYM Program, the mean score decreased to 39.9 ± 15.8. This reduction was statistically significant (p < 0.001), indicating an overall improvement in quality of life. Analysis of the EHP-30 subscales showed a significant improvement across all domains (all p < 0.001). Pain assessment using the NRS scale revealed that deep dyspareunia scores decreased from 7.1 ± 1.9 at baseline to 6.6 ± 2.5 at mid-intervention and 6.4 ± 2.6 at the end of the Program, with a statistically significant overall reduction (p = 0.019). An integrative approach of PFP and Yoga practice can reduce pain and deep dyspareunia and improve the QoL in women with endometriosis and pain resistant to standard treatments."
42286678,A digital yoga-based 'Pause Grow Reflect' intervention for postgraduate researchers: a feasibility randomised controlled trial and embedded qualitative acceptability study.,2026,Pilot and feasibility studies,"The prevalence of mental health and well-being problems among postgraduate researchers (PGRs) is concerning. Self-care is a protective factor; however, engagement can be low. Interventions to date are not theory-driven nor co-developed. This study assessed the feasibility and acceptability of a co-created, theory-driven digital yoga-based self-care intervention (Pause Grow Reflect). A 2:1 randomised feasibility trial of the 7-week Pause Grow Reflect intervention and embedded qualitative study was conducted in UK PGRs. Primary outcomes included rates of recruitment, retention, follow-up, adherence, and engagement. Secondary outcomes assessed fidelity, acceptability, adverse events, and preliminary signals of efficacy. Criteria determined progression to a definitive trial. An embedded qualitative study comprising 1:1 semi-structured interviews was guided by the Theoretical Framework of Acceptability (TFA) and data analysed using deductive thematic analysis. PGRs were allocated to the intervention (n = 24) or control (n = 13) group. Progression criteria were met for recruitment, T1 assessments, and acceptability, whilst rates of retention, engagement, and T2 follow-up assessments were not. Marginal mean differences for stress were observed. The qualitative data (n = 10 interviews) showed that all seven TFA domains were important, with issues mostly reported for the constructs of 'burden' and 'opportunity costs'. Pause Grow Reflect was largely feasible to deliver and acceptable within a UK context, and may be a promising offer to promote self-care during doctoral programmes. Further intervention refinement would promote better rates of retention, adherence, and engagement. Preliminary observations were positive, though a larger RCT is needed to determine efficacy."
42286132,Non-duality in brain and experience of advanced meditators-key role for intrinsic neural timescales.,2026,Communications biology,"Distinguishing between self (internal) and environment (external) is fundamental to human experience, yet mind-body traditions describe non-dual states where this boundary dissolves. However, the neural basis of non-duality remains underexplored. We investigate this in advanced and novice meditators from the Isha Yoga tradition and meditation-naïve controls using psychological scales and EEG-based intrinsic neural timescales (INT). Subjects perform breath-watching meditation (internal attention) and a cognitive task (external attention), allowing us to operationalize non-duality as reduced internal-external distinction. Key findings include: (a) advanced meditators report stronger non-dual experiences during breath-watching than novices and controls; (b) across participants, INTs are longer during internal than external attention; (c) advanced meditators show similar INT durations between internal and external attention; and (d) this reduced INT difference correlates with stronger reported non-dual experiences. These results suggest that similar duration of intrinsic neural timescales during internal and external attention may serve as a neural signature of non-duality."
42281930,Potential implications of a therapeutic polyherbal infusion in Ayurveda as an adjunct to multidisciplinary relaxing techniques in alcohol withdrawal syndrome-an exploratory randomized study protocol.,2026,Frontiers in medicine,"Alcohol withdrawal syndrome (AWS) constitutes a critical clinical outcome across the spectrum of alcohol use disorders (AUD), comprising severe neuropsychological manifestations during early abstinence among individuals with alcohol dependence. Pharmacological management primarily relies on benzodiazepines, which may cause dependence and hepatic stress. Addressing the core psychological domains is essential for uplifting the quality of life in such patients, and an integrated psychopharmacological approach rooted in holistic principles would be prioritized for better recovery. Ayurveda believes in treating the root cause rather than the symptoms, and hence, a polyherbal formulation is used in this trial, which would act on the doshas (humors) responsible for the manifestation of AWS. Hence, integrating the therapeutic intake of <i>Kharjuradi Mantha</i> coupled with mind-body relaxation interventions could provide substantial symptom control and enhanced recovery outcomes. This exploratory randomized study protocol aims to evaluate the efficacy of a therapeutic herbal infusion (<i>Kharjuradi Mantha</i>) as an adjunct to multidisciplinary relaxation techniques comprising yoga, meditation, and counseling in individuals experiencing mild-to-moderate AWS. An exploratory, open-label, parallel-group randomized controlled trial will be conducted among 38 male inpatients who are diagnosed with mild-to-moderate AWS (Clinical Institute Withdrawal Assessment for Alcohol-Revised [CIWA-AR] score 8-15). Participants will be randomly assigned in a 1:1 ratio to receive either the herbal infusion in addition to relaxation techniques or the relaxation techniques alone for 28 days. The major outcome measure is to evaluate the difference in CIWA-AR scores from baseline to the 29th day after the completion of the trial in the trial setting. It is anticipated that the herbal infusion will enhance symptom resolution and overall psychological stability, which is reflected in the CIWA-AR scores when combined with yoga, meditation, and counseling, compared with standard non-pharmacological management alone. https://ctri.nic.in, Identifier CTRI/2024/07/070952."
42281140,Meditation Enhances Small-World Network Efficiency: MEG-Based Evidence from Attention and Control Systems.,2026,Brain connectivity,"Brain networks and meditation have recently gained attention, with studies suggesting that more efficiently organized meditation brain networks are linked to better cognitive performance. This efficiency is exemplified in small-world brain networks, which combine local segregation with global integration, facilitating optimal information processing. This study examines the small-world propensity (SWP), a marker of neural efficiency, among three functional brain networks: the default mode network (DMN), fronto-parietal network (FPN), and attention network (AN) in three groups: advanced meditators (AM), beginner meditators (BM), and control meditators (CM). Using magnetoencephalography (MEG), we recorded 10-min meditation sessions from AM and BM groups practicing Surat-Shabda-Yoga meditation at different stages. The CM (baseline group), with no formal training in meditation, had introductory exposure to ""four chakra meditation"" and practiced the same. SWP was computed using coherence-based connectivity measures across frequencies ranging from 4 to 45 Hz during stable meditative states. Significant differences were observed between meditators and non-meditators, with AM and BM groups compared with the CM group. Specifically, the AN in the AM group compared with CM exhibited higher SWP at the beta frequency range (19 Hz), while the FPN in the BM group compared with the CM showed increased SWP at the theta frequency range (8 Hz). These findings highlight how meditation engages the brain's intrinsic network architecture in a frequency- and stage-specific manner, supporting efficient information processing and offering a scientific basis for its cognitive and regulatory benefits."
42277754,"Long-term physical activity, brain structure, and cognitive function: a systematic review of longitudinal observational evidence.",2026,BMC neurology,"Physical inactivity is a key modifiable risk factor for dementia, and physical activity is proposed to confer neuroprotective effects on brain structure and cognitive function. To synthesize longitudinal observational evidence on associations between long-term habitual physical activity and brain structural outcomes and cognitive function across adult age groups. Five databases were searched from inception to August 2024. Eligible studies enrolled adults aged ≥ 18 years without cognitive impairment or dementia, used validated accelerometry or self-report physical activity assessment, and employed longitudinal observational designs with a minimum 12-month exposure-to-outcome window. Risk of bias was assessed using the ROBINS-E tool. Twenty studies were included in the review. Higher habitual physical activity was consistently associated with preserved hippocampal and prefrontal grey matter volume and attenuated white matter microstructural decline. Executive function and processing speed showed the most consistent cognitive associations, with evidence of a dose-response accumulation effect across adulthood. Associations appeared amplified in APOE-ε4 carriers. Bidirectional analyses indicated preserved brain structure also predicted subsequent physical activity, suggesting reverse causation cannot be excluded. All 20 studies were rated ""some concerns"" on the ROBINS-E scale. Longitudinal observational evidence is consistent with the hypothesis that sustained habitual physical activity is associated with preserved brain structure and attenuated cognitive decline, though causal inference is not warranted given the limitations of the observational design."
42273076,Patterns of vitamin D deficiency and functional resistance in cancer: a brief observational report.,2026,Frontiers in molecular biosciences,"Although vitamin D deficiency is common in cancer populations, responses to vitamin D supplementation remain inconsistent. This suggests that circulating vitamin D levels may not fully capture its biological activity and that impaired vitamin D responsiveness, or functional vitamin D resistance, may be present in a subset of patients. A retrospective observational analysis of 220 patients with solid and hematological malignancies evaluated at an integrative oncology center in India. Serum 25-hydroxyvitamin D [25(OH)D] and intact PTH (iPTH) levels were assessed. Vitamin D deficiency (<20 ng/mL), insufficiency (20-29 ng/mL), and sufficiency (≥30 ng/mL) were defined using standard thresholds. Functional vitamin D resistance was defined as elevated iPTH (>65 pg/mL) in the presence of sufficient vitamin D. Distribution patterns were examined across cancer types, disease stage, metastatic status, and metabolic comorbidities. Among 220 patients (mean age 57.6 ± 14.8 years), mean serum 25(OH)D was 22.2 ± 16.0 ng/mL, indicating a high prevalence of insufficiency. Serum 25(OH)D was inversely correlated with iPTH (p = 0.005). Advanced tumor stage was independently associated with vitamin D deficiency, while dyslipidemia was paradoxically associated with lower odds of deficiency. Functional vitamin D resistance was identified in 8 of 206 evaluable patients (3.9%) and was significantly associated with type 2 diabetes mellitus and dyslipidemia, but not with tumor stage or metastatic status. Vitamin D deficiency and insufficiency are common in cancer, whereas functional vitamin D resistance represents a distinct and less frequent phenotype associated with metabolic comorbidities. Assessment of iPTH alongside serum vitamin D may provide additional insight into vitamin D endocrine responsiveness in oncology settings."
42267086,Comparing shoulder girdle muscle activation during two yoga poses in female athletes with and without scapular dyskinesis.,2026,PeerJ,"Many yoga poses involve supporting part or all of the body weight on the shoulder girdle and arms, which impose high loadings on the shoulder girdle. The present study aims to investigate the differences in electromyographic (EMG) activity of shoulder muscles in female yoga athletes with and without scapular dyskinesis (SD) during two yoga poses. This cross-sectional analytical survey study included 24 female athletes aged 18-40 years with (<i>N</i> = 12) and without (<i>N</i> = 12) scapular dyskinesis from a yoga club in Tehran, Iran. EMG (Aktos; Myon, Inc.) data were collected to measure the peak activation of the shoulder girdle muscles, including: upper trapezius, lower trapezius, serratus anterior, infraspinatus, posterior deltoid, and teres major of the dominant side, explicitly focusing on their electrical activity during the two yoga poses, Chakrasana and Pincha Mayurasana. An independent <i>T</i>-test and Mann-Whitney U test were used to analyze inferential statistics with a significance level of <i>p</i> ≤ 0.05. The results showed there is no significant difference between the with SD and without SD groups in the activity of the upper trapezius, serratus anterior, posterior deltoid, and teres major muscles during Chakrasana and Pincha Mayurasana poses (<i>P</i> ≥ 0.005). In contrast, the two groups had significant differences in the lower trapezius (<i>P</i> = 0.033) and infraspinatus (<i>P</i> = 0.045). Specifically, lower trapezius activity was greater in the SD group, whereas infraspinatus activity was greater in the non-SD group. This study suggests that scapular dyskinesis influences the activity of the infraspinatus and lower trapezius muscles during Chakrasana and Pincha Mayurasana poses. The data highlight the importance of targeted neuromuscular interventions to address muscular imbalances in the shoulder complex, especially in populations exposed to overhead and inverted movements, such as yoga practitioners."
42264828,Mind-body exercise interventions in older adults with dementia: A systematic review and meta-analysis.,2026,Journal of bodywork and movement therapies,"This study investigated the effects of mind-body interventions-defined as practices integrating physical movement, controlled breathing, and focused attention, such as yoga, dance, tai chi, and mindfulness-on neuropsychological and behavioural aspects in older adults with dementia. A systematic search was conducted in PubMed, Web of Science, Scopus, APA PsycInfo, Embase, and SciELO. Eligible studies were randomized controlled trials (RCTs) of movement-based mind-body interventions in dementia that reported at least one neuropsychological or behavioral and psychological symptom of dementia (BPSD) outcome. Physical function and quality of life were also evaluated as secondary outcomes. A meta-analysis was performed using a random-effects model, with effect sizes expressed as standardized mean differences (SMD). Heterogeneity was assessed using the I<sup>2</sup> statistic. Eight RCTs comprising 529 participants met the inclusion criteria. Significantly large effects were observed for BPSD, particularly with mindfulness and tai chi interventions sustained for up to 1 year. Moderate improvements were also identified in neuropsychological and physical function compared with controls. No significant effects were detected for quality of life. Movement-based mind-body interventions might be a cost-effective, non-pharmacological strategy to improve BPSD, neuropsychological, and physical function in individuals with dementia. However, current evidence only permits general clinical recommendations. Further large-scale, well-designed RCTs are needed to consolidate the evidence base and guide dementia care practices. This systematic review follows PRISMA-S guidelines and is registered in PROSPERO (CRD42023483823)."
42264784,Beyond pain: Impact of movement-based mindful exercises in fibromyalgia. A systematic review with meta-analysis.,2026,Journal of bodywork and movement therapies,"Current literature supports exercise for the management of fibromyalgia (FM), although the optimal type of exercise remains unclear. This systematic review aims to summarize the effectiveness of qigong, yoga, and tai chi for FM-related symptoms beyond pain. Searches were conducted in CINAHL (via EBSCOhost), Embase, PsycINFO, PubMed, SPORTDiscus (via EBSCOhost), and the Cochrane Library from inception to September 2023 (updated in February 2026). Randomized controlled trials (RCTs) including measures of fatigue, anxiety, depression, health status, sleep quality, and overall quality of life were included. The Cochrane Risk of Bias tool 2 (ROB-2) was used to assess the risk of bias in primary studies. The Grading of Recommendations, Assessment, Development, and Evaluations (GRADE) approach judged the certainty of the evidence. Sensitivity analyses and meta-regressions were performed. Twenty-three RCTs with 1734 participants were included. Meta-analyses showed that mindful exercises were more effective than control interventions (active and inactive) across all measures, i.e., fatigue (standard mean difference [SMD]: 0.63, 95% confidence interval [CI]: 0.08 to 1.17; P = 0.04), except for sleep quality and overall quality of life. Subgroup analyses demonstrated that the type of intervention may influence the results. Most RCTs had a high risk of bias, and the certainty of the evidence was very low. Qigong, tai chi, and yoga positively impact FM-related symptoms beyond pain, including fatigue, mental health, and health status. However, given the very low certainty of the evidence, these findings should be interpreted with considerable caution in clinical practice."
42264518,Effect of yoga on musculoskeletal complaints in women during endocrine treatment for breast cancer: protocol of the randomised controlled COBRA trial.,2026,BMJ open,"Approximately 40% of women stop endocrine therapy for hormone-receptor-positive breast cancer within the first 5 years of prescribed treatment because of side effects. Musculoskeletal complaints are among the most frequently reported side effects. The Cancer Of the BReast Asanas (COBRA) study examines the effect of an 18-week yoga programme on endocrine therapy-associated musculoskeletal complaints in women with breast cancer. In total, 140 women will be randomised in a 1:1 ratio to the intervention or waitlist control group. The intervention programme consists of two times a week 1-hour supervised Hatha or (easy) Vinyasa yoga classes at a yoga or sports centre for 18 weeks and once per week a half-hour at home using videos. The waitlist control group is asked to maintain their habitual lifestyle during the first 18 weeks and will participate in a similar yoga programme to the intervention group for the following 18 weeks. The control group yoga programme is offered live-remote. The primary outcome (musculoskeletal complaints) is assessed with the Brief Pain Inventory questionnaire at baseline and 18 weeks (primary comparison) and additionally at 36 weeks. Secondary outcomes include lower and upper extremity joint complaints, menopausal symptoms, fatigue, sleep, quality of life, anxiety and depression, cognitive complaints and habitual physical activity (all patient-reported), vital signs and anthropometrics, physical fitness, blood biomarkers, medication use, safety data and patient and teacher experiences. At baseline and 18 weeks, cognitive complaints are also assessed with an online neuropsychological test battery. The COBRA study was approved by the Medical Ethical Committee of the University Medical Center Utrecht. The study started on 8 October 2024, and 65 participants have been included (20 January 2026). Results will be submitted to an international peer-reviewed journal. NCT06480513."
42263273,"Effect of Yoga-Based Breathing Exercise on Pain, Fatigue, Insomnia, and Self-Efficacy in Individuals Undergoing Colorectal Cancer Surgery: A Randomized Controlled Trial.",2026,Cancer nursing,"Yoga-based breathing exercises (pranayama) can be effective in improving symptoms such as pain, fatigue, and insomnia, and increasing self-efficacy after colorectal cancer surgery. To evaluate the effects of pranayama on pain, fatigue, insomnia, and self-efficacy after colorectal cancer surgery. This study was a randomized controlled trial comparing a yoga-based breathing intervention to a usual care control group. Participants who were taking the same type and dosage of postsurgical pain medication and not taking sleeping pills were randomly assigned to groups. This study was conducted with 80 adult patients with a recent diagnosis of colorectal cancer who were scheduled for surgical resection. The intervention group performed pranayama twice a day in the evening before surgery and for 7 days after surgery. In the intervention group, fatigue decreased (P = .012, η2 = 0.055) and sleep quality improved more (P = .033, η2 = 0.043) compared with the control group. Although pain levels decreased over time in the intervention group compared with the control group, this change was not statistically significant (P = .185, η2 = 0.021). Similarly, self-efficacy showed an upward trend in the intervention group; however, this increase was not statistically significant (P = .126, η2 = 0.026). Pranayama may be effective in reducing postsurgical fatigue and insomnia and improving self-efficacy. These findings support the integration of pranayama into holistic perioperative care as a complementary approach to managing postsurgical symptoms such as fatigue and insomnia."
42262593,Enhancing spinal mobility and functional capacity through aerobic exercise and yoga in ankylosing spondylitis: a randomized controlled trial.,2026,Rheumatology international,"Objective This study aimed to investigate the effects of yoga-based exercises, combined with aerobic exercises, on spinal mobility, disease activity and functional capacity in Ankylosing spondylitis (AS). Methods A total of 51 patients with AS (27 males, 24 females; mean age: 40.7 ± 9.1 years; range 24-57 years) completed in this prospective, randomized, controlled study. Group 1 (n = 25) received only aerobic exercise therapy, while group 2 (n = 26) received yoga therapy in combination with aerobic exercises. The intensity of the aerobic exercise program were determined using Cardiopulmonary Exercise Testing (CPET). The aerobic program was administered for 30 min over 12 sessions, under physician supervision with monitoring using a lower extremity ergometer. In group 2, in addition to the aerobic program, a yoga-based exercise consisting of spinal flexibility, relaxation, breathing and meditation exercises was administered for 30 min over 12 sessions. Spinal mobility (chest expansion(CE) and BASMI), peripheral muscle strength and laboratory measures (ESR and CRP), were recorded pre- and post-treatment. SpA-specific clinical measures included the ASDAS-CRP, BASFI, ASQoL scale, fibromyalgia scores. Functional capacity was evaluated using the 6-Minute Walk Test (6-MWT). Respiratory parameters and aerobic capacity levels, recorded using Pulmonary Function Tests (PFT) and CPET. Results In the analysis comparing pre- and post-treatment delta gain values between the two groups, statistically significant differences favoring group 2 were found in CE (p = 0.002), BASMI (p = 0.025), right and left handgrip strength (p = 0.023, 0.044), BASFI (p = 0.03), 6-MWT (p = 0.005) and resting systolic blood pressure (p = 0.012). In the Holm-Bonferroni-adjusted sensitivity analysis of between-group delta comparisons, chest expansion, BASMI, and 6-MWT remained statistically significant among clinical and functional secondary outcomes, whereas handgrip strength and BASFI no longer remained statistically significant Conclusion This study showed that a physician-supervised combined aerobic and yoga-based exercise program may provide additional benefits over aerobic exercise alone in selected clinical and functional outcomes, particularly chest expansion, spinal mobility, functional capacity. We suggest that yoga-based exercises combined with aerobic exercise, could be included in the treatment plans of patients with AS."
42259099,Raja Yoga meditation: A personal spiritual experience and narrative inquiry.,2026,"Explore (New York, N.Y.)","The COVID-19 pandemic catalysed widespread psychological distress, daily disruptions, and pervasive uncertainty. This paper presents a narrative inquiry exploring a personal spiritual journey with Raja Yoga meditation, initiated via an online course during the pandemic lockdown. The account investigates the interconnected roles of spiritual knowledge, meditation practice, and selfless service (Sewa) in enhancing psychological well-being and fostering profound inner transformation. Additionally, a unique subjective experience during a residential spiritual retreat is analysed through both spiritual and neuro-psychological frameworks. The findings highlight the potential of meditation-based spiritual practices to cultivate self-awareness, mental clarity, and emotional resilience. This study contributes to the expanding body of literature addressing the intersection of spirituality and mental health during global crises."
42254736,Physical Activity interventions on health-related quality of life (HR-QoL) in major depressive disorder (MDD): a systematic review and meta-analysis of randomized controlled trials.,2026,Frontiers in psychiatry,"Major Depressive Disorder (MDD) causes global disability and economic burden. Standard treatments often yield incomplete recovery with impaired health-related quality of life (HR-QoL). This meta-analysis evaluates exercise interventions' effects on HR-QoL in adults with clinically diagnosed MDD. Following PRISMA 2020 guidelines, randomized controlled trials (RCTs) of adults (≥18 years) with MDD were included if they evaluated physical activity/exercise interventions (e.g., aerobic, resistance, yoga, Tai Chi) versus active or non-active controls with HR-QoL outcomes. Comprehensively the main four databases and grey literature searches were conducted. Two reviewers independently screened studies, extracted data, and assessed risk of bias using the Cochrane RoB-2 tool. Statistical analysis performed by STAT-17. Finally, 11 RCTs were included (mean age about 48.9 years; majority female participants (68%)). The meta-analysis showed that exercise interventions significantly improved overall HR-QoL immediately after treatment (SMD = 0.31 [0.16, 0.46], I² = 0.00%). At follow-up, exercise was also associated with a significant improvement in HR-QoL (SMD = 0.41 [0.13, 0.70], I² = 34.42%). Domain-level analyses indicated significant improvements favoring exercise in overall (SMD = 0.25 [0.05, 0.45], I² = 0%), physical (SMD = 0.50 [0.10, 0.91], I² = 48.18%), psychological (SMD = 0.58 [0.24, 0.92], I² = 0%), and emotional (SMD = 0.51 [0.11, 0.91], I² = 21.03%) domains, while the social domain showed no significant difference (SMD = 0.11 [-0.34, 0.57], I² = 0%). Exercise interventions, primarily structured and supervised, may improve short-term HR-QoL in adults with major depressive disorder, particularly in the physical and psychological domains. However, long-term effects remain uncertain, and current evidence does not support the superiority of any specific exercise modality. Given the limited number of studies, heterogeneity in control conditions, and variability in HR-QoL measures, further high-quality randomized controlled trials with longer follow-up are needed."
42254647,Developing a digital ecological momentary assessment tool for 'real time' evaluation in implementation science: testing through evaluation of a novel digital social prescribing intervention.,2026,Frontiers in public health,"Social prescribing is increasingly adopted as a strategy to address psychosocial determinants of health, yet evaluating complex community-based interventions remains methodologically challenging. Digital ecological momentary assessment (EMA) offers potential for capturing real-time, multi-modal data in naturalistic settings. This study aimed to develop and assess the feasibility of a novel digital EMA approach integrating wearable-derived physiological data with repeated self-report wellbeing measures within a digital social prescribing (DSP) context. Despite increasing interest in EMA and wearable technologies, their integration within social prescribing evaluations remains underexplored. A mixed-methods feasibility study was conducted alongside a four-week online chair-based yoga programme delivered through a social prescribing service in East London, UK. Participants wore smartwatches to collect physiological indicators (stress, sleep, heart rate) and completed twice-daily wellbeing assessments using an adapted Short Warwick-Edinburgh Mental Wellbeing Scale. Quantitative data were analysed using exploratory linear mixed-effects models to examine data behaviour and integration within the intensive longitudinal dataset. Participant workshops explored feasibility and acceptability. Thirteen participants were recruited, with eleven included in quantitative analyses. The study indicated that integrating wearable and self-report EMA data within routine-style DSP delivery is feasible, although challenges were identified regarding device synchronisation, questionnaire adherence, and missing data. Exploratory modelling illustrated substantial within- and between-person variability in wellbeing trajectories and provided an indication of the feasibility of analysing intensive longitudinal EMA data, with no consistent associations between same-day yoga participation and physiological stress markers. Qualitative findings suggested that participants found the approach acceptable and highlighted factors influencing engagement, including flexibility, motivation, and perceived burden. Integrated wearable and self-report EMA methodologies can be deployed in DSP contexts, but their implementation is associated with important methodological and technical challenges. Findings highlight the need for validated EMA measures, improved data infrastructure, and careful management of participant burden. While not designed to assess intervention effectiveness, this study provides one of the first applied demonstrations of integrating wearable-derived physiological data with EMA self-report measures in a DSP context, offering a methodological foundation for real-time evaluation of complex community-based health interventions."
42254611,Clinico-epidemiological profile findings of the screened population under NPCDCS-Ayush (Integration of Homeopathy along with Yoga): a pilot project.,2026,Frontiers in public health,"Non-communicable diseases (NCDs) are a major global health challenge, accounting for nearly 74% of deaths worldwide, with the highest burden in low- and middle-income countries. In India, 66% of total deaths are attributed to NCDs, reflecting a rapid epidemiological transition and a dual burden of disease. To address this, the Ministry of Health and Family Welfare launched the National Programme for Prevention and Control of Cancer, Diabetes, Cardiovascular Diseases and Stroke (NPCDCS) in 2010, integrating Ayush systems (Homeopathy along with Yoga) to strengthen prevention and early management in 2015. To determine the presence and distribution of NCDs through opportunistic screening and to describe their clinico-epidemiological profile and correlates under the NPCDCS-Ayush Integration Project. A cross-sectional opportunistic screening was conducted from 2015 to 2021 across four districts of India under the NPCDCS-Ayush integration initiative implemented by the Central Council for Research in Homeopathy. Standardized NPCDCS screening tools were used to collect sociodemographic, clinical, and behavioral data. Descriptive and inferential analyses were performed to assess NCD prevalence and associated risk factors. A considerable proportion of the screened population (55.3%) was found to be affected by one or more NCDs, particularly hypertension and diabetes mellitus. The most common diagnoses were HTN (39.2%), high-normal/pre-HTN (20.9%), pre-diabetes (9.4%), and diabetes (5.4%). A higher burden of NCDs was observed among middle-aged and elderly individuals, with significant associations noted with physical inactivity, tobacco use, and unhealthy dietary habits. The integration of Ayush services enhanced community participation and facilitated early detection of NCDs, highlighting their potential to strengthen population-based screening and preventive strategies. The study highlights the growing burden of NCDs and demonstrates that Ayush-integrated opportunistic screening is a feasible approach for early detection within India's national NCD control framework. Integration of Ayush services may improve community reach and acceptability, facilitating timely identification of both disease and pre-disease states, and highlighting the need to strengthen community-based screening and targeted health promotion, to reduce long-term NCD burden."
42250338,Chronic stress at the crossroads: Decoding the HPA-SAM-immune-gut axis in inflammatory bowel disease pathogenesis and therapeutics.,2026,Seminars in immunology,"Stress, a prevalent factor in modern life, profoundly impacts human health by disrupting immune function and intestinal homeostasis. This review elucidates the mechanisms through which stress dysregulates the hypothalamic-pituitary-adrenal (HPA) and sympathetic-adrenal medulla (SAM) axes, leading to altered glucocorticoid and catecholamine levels that impair immune responses and promote inflammation. Chronic stress exacerbates gut microbiota dysbiosis, reduces microbial diversity, and compromises intestinal barrier integrity, contributing to conditions like inflammatory bowel disease (IBD). Stress-induced HPA axis dysfunction and neuroendocrine alterations further aggravate IBD pathogenesis by enhancing pro-inflammatory pathways (e.g., IL-6/STAT3) and disrupting mucosal immunity. Clinical evidence highlights bidirectional links between psychological stress and IBD progression, with stress exacerbating symptoms and IBD increasing susceptibility to anxiety and depression. Therapeutic strategies, including probiotics, anti-inflammatory agents, and psychological interventions (e.g., yoga), show promise in mitigating stress-related gut inflammation and improving patient outcomes. This synthesis underscores the necessity of integrating psychological care with conventional treatments to address the multifaceted interplay between stress, immunity, and gut health in IBD management."
42248433,It Changed My Body and My Mind: A Qualitative Study on Yoga Experiences in Women Over 65.,2026,Journal of aging and physical activity,"Women aged 65 and over often face physical and psychosocial challenges such as mobility issues, chronic pain, sleep disturbances, and emotional vulnerability. Yoga, as a traditional mind-body practice, has shown promising results in supporting physical, psychological, and social well-being in older adults. This study was conducted as a qualitative research using a phenomenological design to explore the experiences of women aged 65 and over regarding yoga practice. The study included 10 women participating in a yoga program at an Active Aging Center affiliated with a municipality. Data were collected through a semistructured interview form and analyzed using thematic analysis. The findings were grouped under eight main themes: perception of yoga, prejudices before yoga, physical effects, psychological effects, motivations for participation, factors influencing participation, expectations from the instructor, and perceptions related to age and gender. Participants reported that yoga positively affected flexibility, posture problems, pain, and sleep issues. Psychologically, they felt more balanced, peaceful, and calm. This study reveals the multidimensional effects of yoga in older adults and suggests that it can be considered a supportive intervention for healthy aging. The findings highlight the value of integrating yoga into health promotion strategies targeting older women. Yoga may serve not only as a physical activity but also as a tool for emotional regulation and social engagement. Health professionals and community centers can incorporate age-appropriate yoga practices to improve the quality of life and well-being among older populations."
42247852,Pharmacological and non-pharmacological treatments for chronic insomnia in perimenopausal and postmenopausal women: a systematic review and meta-analysis.,2026,Sleep medicine,"Chronic insomnia is highly prevalent during menopause, with or without vasomotor symptoms, and is associated with significantly impaired quality of life, impaired cognitive functioning, mood disturbances, and increased cardiovascular risk. This systematic review assessed the effectiveness of pharmacological and non-pharmacological treatments (acupuncture, yoga, massage) versus placebo or no treatment for chronic insomnia in peri- and postmenopausal women. The secondary aim was to establish the most effective treatment (pharmacological or non-pharmacological) for menopausal-associated chronic insomnia. We performed data extraction from PubMed/Medline, EMBASE and CINAHL to include only randomized controlled trials in adult peri-menopausal or menopausal women with chronic insomnia, comparing a pharmacological treatment or a non-pharmacological intervention with placebo, passive control, or active control. The primary outcome was sleep quality, assessed by Pittsburgh sleep quality index (PSQI), insomnia severity index (ISI), or total sleep time (TST). Out of 80 identified studies, 24 were included in the qualitative synthesis and 17 in the meta-analysis. Methodological quality was generally good to excellent (mean PEDro score 8.66/10). The meta-analysis showed a significant effect of non-pharmacological treatment on PSQI and ISI, while pharmacological treatments were only effective on PSQI. Neither objective nor subjective TST was modified by the treatments. Despite several limitations, nonpharmacological interventions, particularly cognitive behavioral therapy for insomnia and techniques reducing sympathetic hyperarousal (acupuncture, yoga, massage), seem to be the most robust first-line options for peri- and postmenopausal women suffering from chronic insomnia, whereas pharmacological treatments still require longer and better designed studies to establish their long-term efficacy and safety."
42246696,"Effects of yoga on pain, sleep quality, and aerobic endurance in young women with primary dysmenorrhea: A randomized controlled trial.",2026,Health care for women international,"Primary dysmenorrhea (PD) is a prevalent condition in young women, characterized by menstrual pain, sleep disturbances, and reduced physical activity. Yoga has been suggested as a non-pharmacological intervention. We examined the effects of a 12-week yoga program on menstrual pain, sleep quality, and cardiorespiratory endurance in 36 women aged 18-25 years with PD. Participants were allocated to yoga (n = 18) or control (n = 18) groups. Menstrual pain decreased in both groups (yoga: <i>p</i> < .001; control: <i>p</i> = .041), with no significant between-group difference (<i>p</i> > .05). Sleep parameters showed no intergroup differences in efficiency, latency, or duration, yet the yoga group exhibited reduced wake after sleep onset (<i>p</i> = .032), indicating improved sleep continuity (control: <i>p</i> = .813). Cardiorespiratory endurance (Incremental and Endurance Shuttle Walk Tests) showed no significant changes (<i>p</i> > .05). A 12-week yoga intervention may reduce menstrual pain and improve sleep continuity within groups; however, no significant improvements in aerobic endurance were observed. Longer or more intensive programs may be needed for physiological adaptations."
42246645,Effects of different types of physical exercise on postoperative mental health in cancer patients.,2026,"Psychology, health & medicine","To explore how diverse physical exercises influence the mental well-being of cancer patients following surgery. A total of 144 cancer patients who underwent surgery were selected from a tertiary hospital and randomly assigned to either a control group (conventional care, <i>n</i> = 36) or an intervention group (conventional care plus physical exercise, <i>n</i> = 108). The intervention group was further stratified into three subgroups: yoga (<i>n</i> = 36), walking (<i>n</i> = 36), and aerobic exercise (<i>n</i> = 36). Participants were assessed at baseline, one month, and three months post-intervention using the Hospital Anxiety and Depression Scale (HADS), WHO Quality of Life BREF (WHOQOL-BREF), Pittsburgh Sleep Quality Index (PSQI), and Social Support Rating Scale (SSRS). Initially, no significant differences were observed among the groups in mental state, quality of life, sleep quality, or social support (<i>p</i> > 0.05). After one and three months of intervention, all exercise groups (yoga, walking, aerobic) showed statistically significant improvements compared to the control group in psychological well-being (F = 15.581, <i>p</i> < 0.001), quality of life (F = 7.813, <i>p</i> < 0.001), sleep quality (F = 13.374, <i>p</i> < 0.001), and social support (F = 8.524, <i>p</i> < 0.001). These improvements were more pronounced at the three-month mark (<i>p</i> < 0.05).Among the intervention groups, yoga demonstrated the most significant improvement in psychological state (3-month HADS score: 6.81 ± 1.87), sleep quality (3-month PSQI score: 4.27 ± 0.84), and social support (3-month SSRS score: 28.85 ± 4.10), with differences being statistically significant compared to walking and aerobic exercise groups (<i>p</i> < 0.05). Aerobic exercise showed the greatest advantage in improving quality of life (3-month WHOQOL-BREF score: 76.41 ± 8.01), surpassing yoga and walking groups (<i>p</i> < 0.05). Various forms of physical exercise significantly benefit postoperative psychological adjustment in cancer patients. Yoga helps reduce anxiety and depression, improve sleep, and strengthen social support, while walking and aerobic activities enhance quality of life and overall health. Therefore, tailored exercise should be integrated into postoperative rehabilitation to promote holistic recovery."
42244402,The Contribution of Yoga to Enhancing Resilience and Coping With Stress Among Nurses in Israel During a War Conflict.,2026,Workplace health & safety,"Nurses working under armed conflict face heightened psychological stress that may undermine well-being and resilience. Mind-body practices such as yoga have been identified as promising strategies for enhancing emotional regulation and adaptive coping; however, evidence on their contribution to nurses' resilience during wartime or emergency conditions remains limited. A descriptive, cross-sectional study was conducted among 105 hospital nurses in Israel during an active armed conflict. Participants completed validated questionnaires assessing personal resilience (CD-RISC-10), stress response (SRQ), and yoga characteristics, including type (workplace vs. personal), duration, and perceived emotional benefits. Data were analyzed using descriptive statistics, Spearman correlations, group comparisons, and hierarchical regressions. Nurses who engaged in sustained, self-initiated personal yoga practice reported higher personal resilience and lower stress response than non-practitioners. Perceived emotional benefits of yoga, longer duration of practice, and independent engagement were the strongest predictors of resilience, while lower stress response was associated with older age, longer yoga experience, and higher perceived benefits. Participation in brief workplace-only sessions was not independently related to either outcome. Yoga may strengthen nurses' resilience and reduce stress reactivity even under wartime conditions, particularly when practiced consistently and autonomously. Short-term institutional classes alone appear insufficient without sustained personal engagement and emotional relevance. Occupational health nurses can promote resilience by developing hybrid yoga-based programs that combine structured on-site sessions with supported self-practice. Emphasizing autonomy, continuity, and reflection on emotional benefits may enhance coping, reduce stress, and foster durable well-being among nurses in conflict-affected environments."
42240608,Development and effectiveness of a mindfulness-based cognitive therapy for individuals with spinal cord injury: Changes in quality of life and inflammatory biomarkers.,2026,The journal of spinal cord medicine,"spinal cord injury (SCI) reduces quality of life and causes chronic inflammation. Mindfulness-based interventions may improve these symptoms. However, few studies have examined the benefits of mindfulness-based interventions in individuals with SCI. This study evaluated a tailored Mindfulness-Based Cognitive Therapy (MBCT) program. We conducted a non-randomized controlled trial at a national rehabilitation hospital in the Republic of Korea, involving 51 adult inpatients with SCI who were assigned to either the MBCT (n = 26) or treatment-as-usual (TAU) (n = 25) group. The 4-week MBCT program included 12 sessions emphasizing breathing - and auditory-based practices while excluding yoga and walking meditations. Additional components addressed illness acceptance and pain coping. Primary outcomes were quality of life and spiritual well-being. Secondary outcomes included inflammatory biomarkers. Assessments were conducted at baseline (T0), post-intervention (T1), and four weeks later (T2). Linear mixed-effects models were estimated. No significant group-by-time interaction was observed with the FACT-G or FACIT-Sp-12 overall. However, the FACIT-Sp-12 showed a significant group effect. Among participants with normal-to-mild baseline depression, significant group-by-time and group-by-baseline depression interactions were observed. Biomarker analyses revealed increased IL-10, decreased sTNFR2, and lower CRP levels in the MBCT group. Tailored MBCT may enhance spiritual well-being and inflammatory profiles in patients with SCI, particularly in those with lower baseline depression. However, further randomized trials are warranted for greater robustness.<b>Trial Registration:</b> Not applicable (non-randomized pilot study)."
42238355,Mind-Body Interventions as Modulators of Neural Connectivity and Cognition in Individuals at Risk for Alzheimer's Disease: A Systematic Review.,2026,Annals of neurosciences,"Alzheimer's disease (AD) is the leading cause of dementia worldwide, contributing to nearly 60%-70% of dementia cases. Current pharmacological treatments provide limited symptomatic relief and minimal efficacy in altering disease progression, highlighting the need for complementary interventions. Mind-body practices such as yoga and meditation are increasingly explored for preserving cognitive abilities and reducing neurodegenerative risk. This systematic review evaluated randomized controlled trials investigating yoga, meditation, and related mind-body interventions on cognitive and neural health in individuals with normal cognition, mild cognitive impairment, or subjective memory decline. Following PRISMA guidelines, studies published up to March 2025 were reviewed. Findings showed improvements in memory, attention, executive functions, mood, and quality of life. Neurobiological benefits included preservation of hippocampal volume, improved functional connectivity, increased brain-derived neurotrophic factor levels, and reduced neuroinflammation markers. However, methodological limitations such as small sample sizes and short intervention durations were common. Mind-body interventions show promising cognitive and neurobiological benefits in populations at risk of AD. Yoga and meditation may serve as feasible, cost-effective complementary approaches alongside conventional therapy. Larger long-term clinical trials are needed to establish standardized protocols and sustained therapeutic effectiveness."
42236500,Comparative effectiveness of interventions incorporating physical activity in individuals with comorbid low back pain and depressive symptoms: a systematic review with network meta-analysis.,2026,Scientific reports,"This systematic review with network meta-analysis aimed to identify the most effective intervention incorporating a substantial physical activity component in individuals with comorbid depressive symptoms and nonspecific chronic low back pain (LBP). A search of six databases (PubMed/Medline, PsycINFO, Web of Science Core Collection, EMBASE, CINAHL, CENTRAL) was conducted up to July 30, 2025. Randomised controlled trials on participants > 15 years with comorbid clinically relevant depressive symptoms (e.g., Beck Depression Inventory (BDI)-II > 13) and chronic (> 12 weeks) LBP were included. Interventions involved ≥ 33% active movement and lasted ≥ 2 weeks. Outcome-wise risk of bias (RoB) for the self-reported outcomes was assessed using the Cochrane RoB 2 tool. Primary outcomes were (i) changes in depressive symptoms (mandatory) and (ii) pain intensity, disability and quality of life, with each study required to include at least one of three additional outcomes. We calculated frequentist-based network meta-analysis. Of 2138 studies, five studies (N = 834, 50.1% female, mean age: 52.8 years) with eight treatments were included. Overall RoB ranged from low to some concerns. Yoga with education was most effective at mid-term follow-up (intervention duration closest to 12 weeks, k = 9), showing improvements in pain (SMD=-1.05 [95%CI=-1.38 to -0.72]) and clinically relevant improvements in depressive symptoms (SMD=-1.48 [95%CI=-1.81 to -1.14]), all vs. usual care. Antidepressant therapy with pain self-management (e.g., physical activity, relaxation, breathing) moderately affected depressive symptoms (SMD=-0.56 [95%CI=-0.60 to -0.53]) and pain (SMD=-0.53 [95%CI=-0.56 to -0.49]). At long-term follow-up, antidepressant therapy with pain self-management, and online- and mobile-based therapy showed superiority over usual care. The overall certainty of evidence across outcomes was low to very low. With very low certainty evidence, yoga combined with education yielded the most favourable effects across outcomes. However, these findings should be interpreted with caution and require adequately powered future trials. While other approaches showed small to moderate effects, their clinical relevance remains uncertain.PROSPERO 2024 ID: CRD42024523604."
42235862,Complementary and Alternative Medicine Use and All-Cause Mortality Among US Adults: A National Prospective Cohort Study.,2026,American journal of preventive medicine,"Although complementary and alternative medicine (CAM) practices are widely used across the US population, population-level associations with mortality remain understudied. This study examined exploratory associations between CAM use patterns and all-cause mortality among US adults. Data from the National Health Interview Survey (2007/2012, N=55,023) were linked to mortality through 2019 (5,530 deaths; 472,636.5 person-years). This analysis examined 21 specific CAM modalities, CAM usage intensity, recency of use, and theoretically and empirically derived domains using Cox proportional hazards models with hierarchical covariate adjustment, Benjamini-Hochberg false discovery rate correction, and exploratory subgroup analyses. 43.2% of adults engaged in 1+ CAM practice. After full adjustment and FDR correction, yoga (HR=0.73, 95% CI: 0.62-0.87) and Pilates (HR=0.64, 95% CI: 0.49-0.85) were associated with lower mortality. Each additional CAM practice was associated with 6% lower mortality (HR=0.94, 95% CI: 0.92-0.96). Recent users had lower mortality than past-only users (HR=0.79 vs. 0.90), and multiple practice users showed the strongest association (HR=0.76, 95% CI: 0.68-0.86). Exploratory subgroup analyses revealed suggestive but largely non-robust patterns. Most individual CAM modalities showed null associations with mortality, but yoga and Pilates demonstrated inverse associations that persisted after adjustment and FDR correction, and broader measures of CAM engagement consistently indicated lower mortality risk. Whether these associations reflect CAM-specific benefits or general physical activity and health-conscious selection warrants further investigation."
42235054,Effects of a Home-Based Exercise Program Incorporating Mindfulness and Yoga on Balance and Mobility in People With Parkinson Disease: Protocol for a Randomized Controlled Trial.,2026,JMIR research protocols,"Approximately 80% of individuals with Parkinson disease (PD) experience impaired balance and mobility, contributing to freezing of gait, an increased risk of falls, and reduced health-related quality of life. Mind-body interventions, such as mindfulness and yoga, may address both motor and nonmotor symptoms by enhancing mind-body coordination and reducing stress, thereby offering a scalable approach to balance rehabilitation in PD. This study aims to evaluate the effects and acceptability of Mindfulness Yoga-Practice Awareness through Cognitive-Based Exercise (MY-PACE), a mobile health-delivered, home-based intervention, on balance, mobility, and psychological well-being in individuals with PD and balance impairment. This assessor-blinded, 2-arm, randomized waitlist-controlled trial enrolled 132 individuals with PD and balance impairment, randomized to either the MY-PACE group (n=66, 50%) or the control group receiving routine outpatient care (n=66, 50%). The MY-PACE group will complete a 12-week, Zoom-delivered program incorporating mindfulness, yoga, and mindful walking practices. The control group will receive the intervention after study completion. The primary outcome is functional balance, as measured by the Berg Balance Scale. Secondary outcomes include functional mobility, gait patterns, balance confidence, freezing of gait severity, motor symptoms, anxiety and depressive symptoms, cognitive function, mindfulness, health-related quality of life, and fall incidence. Assessments will occur at baseline, 3 months (T1), and 6 months (T2). Data will be analyzed using linear mixed-effects models under the intention-to-treat principle. Ethics approval was obtained on September 18, 2019. A preliminary feasibility study with 10 participants was conducted between May and June 2020. The full randomized controlled trial was funded in January 2022 by the Early Career Scheme 2021-2022 of the Research Grants Council, Hong Kong. The trial was prospectively registered on December 10, 2021. Recruitment began in April 2022. As of manuscript submission, 132 participants have been enrolled. Data analysis has not yet commenced. The study protocol and statistical analysis plan follow the original prespecified design. The results are expected to be published in 2026. This trial will evaluate a telehealth-delivered mindful yoga intervention for improving balance and mobility in individuals with PD. By integrating cognitive-based mindful awareness and motor training, MY-PACE targets both motor and nonmotor contributors to balance impairment. If effective, it may represent a scalable intervention for individuals with PD and other populations with mobility limitations. Chinese Clinical Trial Registry ChiCTR2100054145; https://tinyurl.com/4j8f8zvn. DERR1-10.2196/97781."
42234392,Lactobacillus Vaginal Tablets in Preventing Recurrence of Bacterial Vaginosis: A Systematic Review and Meta-Analysis.,2026,Probiotics and antimicrobial proteins,"Bacterial vaginosis (BV) is a common polymicrobial infectious condition that occurs exclusively in females. Several studies have suggested that probiotics, specifically Lactobacillus vaginal tablets, may be both feasible and beneficial in managing BV. This meta-analysis aims to systematically evaluate the role of Lactobacillus vaginal tablets in preventing the recurrence of BV. A systematic literature search was conducted in PubMed/MEDLINE, EMBASE, and the Cochrane Library. The search was limited to studies published in English up to August 2024. Studies were included if they involved women diagnosed with BV and evaluated the effectiveness of Lactobacillus vaginal tablets in preventing the recurrence of BV. Two independent reviewers were involved in the selection process. Recurrence of BV and adverse events associated with the interventions were the primary and secondary outcomes analyzed. Meta-analysis was performed in Review Manager 5.4.1 software using random-effects model using the DerSimonian and Laird method to systematically evaluate the role of Lactobacillus vaginal tablets in preventing the recurrence of BV. The quality of the included studies was assessed using the Cochrane Risk of Bias tool and the evidence was GRADED. Eight randomized controlled trials involving a total of 562 women with BV were included in this review. The evidence suggests that Lactobacillus vaginal tablets have no effect on recurrence of BV (RR 0.86, 95% CI 0.54 to 1.35; uncertainty evidence). Overall, the evidence for the effectiveness of Lactobacillus vaginal tablets to prevent the BV recurrence is uncertain. Further research is needed to clarify the which Lactobacillus is effective.PROSPERO: CRD42024531832."
42232938,A practitioner-informed framework for yoga-based emotional regulation among rural adolescents.,2026,Frontiers in public health,"Adolescent aggression is a significant public mental health concern associated with long-term behavioral, educational, and social outcomes. In rural and resource-constrained settings, limited access to specialized psychosocial services highlights the need for feasible, community-based preventive approaches. Yoga has been associated with improvements in emotional regulation and self-control; however, structured practitioner-informed guidance for delivering yoga in adolescent group settings, particularly in contexts involving aggression risk, remains limited. This study aimed to (i) explore the experiential perspectives of yoga trainers involved in adolescent instruction and (ii) translate these perspectives into a practitioner-informed framework and practice-oriented guidance for delivering yoga sessions that support emotional regulation and aggression management among rural youth. A qualitative descriptive, survey-based design was employed. An open-ended, semi-structured online questionnaire was administered to 36 purposively selected yoga trainers (YT) in India with experience teaching adolescents; 31 complete responses were analyzed. Data were analyzed using hybrid deductive-inductive reflexive thematic analysis to identify themes related to yoga delivery, adolescent engagement, and emotional regulation. Nine major thematic domains emerged, addressing developmental characteristics of adolescence, rural contextual constraints, pedagogical adaptations, appropriate <i>āsana</i> and <i>prāṇāyāma</i> practices, and trainer responsibilities. Trainers described aggression regulation as embedded within routine yoga practice through progressive sequencing of postures, breath regulation, meditation, and relaxation techniques. These insights informed the development of a practitioner-informed framework, along with nine practice recommendations and four operational requirements for safe and context-sensitive yoga delivery in adolescent group settings. The framework highlights the potential role of structured yoga programs as preventive mental health strategies that can be integrated into school and community-based adolescent health initiatives in low-resource environments. This study proposes a practitioner-informed framework for delivering group-based yoga sessions that support emotional regulation and aggression management among rural adolescents. The findings translate trainer experiences into practice-oriented guidance for implementing structured yoga programs in school and community settings."
42232545,Integrative oncology along with systemic cancer therapies in advanced bladder and prostate cancer: metabolic optimization guiding the shift from palliative care to clinical remission - a case report.,2026,Frontiers in oncology,"Bladder cancer, particularly in older adults, poses significant therapeutic challenges due to its high recurrence rates, metastatic potential, and the toxicity associated with standard treatments. This case report describes a 75-year-old male with advanced muscle-invasive urothelial carcinoma of the bladder, exhibiting metastases to the prostate and lymph nodes. Following intolerance to conventional palliative chemotherapy, the patient underwent a structured integrative oncology protocol (systemic cancer therapies combined with adjuvant complementary therapies) that combined metabolic therapies, oncothermia, high-dose intravenous vitamin C, targeted nutraceutical supplementation, acupuncture, laser therapy, diet therapy, and yoga-based interventions. After initial metabolic optimization, an oral chemotherapy regimen comprising Afatinib, Axitinib, Relugolix, and Abiraterone was initiated. The patient demonstrated excellent tolerance to treatment, significant symptomatic relief, normalization of cancer-related biomarkers, and marked metabolic response with stable residual metabolic activity on PET-CT within six months. Quality of life measures improved substantially, and prognostic indices, including the Chuang Survival Score, reflected enhanced survival potential. This report underscores the potential of systemic cancer therapies along with integrative oncology to improve clinical outcomes, mitigate treatment-related toxicity, and enhance quality of life in advanced bladder cancer. While the findings are encouraging, they warrant validation through larger, controlled studies to better define the role of integrative approaches within the contemporary oncology framework."
42229075,Physical therapy for urinary incontinence in older women: A systematic review.,2026,Archives of gerontology and geriatrics,"Urinary incontinence is highly prevalent among older women, affecting more than one-third of this population and significantly impairing quality of life, independence, and healthcare utilization. Older women often present with complex needs that may require broader rehabilitation strategies. This systematic review evaluated randomized controlled trials of physical therapy interventions for urinary incontinence in older women. PubMed, Embase, and Scopus were searched to October 2025. Eligible studies included women ≥60 years and assessed interventions such as Pelvic floor muscle training (PFMT), bladder training, Yoga, Pilates, general resistance training, electrical stimulation, or multimodal programs. Methodological quality was appraised using the PEDro scale, and random-effects meta-analysis was performed where appropriate. Twenty studies involving 2002 women across 13 countries were included. Eleven trials were rated as good quality and nine as fair. Meta-analysis demonstrated that PFMT significantly reduced urinary incontinence severity compared with usual care (SMD = -1.27, 95% CI: -2.18 to -0.36, p = 0.006). Multimodal programs combining PFMT with mobility, strength, or fall-prevention training also showed significant benefits (SMD = -0.98, 95% CI: -1.60 to -0.36, p = 0.002). Comparative studies indicated that PFMT was similarly effective to Yoga and Pilates, while adjuncts such as general resistance training or tibial nerve stimulation provided additional improvements. Physical therapy interventions, particularly PFMT and multimodal programs, are effective in reducing urinary incontinence severity and improving functional outcomes among older women. These findings support prioritizing physical therapy as an important management strategy, with multimodal approaches offering added value for enhancing functional independence and fall prevention."
42228994,Comparative Effects of Yoga Practices on Self-Esteem and Blood Pressure in Substance Use Disorders: An Randomized Control Trial.,2026,Substance use & misuse,"Substance Use Disorders (SUD) are characterized by a debilitating cycle of physiological stress, such as hypertension, and psychological deficits, specifically low self-esteem. While yoga is a recognized biopsychosocial intervention, research rarely isolates the comparative efficacy of its specific modalities Asana (postures) and Pranayama (breathwork) in recovery settings. To compare the effects of Asana, Pranayama, and an integrated (Asana + Pranayama) practice on self-esteem and blood pressure among individuals with SUD. A randomized controlled trial was conducted with 60 male participants (ages 25-50) at a rehabilitation center in Shimla, India. Participants were randomly assigned to four groups (<i>n</i> = 15 each): Asana, Pranayama, Asana + Pranayama (AP), and a Control Group (CG). Interventions lasted 12 wk (3 sessions/week, 30 mins each). Primary outcomes included the Rosenberg Self-Esteem Scale (RSES) and systolic/diastolic blood pressure (SBP/DBP), analyzed using One-Way ANCOVA. All intervention groups showed significant improvements compared to the control group (<i>p</i> < 0.05). The integrated AP group demonstrated the highest efficacy, achieving the greatest increase in self-esteem (Adjusted Mean: 23.07 vs. CG: 18.03) and the most significant reductions in SBP (AP: 124.08 vs. CG: 131.84 mmHg) and DBP (AP: 83.68 vs. CG: 90.55 mmHg). Integrated yoga practice (combining physical postures and breathwork) is more effective than either modality alone in improving psychological resilience and cardiovascular health during SUD recovery. These findings support the inclusion of multi-modal yoga protocols in multidisciplinary addiction treatment."
42228416,Pilot Study on the Usefulness of Tele-Yoga in Patients With Heart Failure.,2026,"Computers, informatics, nursing : CIN","This study aimed to evaluate the feasibility and benefits of tele-yoga in promoting mindfulness. A cross-sectional pilot study was conducted on patients (n=24) with heart failure at a tertiary referral hospital. The tele-yoga intervention was implemented in 6 group sessions over 8 weeks. Feasibility was assessed using indicators of adherence, retention, and user experience, whereas mindfulness was measured using the Mindful Attention Awareness Scale with a Cronbach's alpha of 0.92. The statistical software RStudio was used for analysis. The results showed that most participants were women, with an average age of 47.4 years, middle-aged, and recently diagnosed. The attendance rate was 100%, and participants were highly satisfied with the experience. The average mindfulness score was 60, with a median of 59 and a SD of 17.81. This intervention proved to be feasible and acceptable, promoting concentration, emotional self-awareness, and stress management, thereby improving quality of life and disease management."
42227754,Understanding the Influence of Experiential Psychotherapy Among Men Who Have Offended: A Systematic Review.,2026,International journal of offender therapy and comparative criminology,"High rates of recidivism persist among incarcerated men, particularly those with extensive trauma histories, while many rehabilitation programs remain primarily cognitively focused. This systematic review synthesizes evidence on experiential psychotherapies, including mindfulness-based interventions, Acceptance and Commitment Therapy (ACT), yoga, meditation, and creative arts therapies delivered in forensic settings to adult males. Twenty-four studies met inclusion criteria. Thematic synthesis identified three outcome domains: (1) psychological and emotional well-being, including reductions in stress, anxiety, depression, and trauma symptoms; (2) behavioral and cognitive regulation, including improved impulse control and prosocial identity shifts; and (3) recidivism and desistance, with several studies-particularly those examining Transcendental Meditation and structured mindfulness programs-reporting reduced reoffending. Evidence for Compassion Focused Therapy and most creative arts therapies was limited or absent. Overall, findings suggest experiential psychotherapies may support emotional regulation, identity change, and desistance, though heterogeneity in study design and outcomes limits generalizability and highlights the need for more rigorous longitudinal research."
42226608,Somatic yoga therapy for functional neurological disorder: feasibility randomised controlled trial.,2026,BJPsych open,"Functional neurological disorder (FND) is characterised by disabling motor, sensory and/or seizure symptoms. Contemporary models highlight the possible involvement of altered affective and autonomic regulation and interoceptive processing in FND. However, accessible, mechanism-informed interventions remain limited. This study sought to examine the feasibility, acceptability and possible benefits of tailored somatic yoga for people with FND, aiming to directly target altered emotional and bodily regulation in this group. This single-site, two-arm randomised feasibility trial allocated adults with FND to 6 weeks of either somatic yoga (weekly remote sessions plus home practice manual) or a music-based relaxation control. Feasibility outcomes included recruitment, retention, adherence and acceptability. Secondary outcomes, assessed at baseline, week 3, week 6 and 3-month follow-up, included FND symptom burden, psychological symptoms (anxiety, depression, dissociation), general functioning, health-related quality-of-life, interoceptive awareness and autonomic symptoms. Seventy-six enquiries were received. Thirty participants consented (100%), 27 were randomised (90%), 23 commenced the trial (77%) and 21 completed it (70%). Recruitment and retention targets were met, with 100% retention in the yoga arm. Adherence was high across both groups, although digital logging of home practice posed usability challenges. Exploratory analyses indicated large effect sizes for self-reported FND symptom improvement and interoceptive awareness in the yoga group, with effects sustained at follow-up. Individually delivered somatic yoga was found to be feasible, acceptable and safe for people with FND. Our results also suggest potential benefits of somatic yoga for FND symptom improvement and interoceptive awareness, supporting progression to a fully powered trial."
42223679,Comparative effects of exercise modalities on ectopic fat reduction in overweight and obese children and adolescents: a narrative review.,2026,European journal of pediatrics,"Childhood overweight and obesity have dramatically increased worldwide, affecting tens of millions of children and adolescents and paralleling increases in type 2 diabetes, fatty liver, and cardiovascular diseases. Of particular concern is ectopic fat-lipid stored within visceral, hepatic, intramuscular, pancreatic, and perivascular tissues-which independently promotes metabolic dysfunction beyond total body fat. Exercise represents a cornerstone in the management of obesity, yet aerobic, resistance, high-intensity interval training (HIIT), combined training, and novel modalities such as yoga, mind-body, and neuromuscular stimulation uniquely activate the muscular, hormonal, and metabolic axes. Here, in this narrative review, we review the evidence from pediatric exercise trials that compare these modes of exercise for depot-specific fat loss in overweight/obese adolescents. High-intensity and aerobic exercise have shown promising effects in several pediatric trials on mobilizing visceral fat and liver fat, respectively, though they do not always surpass resistance training alone. Combined training may produce broader improvements in multiple depots when sustained for the longer term, while nontraditional modes can serve as useful adjuncts to core exercise by improving adherence or targeting less well-studied depots. Key limitations include the narrative (rather than systematic) design of this review, the overall paucity of high-quality long-term pediatric randomized controlled trials, reliance on adult and preclinical data for mechanistic insights, heterogeneity in measurement techniques, and sparse evidence for certain ectopic depots. We emphasize practical implications for the design of youth exercise programs and enumerate knowledge gaps in the extant literature, including pancreatic and pericardial fat, and age- and sex-based tailoring. What is Known: • Childhood and adolescent obesity is strongly associated with increased ectopic fat deposition (visceral, hepatic, and intramuscular fat), which contributes to metabolic disorders such as insulin resistance, type 2 diabetes, and cardiovascular disease. • Exercise interventions, including aerobic, resistance, and high-intensity interval training (HIIT), are effective in reducing overall adiposity, but their comparative effects on specific ectopic fat depots in pediatric populations remain incompletely understood. What is New: • This narrative review synthesizes and compares evidence across multiple exercise modalities (aerobic, resistance, HIIT, combined, and mind-body approaches) specifically focusing on depot-specific ectopic fat reduction in overweight and obese children and adolescents. • It highlights that combined training may offer broader multi-depot fat reduction, while emerging modalities (e.g., yoga and neuromuscular approaches) may enhance adherence and target underexplored fat depots such as pancreatic and pericardial fat."
42221653,Optimized exercise prescription for alleviating cancer-related fatigue in breast cancer survivors after primary treatment: a systematic review and dose-response network meta-analysis.,2026,Frontiers in public health,"Cancer-related fatigue (CRF) significantly impairs the quality of life in breast cancer survivors. Although exercise is recommended in clinical guidelines to alleviate CRF, the effective and optimal doses remain uncertain. This study aims to examine the dose-response relationship of different exercise modalities with CRF in breast cancer survivors. Exercise dose was calculated as the product of duration, frequency, and intensity, expressed in metabolic equivalents of task minutes per week (METs-min/week), for comparison across studies. Bayesian network and dose-response meta-analyses were conducted to evaluate the impact of exercise on fatigue in breast cancer survivors and to model the nonlinear dose-response relationship. The certainty of the evidence was evaluated using the Confidence in Network Meta-Analysis (CINeMA) web application. A total of 32 studies involving 2,067 patients were included. An inverted U-shaped dose-response relationship between overall exercise and CRF was observed; a minimum effective threshold could not be definitively established, with a peak effect at 730 METs-min/week (SMD = 1.32, 95% CrI: 0.78, 1.89), and effects were no longer significant beyond 1,100 METs-min/week. Meta-regression analyses indicated that baseline fatigue severity significantly moderated exercise effects. No other covariates showed significant moderation. Subgroup analyses suggested that interventions lasting less than 12 weeks were more effective. When stratified by modality, aerobic exercise (0-830 METs-min/week; very low certainty evidence), combined aerobic and resistance training (0-1,200 METs-min/week; low certainty evidence), resistance training (0-450 METs-min/week; low certainty evidence) and yoga (0-500 METs-min/week; low certainty evidence) all showed significant associations with CRF reduction. This study provides an evidence-based optimized range of exercise doses across different exercise types for alleviating CRF in breast cancer survivors. Considering the low and very low certainty of the evidence, further high-quality studies are needed to confirm these findings and refine clinical decision-making. https://www.crd.york.ac.uk/PROSPERO/view/CRD420251146666, identifier: CRD420251146666."
42220838,Public Awareness as a Tool for Improving Community Health: A Systematic Review of Communication and Community-Based Interventions.,2026,Cureus,"Health literacy influences health behaviors by shaping individuals' ability to access and apply health information. Media and community-based strategies are increasingly used to improve awareness; however, comparative evidence on their effectiveness, particularly in integrated forms, remains limited. This systematic review synthesizes evidence on communication and community engagement interventions and their impact on health literacy, awareness, and behavior. A structured search was conducted across PubMed, Scopus, and Google Scholar for English-language studies published between 2015 and 2025. Following screening and eligibility assessment, 10 studies were included, comprising randomized controlled trials, observational studies, and campaign evaluations. Data were extracted using a standardized approach and analyzed through narrative synthesis, with interventions categorized as media/digital or educational/community-based. Media and digital interventions were associated with improvements in awareness and risk perception, whereas educational and community-based approaches were linked to sustained behavior change and increased participation. Integrated interventions showed greater overall effectiveness compared to single-component strategies. These findings support the use of combined communication and participatory approaches to achieve both immediate and sustained public health outcomes."
42218232,HierarchicalNets for multi level hierarchical classification of yoga poses.,2026,Scientific reports,"Human pose estimation has long been an actively studied subject in computer vision (CV), with substantial applications in healthcare. It assists in evaluation and monitoring, enabling personalized rehabilitation programs and injury prevention. When applied to yoga, human pose estimation provides accurate alignment guidance throughout practice, reducing the risk of injury and promoting correct posture. This combination enhances physical therapy outcomes, supports overall wellness, and encourages the maintenance of a healthy and efficient yoga practice for general health improvement. We present a unique approach that combines cutting-edge vision transformer technologies with fine-grained hierarchical pose classification. Specifically, we introduce four hierarchical vision transformer architectures designed to incorporate hierarchical class label information into classification models. The proposed method aims to produce more precise classification results by identifying subtle differences between similar poses, thereby improving classification accuracy for yoga postures. The current state-of-the-art (SoTA) Top-1 accuracy for Level 1, 2, and 3 classification tasks is 89.81%, 85.10%, and 79.35%, respectively. Our proposed models surpass these benchmarks, achieving Top-1 accuracy scores of 96.79%, 95.64%, and 93.07%, respectively."
42211772,Service quality and cross-cultural guest satisfaction in wellness tourism: evidence from yoga retreats in India's global wellness destination.,2026,F1000Research,"Wellness tourism is a rapidly growing global tourism segment, and India is recognised for its yoga, meditation, and holistic health traditions. Rishikesh, the ""Yoga Capital of the World,"" attracts wellness tourists seeking physical, mental, and spiritual well-being. Despite its importance, limited research has examined how perceptions of service quality and satisfaction differ between Indian and international guests at the same destination. This study investigates expectation perception gaps in service quality and their influence on satisfaction across culturally diverse groups. A quantitative, cross-sectional research design was adopted using an integrated SERVQUAL and Expectation-Confirmation Theory framework. Data were collected from 289 guests (178 Indians and 111 international travellers) at yoga retreats and spa resorts in Rishikesh using a structured questionnaire with a five-point Likert scale. Paired sample t-tests examined expectation perception gaps in service quality attributes, whereas independent t-tests assessed cross-cultural differences. Multiple regression and multi-group regression analyses identified satisfaction drivers and cultural effects. The results indicate that most service quality attributes met or exceeded expectations, showing a positive disconfirmation pattern across both Indian and international guests . However, significant cross-cultural differences were observed in the magnitude and importance of service quality dimensions. Indian guests reported greater satisfaction with empathy-based services, including staff courtesy and attention. In contrast, international guests emphasised tangible and professional attributes, such as spa quality, meditation effectiveness, environmental ambience, service efficiency, and cultural and spiritual experiences. Service quality dimensions explained a substantial variance in overall satisfaction, with greater explanatory power among international guests. The findings extend SERVQUAL and Expectation Confirmation Theory by demonstrating culturally moderated satisfaction formation in wellness tourism. This study provides insights for wellness destination managers, highlighting the importance of culturally differentiated service strategies to enhance satisfaction and sustain competitiveness in global wellness markets."
42208613,Is Hatha Yoga Effective for Motor Symptoms and Cardiorespiratory Fitness in People With Parkinson's? Results of a Randomized Clinical Trial.,2026,Journal of aging and physical activity,"This two-arm randomized controlled trial investigated the effects of a 12-week hatha yoga intervention on shoulder and hip range of motion, cardiorespiratory fitness, and balance in people with Parkinson's disease. Forty-nine people with Parkinson's disease were randomized into the intervention group (IG; n = 25) and the control group (n = 24). After follow-up losses, 23 participants from the IG were included in the intention-to-treat analysis, 19 in the per-protocol analysis, and 18 remained in the control group. The variables analyzed included shoulder and hip range of motion (digital goniometry), cardiorespiratory fitness (6-min walk test), motor symptoms (Movement Disorder Society-Unified Parkinson's Disease Rating Scale III), and balance (Mini-Balance Evaluation Systems Test). A significant and clinically meaningful reduction in Movement Disorder Society-Unified Parkinson's Disease Rating Scale III scores was observed within the IG (-11.31 points, p < .001, d = 2.94). However, no significant Group × Time interactions were identified for the primary or secondary outcomes. Although no between-group differences were observed, the IG showed trends toward improvements in balance and cardiorespiratory fitness particularly among participants with greater adherence to the protocol. These findings suggest that hatha yoga was associated with clinically meaningful improvements in global motor performance within the IG while contributing to the functional preservation of balance and cardiorespiratory capacity. Significance/Implications: These findings support the inclusion of hatha yoga as a practical and accessible therapeutic option to complement traditional rehabilitation approaches in patients with Parkinson's disease."
42204592,The effect of yoga on the level of burnout and happiness in midwifery students: randomized controlled study.,2026,BMC psychology,"Given the demanding nature of midwifery education, it is important to examine whether yoga can positively influence students' burnout and happiness levels. This study aimed to examine the levels of burnout and happiness among midwifery students who practice yoga and those who do not. The research was conducted using a randomized controlled experimental design. A total of 74 s-year students from the Midwifery Department at Tokat Gaziosmanpaşa University, who met the eligibility criteria, were randomly assigned to the experimental (n = 35) and control (n = 37) groups. The experimental group participated in a yoga program consisting of 18 sessions over six weeks, with three sessions per week. Data were collected using the Maslach Burnout Inventory - Student Scale (MBI-SS) and the Oxford Happiness Questionnaire short form-OHQ-SF. Parametric tests, correlation, and logistic regression methods were used for analysis. Students practicing yoga had significantly lower scores in ""Exhaustion"" and ""Cynicism"", and significantly higher scores in ""Efficacy"" and ""Happiness"" (p < 0.001). Yoga practice was found to significantly predict happiness levels (p = 0.001), while no direct effect on burnout levels was determined. Yoga practice increases happiness levels among midwifery students. It is recommended to integrate mindfulness-based practices such as yoga into educational programs to help students cope with academic and professional stress. NCT07321132. Registered on 05 January 2026. Retrospectively registered."
42202185,Whole-Body Coordination and Spinopelvic Alignment During Yoga Standing Maneuvers: Comparing Practitioners With Non-Practitioners.,2026,IEEE transactions on neural systems and rehabilitation engineering : a publication of the IEEE Engineering in Medicine and Biology Society,"Understanding how humans coordinate multiple joints and body segments during complex whole-body tasks is essential for designing movement-based interventions. Yoga-inspired standing maneuvers, which combine upper-body alignment with lunging or stepping, provide a structured yet challenging experimental testbed. However, few studies have integrated spatiotemporal coordination and compensation strategies across different proficiency levels, limiting their adoption in rehabilitation and robotic applications. In this study, we analyzed whole-body kinematics during yoga standing maneuvers performed by practitioners and non-practitioners. Three-dimensional joint angle trajectories and spinopelvic alignment were quantified across movement initiation, posture holding, and return stages. Principal component analysis and continuous relative phase analysis were employed to characterize how redundancy is organized and coordinated. Practitioners exhibited smaller excursions in sagittal and rotational spinopelvic alignment and showed greater contributions from proximal trunk-pelvis coordination. This organization was adaptively modulated with increasing task demands through flexible inter-segment coordination. In contrast, non-practitioners exhibited greater involvement of distal joints, particularly ankle joints, and employed compensatory joint angle trajectories. Multivariate analysis further revealed that while lumbar motion strongly contributes to sagittal spinopelvic alignment in practitioners and non-practitioners, thoracic contributions differed, reflecting distinct patterns to achieve alignment. These findings demonstrate how task complexity and motor proficiency shape whole-body coordination and postural control during standing maneuvers. The quantitative coordination and alignment benchmarks identified here provide a basis for movement assessment and the development of rehabilitation and robotic assistance applications, with relevance for mitigating maladaptive compensation."
42201419,Structured yoga program as supportive care to enhance quality of life in head and neck cancer patients undergoing radiotherapy: a prospective matched controlled study.,2026,Supportive care in cancer : official journal of the Multinational Association of Supportive Care in Cancer,"Head and neck cancer (HNC) patients undergoing radiotherapy often experience significant deterioration in quality of life (QoL) due to physical and psychological challenges. This study evaluates the effect of a structured yoga program-including physical postures, breathing exercises, and meditation-on QoL among these patients. A prospective matched controlled nonrandomized study was conducted at a Tertiary Care Centre in North East India. Then, 140 patients undergoing definitive or adjuvant radiotherapy were equally divided into experimental (yoga intervention) and control groups. QoL was assessed using the EORTC QLQ-C30 questionnaire at baseline, end of treatment, and two months posttreatment. The yoga intervention consisted of thrice-weekly sessions for two months. All primary statistical analysis was done using nonparametric methods. Statistically significant improvement was seen in the experimental group in global health status/QoL (p-value < 0.001), pain (< 0.001), financial difficulties (< 0.001), emotional functioning (0.001), and fatigue aspect (0.024). A structured yoga program significantly improved key QoL domains in head and neck cancer patients receiving radiotherapy. Yoga can be considered an effective supportive therapy in this population."
42200860,Exercise Therapy for Chronic ECU Tenosynovitis: A Case Report.,2026,Reports (MDPI),"<b>Background and Clinical Significance</b>: This case highlights the management of chronic extensor carpi ulnaris (ECU) tenosynovitis in a patient exposed to non-traditional wrist-loading activities. Exercise therapy rehabilitation is well established in shoulder and knee tendinopathies, although it remains less well described for wrist tendinopathies beyond De Quervain's disease. Moreover, the patient's active engagement in non-traditional, wrist-intensive sports such as handstands, slacklining, and yoga may have contributed to the development and persistence of chronic extensor carpi ulnaris (ECU) tenosynovitis. Unlike more common ECU injuries observed in tennis or golf players, this case demonstrates how ECU tenosynovitis can develop in less conventional sports. It adds to the scientific literature by showing that chronic ECU tenosynovitis can be effectively managed through non-surgical rehabilitation tailored to the specific needs of the patient, in particular by using exercise therapy. <b>Case Presentation:</b> The patient presented with chronic left wrist pain, especially during ulnar deviation and resisted ECU testing, following two traumatic events. Examination revealed limited range of motion caused by pain, particularly in flexion, extension, and both ulnar and radial deviations. Ultrasound imaging confirmed ECU tenosynovitis with mild inflammation of other wrist tendons and a small synovial cyst on radio-scapho-lunate level. ECU stability during forearm rotation was confirmed both clinically and by ultrasound. The diagnosis of chronic ECU tenosynovitis was managed conservatively with a targeted rehabilitation program focused on isometric strengthening and progressive resistance exercises. Over one month, the patient demonstrated marked improvement in wrist strength, pain reduction, and functional capacity, allowing for a gradual return to sporting activities. <b>Conclusions:</b> The main takeaway from this case is that chronic ECU tenosynovitis can be successfully managed through individualized, conservative treatment based on exercise therapy. Early intervention, patient adherence, and rehabilitation tailored to the athlete's specific demands are crucial for recovery, even in chronic cases, without the need for surgical intervention."
42200522,A description of self-selected treatments and self-reported improvement following treatment among post-9/11 veterans experiencing disruptive dizziness following a comprehensive traumatic brain injury evaluation.,2026,Brain injury,"This study aimed to explore what treatments were sought by post-9/11 Veterans with and without a formal diagnosis related to their long-term dizziness following completion of a Comprehensive Traumatic Brain Injury Evaluation (CTBIE). The study explored the self-reported use of 12 treatments (acupuncture, balance training, chiropractic, counseling, medication, meditation, surgery, tai chi, vestibular rehabilitation, yoga, diet, nutrition) as well as the self-perceived effectiveness of each treatment in a sample of 928 post-9/11 Veterans who reported moderate to severe dizziness during the CTBIE. In total, 78% of the sample reported trying at least one treatment to reduce their dizziness. Veterans with a formal diagnosis related to their disruptive dizziness were more likely to have pursued treatment and have tried a broader range of treatment modalities compared to those without a diagnosis. Veterans in this sample who screened positive for moderate to severe disruptive dizziness on the CTBIE continued to report dizziness for 3-15 years following their original assessment. Our data indicate that having a specific diagnosis related to their disruptive dizziness increases the likelihood of seeking treatment for but did not increase the likelihood of seeing an improvement in symptoms across time. Further research is necessary to explore appropriate interventions to increase the utilization of evidence-based treatments in clinical pathways for Veterans reporting disruptive dizziness during the CTBIE."
42199258,The Impact of Catastrophization and Emotions on Pain: A Narrative Review of Underlying Mechanisms.,2026,Journal of pain research,"Pain is a common experience that can lead to poor physical, cognitive, and social function when it becomes chronic. Although the development of the biopsychosocial model of pain improved recognition that biologic factors alone are not enough to explain the experience of pain, psychosocial and lifestyle interventions remain underutilized. Two psychosocial constructs that have implications for pain perception are catastrophization and emotions. The objective of this narrative review was to examine the current understanding of the mechanisms by which catastrophization and emotions modulate pain. We found that key shared mechanisms of catastrophization and negative emotions were increases in HPA axis and sympathetic activity, which promote pain sensitivity. Additionally, both constructs interfered with endogenous opioids, leading to diminished pain resistance. Catastrophization differed from negative emotions in that it involved greater connectivity of the salience network with the default mode network, leading to increased attention to pain. In contrast, positive emotions were associated with much of an opposite effect with increases in parasympathetic activity and endogenous opioid release, which reduce pain intensity. Specific interventions that may be effective in blunting the mechanisms underlying the negative impacts of catastrophization and emotions include mindfulness and relaxation exercises, cognitive behavioral therapy, and yoga. Possible changes to the workflow suggested by our findings include better assessment of coping abilities and strategies at baseline, identifying individuals at risk of catastrophizing, and using contextual factors, such as a greater focus on positive outcomes."
42191543,Yoga and the metabolic syndrome: Reconsidering an ancient practice in an age of pharmacological abundance.,2026,Journal of Ayurveda and integrative medicine,
42191203,Weight-Neutral Health Intervention (WIN) for adults with BMI ≥30 kg/m<sup>2</sup>: protocol for a single-arm feasibility study.,2026,BMJ open,"Weight stigma and internalised weight bias are associated with poor mental, social and physical health. Weight-neutral approaches prioritise well-being and sustainable health behaviours. However, the feasibility and acceptability of weight-neutral interventions remain uncertain. Weight-Neutral Health Intervention (WIN) is an investigator-initiated single-arm feasibility study enrolling 56 adults with body mass index ≥30 kg/m<sup>2</sup> in the Capital Region of Denmark. The study investigates a codesigned weight-neutral health intervention. The 6-month intervention comprises 1 preparatory session and 11 group sessions led by trained practitioners, focusing on intuitive eating, body acceptance and self-compassion; optional components include support-network events, up to three individual online sessions and access to 'size-inclusive yoga' and 'body competence' courses. The primary feasibility outcome is follow-up completion. Recruitment proportion and adherence are secondary feasibility outcomes. These will be assessed using a set of predefined 'traffic-light' stop/go progression criteria. Exploratory feasibility outcomes include data completeness for other outcomes and participant engagement with the intervention. Exploratory clinical outcomes include questionnaire data (quality of life, depression, weight bias internalisation, eating behaviours, self-esteem, body image, stress and life satisfaction), clinical measures (weight, heart rate and blood pressure), biomarkers (blood samples and hair cortisol), 7-day actigraphy (physical activity and sleep) and serious adverse events. Qualitative interviews, focus groups and fieldnotes will be used to explore acceptability and contextual factors. If progression criteria are met, the study will inform the design of a pragmatic, multicentre, randomised trial. The exploratory outcomes will inform outcome selection, setting, sample size and procedures. Approved by the Regional Ethics Committee of the Capital Region of Denmark (H-25013213). Results will be disseminated through peer-reviewed publications, conferences and public platforms. NCT06922630."
42189108,Exploring Oncology Referral Practices for Complementary and Alternative Medicine: A Scoping Review.,2026,Journal of integrative and complementary medicine,"The use of complementary and alternative medicine (CAM) therapies is becoming increasingly popular among patients with cancer; however, referrals to CAM by oncologists remain infrequent. There is limited synthesis of oncologists' perspectives on CAM use and referral practices, despite availability of empirical studies with inconsistent findings. This scoping review aims to map the literature regarding oncologists' attitudes, beliefs, and behaviors toward CAM, with a specific focus on factors influencing referral practices. We conducted a scoping literature review in accordance with the Joanna Briggs Institute guidelines. The protocol was registered with the Open Science Framework. We searched MEDLINE, EMBASE, CINAHL, AMED, PsycINFO, Web of Science, and Scopus databases from January 1, 1990, to February 2026. Eligible studies were peer-reviewed articles examining oncologists' perspectives on CAM use for adults with cancer. Out of 11,853 studies identified, 13 studies were included. Three domains were structured: Commonly referred CAM categories (natural products, mind-body practices, whole medical system, manipulative and body-based therapies, and creative art therapies); views of oncologists on CAM use (presuppositions about CAM integration, information sources and personal use, gender differences, role of workplace in CAM referral, self-reported spirituality and personal beliefs, and facilitators and barriers to CAM referral. While oncologists expressed willingness to integrate CAM for curable cancers, educational, evidence-related, and safety-driven barriers continued to impede their referral decisions. Future research should focus on examining the specific nature of barriers to practitioner collaboration and ways to address the gaps identified in the current evidence base."
42186649,Evaluation of Immediate Changes in Reaction Time Following Bhramari Pranayama Among Young Adults: A Prospective Study.,2026,Cureus,"Background Reaction time (RT) constitutes a fundamental psychomotor parameter reflecting neurocognitive efficiency and sensorimotor integration capacity. Bhramari Pranayama, characterized by prolonged humming exhalation, demonstrates promising neurocognitive enhancement potential through parasympathetic activation mechanisms. This investigation aimed to evaluate immediate changes in auditory reaction time (ART) and visual reaction time (VRT) following a single, brief Bhramari Pranayama session among healthy young adults, with a comprehensive assessment of gender differences and hand dominance patterns. Methodology A prospective, single-group, repeated-measures observational study was conducted among 60 healthy young adults aged 18 to 25 years, with equal gender distribution. Pre-yoga session assessments encompassed ART and VRT for bilateral upper extremities using a validated, PC-based reaction timer with 1000 Hz temporal resolution. Participants engaged in a supervised 10-minute Bhramari Pranayama session comprising 15 complete breathing cycles, with standardized four-second inhalation and six-second humming exhalation protocols. Immediate post-session RT reassessment employed identical measurement protocols. Results Baseline demographic characteristics demonstrated no significant gender differences across subgroups. ART exhibited statistically significant reductions for the right hand, from 186.42 ms to 168.73 ms (mean reduction 17.69 ms, t = 8.247, p < 0.0001, Cohen's d = 1.065), and for the left hand, from 192.58 ms to 171.25 ms (mean reduction 21.33 ms, t = 9.183, p < 0.0001, Cohen's d = 1.186). VRT demonstrated superior improvements, with the right hand decreasing from 223.67 ms to 201.35 ms (mean reduction 22.32 ms, t = 9.524, p < 0.0001, Cohen's d = 1.230), and the left hand from 228.93 ms to 204.18 ms (mean reduction 24.75 ms, t = 10.187, p < 0.0001, Cohen's d = 1.316). The non-dominant left hand consistently exhibited greater improvement magnitudes across both sensory modalities. Gender-stratified analysis revealed therapeutic equipoise, with females demonstrating numerically greater but statistically non-significant improvements (9.31% to 10.23%) compared to males (8.77% to 9.86%) across all measured parameters (all p > 0.13). Conclusion Single-session Bhramari Pranayama is associated with statistically significant and clinically meaningful RT improvements, with large effect sizes across auditory and visual modalities among healthy young adults. Gender-independent observed changes support broad demographic applicability. These findings demonstrate substantial practical significance for time-efficient neurocognitive enhancement interventions in academic, occupational, and athletic contexts requiring optimal psychomotor performance and attentional capacity."
42183572,Development and Validation of the Self-Efficacy Scale for Bharatanatyam Dancers.,2026,Annals of neurosciences,"Self-efficacy, the belief in one's ability to succeed, plays a crucial role in learning, consistent practice and performance in skill-intensive fields. Bharatanatyam, a classical Indian dance form, requires high levels of technical precision, artistic expression and physical endurance. While research in sports and Western dance has shown that self-efficacy enhances performance, there is limited evidence in Indian classical dance, and no validated self-efficacy tool specific to Bharatanatyam exists. Standard scales do not capture the cultural, physical and expressive dimensions of Bharatanatyam. This gap in measurement limits researchers' understanding of dancers' confidence levels in specific performance domains. This study aimed to develop and validate a self-efficacy scale tailored to Bharatanatyam dancers. A 20-item scale was developed and validated, categorised into four domains: technical skills, expressive abilities, performance readiness and overall confidence. Items were rated on a five-point Likert scale. Content validation involved expert review (<i>n</i> = 6), focusing on item relevance and clarity. Experts evaluated each item, and feedback was used to refine the tool. As a part of initial validation, Cronbach's alpha was calculated to assess the internal consistency reliability of the 20-item scale. Experts unanimously agreed on the relevance and clarity of all items. The scale demonstrated strong content validity, with a content validity ratio of 1.00 and Item Content Validity Index values ranging from 0.83 to 1.00, indicating accurate reflection of key performance areas in Bharatanatyam. The Self-Efficacy Scale for Bharatanatyam Dancers developed is a contextually relevant and valid tool for assessing dancers' confidence across performance domains. It has potential applications in the design of psychological support in classical dance education."
42183571,Improving Care Quality for Metabolic Dysfunction-associated Steatotic Liver Disease Through a Structured Yogic Intervention: Protocol for a Randomised Controlled Trial.,2026,Annals of neurosciences,"Metabolic dysfunction-associated steatotic liver disease (MASLD) is the most common chronic liver disease in the world. It is strongly linked to obesity, high blood pressure, type 2 diabetes and dyslipidaemia. Yoga, which includes asanas, pranayama, shat-karmas and meditation, may offer a holistic approach to improve the liver, metabolism and mental health. To evaluate the effectiveness of a 60-min yoga module in improving liver health and metabolic parameters in MASLD patients. This open-label, two-arm, randomised controlled trial enrolled 72 adults aged 18-60 years diagnosed with MASLD, who received standard care at a hospital in Dehradun. Participants were randomised equally into a yoga group, which received a 60-min online yoga module 5 days per week for 3 months, or a control group receiving standard treatment alone. Key assessments include ultrasound measurement of liver fat, liver enzymes (serum glutamate pyruvate transaminase [SGPT], serum glutamic-oxaloacetic transaminase [SGOT]), HbA1c, lipid profile, body mass index, blood pressure, mental health and quality of life. Data collection occurred at baseline and 3 months post-intervention. The study is designed to assess improvements in hepatic steatosis and metabolic and psychosocial parameters following intervention. This trial will provide evidence on the role of yoga as an adjunct therapy in MASLD management."
42183570,Alternative and Complementary Therapies: A Review Exploring the Role of Yoga and Ayurveda-based Herbal Medicines in Alleviating Hypothyroidism and Its Neuropsychiatric Manifestations.,2026,Annals of neurosciences,"Hypothyroidism is the most prevalent endocrine disorder characterised by low thyroid hormone production, leading to a wide spectrum of cognitive and neuropsychiatric manifestations such as fatigue, depression, anxiety, cognitive impairment, peripheral neuropathy, Parkinsonism, tremor, ataxia, seizures and dementia. Although conventional treatment with levothyroxine replacement remains the standard of care, neuropsychiatric symptoms often persist, highlighting the need for safer and more effective alternative therapeutic strategies. This narrative review aims to explore the effects of yoga-based interventions and Ayurveda-based herbal medicines in mitigating hypothyroidism and related neuropsychiatric symptoms. A comprehensive literature search was conducted across PubMed, Scopus, Cochrane and Google Scholar. Studies examining the effects of yoga practices (asanas, pranayama, meditation) and Ayurveda-based herbal medicines such as <i>Withania somnifera, Coriandrum sativum, Melissa officinalis, Commiphora wightii</i> and other adaptogenic herbs on levels of thyroid hormones and neuropsychiatric outcomes of hypothyroidism were selected and included. Emerging evidence suggests that yogic interventions improve thyroid function and mental well-being by modulating the hypothalamic-pituitary-thyroid axis and neuroendocrine pathways. Ayurveda-based herbal medicines have been shown to exhibit antioxidant, anti-inflammatory and adaptogenic properties, contributing to enhanced thyroid function and neuroprotection. However, most studies are limited by small sample sizes, heterogeneity in intervention protocols, lack of standardisation and short follow-up periods, restricting the reproducibility and generalisability of study findings. Holistic interventions such as yoga and Ayurveda-based herbal medicines may offer potential benefits in managing hypothyroidism and addressing its neuropsychiatric manifestations. However, current evidence remains preliminary and heterogeneous. High-quality, randomised controlled trials with standardised protocols are necessary to substantiate these findings and assess their efficacy, safety, long-term outcomes and clinical relevance."
42183540,Effects of mind-body exercises on depressive symptoms in older adults: a comprehensive umbrella review of the evidence.,2026,Frontiers in psychology,"Depression is common in older adults, often with suboptimal pharmacological responses. Mind-body exercises (MBEs) like Tai Chi, Yoga, and Qigong have emerged as potentially beneficial non-pharmacological interventions. However, existing systematic reviews report heterogeneous findings, necessitating a comprehensive synthesis of the available evidence. We systematically searched PubMed, Cochrane Library, Web of Science, and ScienceDirect to August 2025, following PRISMA and PRIOR guidelines. Systematic reviews and meta-analyses examining MBEs' effects on depressive symptoms in adults ≥60 years were included. The Corrected Covered Area (CCA) assessed overlap between reviews. Effect sizes were synthesized using random-effects modeling. Quality was assessed via AMSTAR-2 and GRADE. Twenty-five reviews (>20,000 participants) were included, with moderate overlap (CCA = 6.98%). The synthesized evidence suggested moderate reductions in depressive symptoms (pooled SMD = -0.51, 95% CI: -0.66 to -0.35, <i>p</i> < 0.0001). Subgroup analyses showed larger effect sizes for Qigong (SMD = -0.49) vs. Yoga (SMD = -0.45) and Tai Chi (SMD = -0.34). However, substantial heterogeneity was observed (<i>I</i> <sup>2</sup> = 90.89%). Sensitivity analyses confirmed robustness. Trim-and-fill adjustment suggested potential publication bias (adjusted SMD = -0.40). This umbrella meta-analysis provides moderate-certainty evidence that MBEs, particularly Qigong, may be associated with reductions in depressive symptoms in older adults, though the substantial heterogeneity (<i>I</i> <sup>2</sup> = 90.89%) across included reviews indicates that pooled estimates should be interpreted as reflecting a general directional trend rather than definitive effect sizes. A quality-stratified sensitivity analysis restricted to High Confidence reviews yielded a stronger and homogeneous effect (SMD = -0.62, <i>I</i> <sup>2</sup> = 0.0%). However, the predominance of lower-quality reviews and evidence of publication bias necessitate cautious interpretation. These findings provide a directional evidence synthesis to inform future high-quality research rather than definitive clinical recommendations. https://www.crd.york.ac.uk/PROSPERO/view/CRD420251131812, Identifer [PROSPERO 2025 CRD420251131812]."
42181461,"Impact of Regular Yoga and Meditation on Immune Cell Populations: A Small-Sample, Single-Arm, Pre-Post Interventional Pilot Study.",2026,Cureus,"Background Immunity is the body's ability to resist infectious diseases and is regulated by the immune system, which is divided into innate immunity, with an immediate response, and adaptive immunity, which is more specialized and effective. Lymphocytes, such as CD4<sup>+</sup>, CD8<sup>+</sup>, and CD19<sup>+</sup>, are part of adaptive immunity, while monocytes/macrophages, CD14<sup>+</sup>, are phagocytic cells of the innate immune system and maintain homeostasis. Objectives The objective of this study was to evaluate the effect of a short-term yoga and meditation intervention on specific immune cell populations (CD4+, CD8+, CD19+, and CD14+) in healthy adults practicing yoga, using a pilot pre-post study design. Methodology A prospective pre-post pilot study was conducted in five healthy adult participants who were regular practitioners of yoga and meditation and attended a 15-day meditation retreat. Peripheral blood samples were collected before and after the intervention. Immune cell populations, including CD4+ T lymphocytes, CD8+ T lymphocytes, CD19+ B cells, and CD14+ monocytes, were quantified using flow cytometry following standard Ficoll-based peripheral blood mononuclear cell isolation. Data normality was assessed using the Shapiro-Wilk test, and paired statistical analyses were performed to evaluate changes between pre- and post-intervention measurements. Results An increase in immune cell populations, including CD4+ T lymphocytes, CD8+ T lymphocytes, CD19+ B cells, and CD14+ monocytes, was observed following the intervention compared to baseline, with statistically significant differences (p<0.05). Conclusions Short-term yoga and meditation practice were associated with increases in adaptive and innate immune cell populations in this pilot study. These results suggest a potential link between regular practice and immune response, but larger controlled studies are required to draw definitive conclusions."
42180084,Effects of different exercise interventions on quality of life in breast cancer survivors after treatment: a systematic review and network meta-analysis.,2026,Frontiers in oncology,"With more than 7.8 million breast cancer survivors worldwide and five-year survival rates approaching 90%, optimizing quality of life (QoL) has become a central priority in survivorship care. Exercise is a cornerstone non-pharmacological intervention; however, current guidelines lack modality-specific evidence, and existing meta-analyses often rely on overly broad classifications that obscure clinically meaningful differences among exercise types. This systematic review involved comprehensive searches of six electronic databases (Embase, PubMed, Web of Science, the Cochrane Library, EBSCO, and Scopus) from inception through October 2025. We identified randomized controlled trials (RCTs) that evaluated how exercise interventions affect QoL in breast cancer survivors. Using frequentist network meta-analysis, we synthesized the evidence to determine which exercise modalities demonstrated superior effectiveness across the included RCTs. Sixty-nine randomized controlled trials involving 5,294 breast cancer survivors from 19 countries met the inclusion criteria. All exercise modalities except high-intensity interval training and Pilates were associated with significant improvements in QoL compared with usual care. Surface under the cumulative ranking curve analyses identified combined exercise as the most effective modality (SMD = 1.40, 95% CI: 0.95-1.86; SUCRA = 95.4%), followed by Tai Chi (SMD = 0.98, SUCRA = 71.5%), aerobic exercise (SMD = 0.79, SUCRA = 63.4%), Qigong (SMD = 0.77, SUCRA = 60.1%), yoga (SMD = 0.58, SUCRA = 45.4%), and resistance training (SMD = 0.54, SUCRA = 42.1%). Combined exercise integrating aerobic and resistance components provides the greatest improvement in QoL among breast cancer survivors. These findings offer hierarchical, modality-specific evidence to support personalized exercise prescription in survivorship care. https://www.crd.york.ac.uk/PROSPERO/view/CRD420251173721, identifier CRD420251173721."
42179705,Implementing an Integrative Medicine Group Visit Facilitator Training Program to Improve Chronic Pain Management in the Safety-Net.,2026,Global advances in integrative medicine and health,"As the opioid epidemic claims over 200 lives per day, there is an urgent need to increase access to evidence-based, non-pharmacologic modalities for pain management. To design, implement, and evaluate an integrative medicine group visit (IMGV) facilitator training program to support group visits incorporating mind-body therapies (eg, acupuncture, meditation, tai chi, yoga) for chronic musculoskeletal pain within the Los Angeles County Department of Health Services (LAC DHS). Prospective cohort pre-post study with mixed methods formative evaluation. Fifty-nine clinical staff from 3 LAC DHS medical centers and associated clinics enrolled in a 40-hour curriculum including online modules, case discussions, and onsite skills workshops in 2020. We used the <i>Self-Efficacy in Using Non-Drug Therapies for Common Symptoms</i> (SEND) scale to measure change in trainees' self-efficacy to teach selected mind-body therapies for chronic pain management. We evaluated feasibility and acceptability with the course completion rate and obtained participant feedback through program evaluations and semi-structured interviews. 49% of staff members completed the course, primarily physicians (37%) and rehabilitation therapists (22%). Most participants (80%) were female and 28% more non-physicians completed the final exam than physicians (<i>P</i> = 0.040). SEND scores increased by 20.9 (<i>P</i> < 0.001). Trainees strongly valued the curriculum content, particularly the in-person tai chi and acupressure instruction, but recommended that the online modules be customizable to reduce time commitment. Disruptions from the COVID-19 pandemic affected course progress and completion rates. Overall, the IMGV facilitator training program was acceptable, feasible with program modifications under pandemic conditions, and increased staff confidence to teach others nonpharmacologic chronic pain management."
42179434,Impact of physical activity and exercise interventions on white matter integrity in overweight and obese populations: A systematic review and meta-analysis.,2026,Comprehensive psychoneuroendocrinology,"Obesity is associated with alterations in white matter microstructure, including reduced fractional anisotropy (FA) and elevated mean diffusivity (MD) and radial diffusivity (RD), which may contribute to cognitive decline. Physical activity interventions may offer neuroprotective benefits, but comprehensive evidence in overweight and obese populations remains limited. To systematically evaluate the impact of physical activity interventions and cardiorespiratory fitness on white matter integrity, as measured by diffusion tensor imaging (DTI), in individuals with overweight and obesity. We searched PubMed, Embase, Scopus, Web of Science, and Ovid MEDLINE from inception to 19 August 2025. We included RCTs and observational studies examining physical activity interventions, cardiorespiratory fitness, or habitual physical activity in relation to DTI-derived white matter metrics in overweight or obese populations. Two reviewers independently conducted screening, data extraction, and risk-of-bias assessment using the RoB 2 and ROBINS-E tools. Meta-analyses were conducted in R using a multivariate multilevel model with Restricted Maximum Likelihood (REML) estimation to account for the non-independence of multiple effect sizes nested within studies. Eight studies comprising an estimated 301 unique participants were included (5 RCTs and 3 cross-sectional studies). Seven studies focused on children and adolescents aged 7-11 years, and one examined older adults. The meta-analyses, conducted exclusively in pediatric RCTs, revealed no statistically significant effects of physical activity interventions on FA (SMD = 0.388, 95% CI: -0.123 to 0.900, p = 0.136), MD (SMD = -0.090, 95% CI: -0.245 to 0.065, p = 0.256), or RD (SMD = 0.454, 95% CI: -0.029 to 0.936, p = 0.065), though a non-significant trend toward reduced RD was observed. All three cross-sectional studies were derived from a single research cohort (ActiveBrains project) and showed largely inconsistent associations between physical fitness and white matter integrity, with most findings not surviving correction for multiple comparisons. Following re-analysis using a methodologically appropriate multilevel model, physical activity interventions did not demonstrate statistically significant effects on any DTI metric in children with overweight or obesity. A non-significant trend toward reduced RD suggests a possible beneficial effect on myelin integrity warranting investigation in future adequately powered studies. The cross-sectional evidence is limited by its derivation from a single research cohort. Large-scale RCTs in adult and older adult populations with obesity, employing harmonised neuroimaging protocols and longer intervention durations, are needed to establish the effects of physical activity on white matter microstructure across the lifespan."
42176984,Short-Term Effect of Fast Forceful Abdominal Breathing Yoga in Eyes with Glaucoma.,2026,Ophthalmology. Glaucoma,
42176416,Impact of tariff on Indian AYUSH products: Evidence from top importers of India.,2026,Journal of Ayurveda and integrative medicine,"Background The global demand for Indian AYUSH (Ayurveda, Yoga & Naturopathy, Unani, Siddha, and Homeopathy) products has been rising, yet the impact of tariff reduction on their trade remains largely unexplored. Objective This study aims to assess the effects of tariff reduction on AYUSH product exports to eight major importing countries, which collectively account for approximately 50% of India's AYUSH exports. Methods The analysis covers 19 eight-digit HS codes specified by AYUSHEXCIL, which include traditional AYUSH products along with related cosmetic and dental preparations that contain herbal and traditional medicine ingredients, as dedicated six-digit HS codes for pure AYUSH products are not available in the international trade classification system. Using secondary trade data, the research employs a Partial Equilibrium Analysis through the Trade Intelligence and Negotiation Advisor (TINA) model to simulate trade scenarios under reduced tariff conditions. Results The findings indicate that while tariff reductions generally enhance trade, a blanket zero-tariff policy across all AYUSH products is not advisable. In certain product categories, trade diversion outweighs trade creation, leading to potential welfare losses for India. Conclusion The study provides critical insights for policymakers, suggesting a selective tariff reduction strategy that maximizes trade benefits while safeguarding national economic interests.The findings underscore the importance of integrating product-specific competitiveness, regulatory harmonization, and upstream value chain considerations into India's AYUSH export strategy."
42175798,"Comparative biopsychosocial effects of yoga, spinal stabilization, and aerobic exercises in chronic non-specific low back pain: A randomized controlled trial.",2026,Physiotherapy theory and practice,"Although exercise is a commonly recommended intervention for individuals with chronic nonspecific low back pain (cNSLBP), the comparative efficacy of different modalities across comprehensive biopsychosocial variables remains unclear. This study aimed to compare the effects of yoga, spinal stabilization exercises (SSE), and aerobic exercise on pain, disability, pain cognitions, gait, and metabolic capacity in individuals with cNSLBP. This prospective, three-arm randomized controlled trial included 74 individuals who were allocated to yoga, SSE, or aerobic exercise. Interventions were administered for 8 weeks (2 sessions/week, 60 min). Primary outcomes were pain intensity and disability. Secondary outcomes included pain catastrophizing, fear avoidance, alexithymia, cognitive function, back awareness, quality of life, gait characteristics, and 6-Minute Walk Test (6MWT) distance. All groups showed comparable and significant improvements over time in primary outcomes, including resting pain intensity (<i>p</i> < .001; RTE: 0.624, 0.371), activity pain intensity (<i>p</i> < .001; RTE: 0.707, 0.291), night pain intensity (<i>p</i> < .001, RTE: 0.640, 0.358), and disability (<i>p</i> < .001, η<sub>p</sub><sup>2</sup> = 0.523). Regarding secondary outcomes, similar patterns of recovery were observed across psychosocial, cognitive, gait, and 6MWT measures (FDR-adjusted main time effects <i>p</i> < .05; η<sub>p</sub><sup>2</sup> range: 0.076-0.518; RTE range: 0.367-0.631). Yoga, SSE, and aerobic exercises are similarly effective in improving biopsychosocial outcomes, particularly pain and disability, in cNSLBP. These findings suggest that incorporating any of these structured exercises can yield comparable clinical benefits, allowing treatments to be tailored to patient preferences.Registration number: NCT04000685."
42173510,Systematic Review on the Effect of Yoga Nidra on Menstrual Disorders Among Adult Women.,2026,International journal of yoga therapy,"Menstrual disorders including amenorrhea, premenstrual syndrome, and dysmenorrhea significantly disrupt the normal menstrual cycle and negatively impact quality of life. Yoga nidra, a guided meditation technique, has been explored for its potential therapeutic benefits in menstrual health, although comprehensive evidence remains limited. The present systematic review aimed to assess the effect of yoga nidra on menstrual disorders by analyzing existing research and synthesizing findings. The review followed PRISMA guidelines and involved searches in PubMed/MEDLINE, Cochrane Library, Science Direct, and Google Scholar using keywords related to yoga nidra and menstrual disorders. Studies were selected based on predefined inclusion criteria. A total of seven randomized controlled trials were included. The findings indicated improvements across four key areas of women's health: (1) psychological well-being, (2) hormonal balance, (3) hematological profile, and (4) physiological parameters. These results suggest that yoga nidra may be an effective complementary therapy for managing menstrual disorders because of its noninvasive and low-cost nature. However, further high-quality randomized controlled trials are necessary to confirm its efficacy."
42171720,Yoga- and Pilates-Based Respiratory Training in Individuals with Urinary Incontinence: A Randomized Controlled Trial.,2026,International urogynecology journal,"To compare the effects of yoga- and Pilates-based respiratory training on incontinence severity, pelvic floor muscle (PFM) function, and quality of life (QOL) in individuals with urinary incontinence. Forty-six women diagnosed with stress or mixed urinary incontinence were included. Participants were randomized using stratified allocation into yoga-based and Pilates-based groups. Pre- and post-assessments included the International Consultation on Incontinence Questionnaire-Short Form (ICIQ-SF), 24-h pad test, Incontinence Quality-of-Life Scale (I-QoL), sEMG, McGill Core Endurance Test, and intraoral pressure measurement. Both groups completed a 6-week respiratory exercise program performed 5 days per week, twice daily, for 20-min sessions. Exercise instruction and technique correction were supervised by a physiotherapist at baseline and during follow-up sessions in weeks 3 and 5, while all other sessions were carried out at home. Data were analyzed using descriptive and comparative statistical methods, with significance set at p < 0.05. After treatment, both groups showed significant improvements in the ICIQ-SF, I-QOL scores and PFM contraction activity (p < 0.05). Only the yoga-based group showed a significant reduction in PFM resting sEMG activity (p < 0.05). Posttreatment comparisons revealed significant differences in QOL and pelvic floor muscle resting parameters favoring the yoga-based group (p < 0.05). Both yoga- and Pilates-based respiratory training improved incontinence severity and PFM contraction. Yoga-based training showed greater improvements in QOL and PFM resting activity than Pilates-based training. These results indicate that respiratory training can be safely used as a home-based exercise program for individuals with urinary incontinence."
42167008,Exploring the relationship between Ayurgenomics and bio-psycho-social symptoms in cancer care.,2026,Journal of Ayurveda and integrative medicine,"Ayurveda, the ancient Indian system of medicine, emphasises the role of individual constitution in health. Modern Ayurgenomics integrates Ayurvedic principles with genomic analysis, aiming to personalize Yogic interventions for cancer patients. The current study aims to explore the intersection of Ayurgenomics, dehaprakriti, and Yoga Therapy in the context of medical oncology. The study included 60 chemotherapy patients, with their dehaprakriti assessed using AyuSoft. Patients' symptoms were diagnosed with the Rotterdam Symptom Checklist (RSCL). The data was analyzed to observe any correlation between Prakriti type and chemotherapy response. Vatapradhan types show high physical impairment (38.96) but retain functionality (13.83). Pittapradhan types have minimal physical burden (24.05) but high psychological strain (13.00) with a positive life outlook. Kapha-dominant types experience moderate physical (27.78-34.61) and psychological burdens (9.69-12.12) and slower disease progression. Major findings revealed that vata-dominant patients required more immediate intervention due to rapid tumor growth, while pitta-dominant patients were more susceptible to chemotherapy side effects. Patients with kaphaprakriti showed slower tumor growth. Appropriate Yogic interventions and dietary adjustments may help manage the loss of vitality during chemotherapy. The study highlights the growing relevance of integrating traditional Eastern wisdom, such as Ayurveda, with Western scientific approaches to personalize cancer care. Integrating Prakriti-based Yogic interventions may alleviate the physical and psychological impact of cancer and its treatments, enhancing the overall quality of life for patients."
42163920,A cross-sectional study on menstrual health difficulties and premenstrual symptomatology in adolescent girls with intellectual disability: a salutogenic public health perspective.,2026,Frontiers in public health,"Adolescent girls with Intellectual disability (ID) are amongst the most vulnerable and underserved populations with special menstrual health needs. The prevalence of menstrual difficulties and premenstrual symptoms among people with ID often goes unrecognized, is poorly communicated and poorly managed which in turn contributes to functional limitations, increased caregiver burden and reduced quality of life. There is a lack of evidence from India regarding multidimensional PMS patterns and integrated supportive care approaches for girls with ID. To assess menstrual health difficulties and premenstrual symptom patterns among adolescent girls with intellectual disability and to describe multidisciplinary supportive care recommendations within a salutogenic public health framework. A cross-sectional school-based survey was conducted among 52 adolescent girls with mild to moderate ID aged 10-19 years in selected special schools of Puducherry. Menstrual history and hygiene practices were assessed by a gynecologist, and premenstrual symptoms across psychological, physical, and behavioral domains were evaluated using a caregiver-reported PMS screening tool over three consecutive cycles. Symptom clustering was performed by multidisciplinary experts. Exploratory inferential analysis was conducted using appropriate statistical tests to examine associations between level of intellectual disability and key menstrual health variables. Dysmenorrhea was reported by 94.2% of participants with severe pain of 67.3%. Nearly half of them experienced menstrual irregularities, and over 90% needed partial to complete caregiver assistance in menstrual hygiene. Premenstrual symptoms were common across the domains: mood variability, irritability, pain, aggression, hypersomnia, and school absenteeism. Exploratory analysis showed no significant differences in symptom domain scores across levels of intellectual disability; however, hygiene dependence was significantly higher among adolescents with moderate intellectual disability. All participants exhibited overlapping symptom clusters-warranting integrated multidisciplinary recommendations. Routine supportive care gynecological, psychiatric, and yoga-based strategies were given. Emphasis was also laid on non-pharmacological management, behavior regulation, and body-mind coping. Adolescent girls with ID face a high burden of menstrual and premenstrual difficulties across physical, psychological, and behavioral domains. A salutogenic, multidisciplinary approach to gynecological care, together with behavioral support and yoga-based interventions, provided a culturally feasible framework for addressing menstrual health needs within special-school settings. For longitudinal effectiveness, such integrated strategies need to be evaluated."
42161238,Effect of Yoga on inflammatory markers and its impact on cardiovascular health and rehabilitation: A systematic review.,2026,Journal of Ayurveda and integrative medicine,"One of the main mechanisms in cardiovascular disease (CVD) development is inflammation. Increased risk of CVD has been linked to elevated levels of inflammatory markers such as C-reactive protein (CRP), interleukin-6 (IL-6), and tumour necrosis factor-alpha (TNF-α). According to recent estimates, CVD, which includes ischemic heart disease and stroke, accounted for 19.8 million fatalities globally, or around 32% of all deaths, with an age-standardized death rate of 235 per 100,000. Over 523 million individuals worldwide are affected by prevalence, which is fuelled by risk factors like diabetes and hypertension as well as aging populations. According to the Global Burden of Disease report, low- and middle-income areas continue to have significant burdens. In the management of CVD, yoga, a mind-body intervention, has been proven to have anti-inflammatory effects. This review intends to investigate the association between heart health and inflammatory indicators, as well as the function of yoga in treating CVD. Atherosclerosis development and cardiovascular disease (CVD) events are driven by chronic inflammation, and severe unfavourable cardiac outcomes in patients with coronary artery disease (CAD) are independently predicted by higher levels of C-reactive protein (CRP), interleukin-6 (IL-6), and tumour necrosis factor-alpha (TNF-α). Even though there are more than 200 million cases of CAD worldwide, traditional cardiac rehabilitation results in poor adherence and a chronic inflammatory burden following percutaneous coronary intervention (PCI). This highlights the need for supplemental, non-pharmacological therapies like yoga that alter autonomic regulation and cytokine networks and its role in rehabilitation. This systematic review synthesizes unique evidence on yoga's effects on inflammatory markers and their mechanistic links to cardiovascular health improvements in adults with or at risk for CVD. Comprehensive searches across PubMed, Cochrane Library, Web of Science, Scopus, and Embase (2000-2026) employed MeSH terms and keywords including (""yoga"" OR ""hatha yoga"" OR pranayama OR ""yoga therapy"") AND (""inflammatory markers"" OR CRP OR ""hs-CRP"" OR IL-6 OR TNF-α OR cytokine∗) AND (""cardiovascular diseases"" OR CAD OR ""myocardial infarction"" OR ""endothelial function"" OR ""cardiac rehabilitation""), restricted to randomised controlled trials (RCTs), humans, and English-language publications. PRISMA guidelines directed study selection, data extraction (mean differences, standardized mean differences for biomarkers like CRP, IL-6, TNF-α, adiponectin), and risk-of-bias assessment via Cochrane RoB 2 tool. Yoga interventions consistently and reproducibly attenuate systemic inflammation in CVD populations, offering mechanistic support for enhanced cardiovascular risk reduction beyond standard care. These findings advocate standardized yoga protocols relevant for secondary prevention guidelines, warranting large-scale trials to establish dose-response relationships and long-term clinical outcomes."
42161236,Tapentadol and Zolpidem addiction management with Ayurvedic intervention: A case report.,2026,Journal of Ayurveda and integrative medicine,"Opioids pose significant challenges worldwide. Tapentadol's unrestrained availability has raised concerns, as it is developing as an alternative for illicit pharmaceutical opioids. A case of 31-year-old patient complaining of anxiousness, profuse perspiration, body ache, lacrimation, restlessness, sleeplessness, and loose stools with history of Tapentadol and zolpidem abuse showed in the OPD on Oct 31, 2023. The patient's Clinical opiate withdrawal scale (COWS) evaluated withdrawal symptoms of the as moderate (score 28) and the Insomnia Severity Index (ISI) showed the severe insomnia (score 25). Patient was prescribed with tapering dose of Sameergajakesari Rasa (375, 250, 125mg), Vishatindukadi Vati 250mg, Combination of Sitopaladi Churna 3g + Lakshmivilas Rasa 250mg + Tankan Bhasma 250 mg, over 3 weeks, Combination of Vaatvidhwansank Ras 250mg + Godanti Bhasma 250mg + Tryodshang Gugglu 500mg for first 2 weeks, Ksheerpaka of Ashwagandha Churna 3g + Shatavari Churna 2g + Gokshur Churna 1g and Brahmarasayan 5g for third week. Externally Dashmoola Tail Sarvanga Abhyanga, Sarvanga Swedana, Shirodhara with Til Taila and Brahmi Tail, Pranayama, Yoga and counselling. The total COWS score decreased from 28 prior to treatment to 2 after three weeks of treatment. Similarly, ISI score decreased from 25 to zero after treatment. The patient was treated solely using Ayurvedic treatment, including Satvajaya Chikitsa, and no complications were noticed during the course of treatment. Observations suggested that with the Ayurvedic management, withdrawals and insomnia were completely resolved within three weeks of treatment. The baseline investigations were normal, and the patient continued to practice yoga and counselling during and after therapy, abstaining for 60 days post treatment."
42158779,Sustained Insulin Independence Following Lifestyle Intervention in a 78-Year-Old Patient With Long-Standing Type 2 Diabetes: A Six-Year Follow-Up Case Report.,2026,Cureus,"Insulin dependence in elderly patients with long-standing type 2 diabetes (T2D) is common due to progressive β-cell decline, and insulin withdrawal is rarely considered. Evidence on sustained insulin discontinuation and long-term glycemic stability following intensive lifestyle interventions (ILIs) in elderly patients with long-standing T2D is limited. This case report describes a 78-year-old man with a 40-year history of T2D and 31 years of insulin therapy who achieved insulin independence after a structured ILI program. The multidisciplinary protocol incorporated a whole-food, plant-based diet, intermittent fasting, yoga, resistance training, and stress management, with medication deprescription guided by the Research Society for the Study of Diabetes in India-Endocrine Society of India (RSSDI-ESI) Therapeutic Wheel, monitored through daily remote tracking of glucose levels. Insulin was successfully tapered and discontinued within the first month of enrolment. At 10 months, weight decreased from 71.9 to 62.5 kg, body mass index (BMI) from 24.9 to 21.6 kg/m², and glycated hemoglobin (HbA1c) from 7.0% to 6.6%. Lipids and inflammation improved (triglycerides, 59 to 41 mg/dL; high-density lipoprotein cholesterol (HDL-C), 53 to 62 mg/dL; high-sensitivity C-reactive protein (hs-CRP), 0.7 to 0.3 mg/L), and renal function remained stable. At the 77-month follow-up, the patient maintained an insulin-free status on minimal oral therapy (gliclazide), with stable weight (63.5 kg) and HbA1c (6.6%). Fasting insulin (4.2 μU/mL) and C-peptide (1.36 ng/mL) levels confirmed preserved endogenous insulin secretion. This case illustrates that even elderly patients with very long-standing T2D may achieve sustained insulin withdrawal in the context of comprehensive ILI, underscoring the importance of integrating lifestyle medicine into diabetes care to reduce polypharmacy and enhance long-term outcomes."
42158635,Yoga for Burnout in Nurses: A Systematic Review and Meta-analysis of Randomized Controlled Trials.,2026,International journal of yoga,"Nurses often experience significant physical and psychological stress, leading to various individual, familial, social, and organizational issues that predispose them to burnout. Burnout has detrimental effects on the health and well-being of nurses. This systematic review and meta-analysis estimates the effectiveness of yoga on burnout among nurses. Four electronic databases - PubMed, Scopus, Web of Science, and Cumulative Index to Nursing and Allied Health Literature were systematically searched for randomized controlled trials (RCTs) that evaluated the effect of yoga on burnout among nurses. The preferred reporting items for systematic reviews and meta-analyses guidelines were utilized. A total of 88 studies were screened, and 3 RCTs were retained for the meta-analysis. The standardized mean differences (SMDs) were estimated using a random and fixed-effect model with 95% confidence intervals (CIs). There was a significant effect of yoga on three components of burnout: emotional exhaustion (SMD -0.71; 95% CI -1.27--0.15 [<i>P</i> < 0.01]), depersonalization (SMD -0.59; 95% CI -0.88- -0.30 [<i>P</i> < 0.01]), and personal achievement (SMD 0.76; 95% CI 0.26-1.25 [<i>P</i> < 0.01]). Moreover, the research studies showed high heterogeneity (<i>I</i> <sup>2</sup> = 0%-72%), and of the 3 trials, 2 were considered to be at low risk based on the Cochrane risk of bias 2 tool. Therefore, yoga is an effective and economical method that nurses can use to reduce burnout and improve the quality of care provided to patients. Integration of yoga-based practices into the healthcare routine has promising benefits, but more substantial findings are essential for developing evidence-based guidelines (International Prospective Register of Systematic Reviews registration: CRD42024591915)."
42158634,Impact of Yoga and Naturopathy on Refractive Error and Visual Acuity in a Patient with Myopia.,2026,International journal of yoga,"Myopia, or near-sightedness, is a common refractive error characterized by difficulty in seeing distant objects clearly, caused by the elongation of the eyeball. Although various yoga techniques, diet, and mud therapy are effective in improving refractive error, the impact of yoga and naturopathy (YN) interventions on visual outcomes in myopia remains largely unexplored. A 22-year-old male visited our outpatient department with complaints of blurred distant vision. Clinical evaluation confirmed a diagnosis of myopia, with no associated systemic comorbidities. The participant underwent YN interventions for 25 days. An improvement in spherical power, cylindrical power, spherical equivalent, and visual acuity was found after the intervention. It suggests that 25 days of YN interventions were useful in improving refractive error and visual acuity in individuals with myopia. However, as this is a single case report, more randomized controlled trials are recommended to validate the findings of this study."
42158633,"Impact of Rajayoga Meditation on Anxiety, Serum Cortisol, and Hemodynamic Parameters in Patients Undergoing Modified Radical Mastectomy - Prospective Randomized Control Trial.",2026,International journal of yoga,"Rajayoga meditation is form of meditation that is offered by Rajayoga Education and Research Foundation of Brahma Kumaris World Spiritual University. It is free of ritual and mantras and can be performed anywhere and anytime. The Rajayoga meditation practice can have beneficial effects on modulating anxiety and cortisol levels in breast cancer patients undergoing surgery. To evaluate the impact of Rajayoga meditation on preoperative and postoperative anxiety, hemodynamic parameters, and serum cortisol levels in patients undergoing modified radical mastectomy (MRM). The study was randomized controlled trial carried out in a tertiary care center. Sixty female patients of the American Society of Anesthesiologists physical status II, aged 30-70 years, scheduled to undergo elective MRM under general anesthesia were included. The patients were randomized into two groups namely, Group R, Rajayoga group (<i>n</i> = 30) and Group C, Control group (<i>n</i> = 30) who did not receive any intervention. Anxiety was measured using State-Trait Anxiety Inventory (STAI-S) before the start of Rajayoga training and on second postoperative day. Serum cortisol, hemodynamic parameters (heart rate, systolic, and diastolic blood pressure) and respiratory rate were also noted before initiating Rajayoga meditation and on second postoperative day. In this study, it was observed that anxiety levels, serum cortisol, and hemodynamic parameters of the patients before the surgery were comparable between the two groups. However, on second postoperative day, patients who underwent Rajayoga meditation had significantly reduced anxiety, heart rate, blood pressure, respiratory rate, and serum cortisol levels. These results suggest that Rajayoga meditation may be an effective nonpharmacological intervention for stress reduction and physiological stabilization in surgical patients. Rajayoga meditation significantly reduces anxiety, heart rate, blood pressure, respiratory rate, and serum cortisol levels in patients undergoing MRM."
42158632,Yoga Professionals' Opinions about Yoga in Health Care.,2026,International journal of yoga,"Yoga effectively supports physical, emotional, and mental well-being and represents a powerful integrated holistic healthcare practice to support prevention, healing, and thriving for a variety of health and mental health conditions. Currently, no clear credentialing pathway exists for yoga services that are delivered in health care. This study explores interest among yoga professionals in providing yoga in health care, as well as their perceptions about the need for and likelihood of enrolling in training programs leading to specialized credentials for yoga interventions in healthcare settings. A descriptive survey was offered to US yoga professionals about perceptions of yoga's importance in health care and credentialing needs for providers. Through direct invitations, social media, and snowball sampling, 1877 individuals responded to the survey, with sample composition being commensurate with current US yoga practitioner demographics. Respondents strongly agreed that yoga has an important role in health care, showed interest in providing such care, and expressed confusion about currently available preparation and credentialing for providing such yoga services. They strongly endorsed the need for specialized yoga credentials to provide yoga services in health care, with expressed strong likelihood to seek out such credentialing for themselves. Yoga has emerged as invaluable in supporting physical and mental health and well-being. However, to become a recognized, reimbursable healthcare practice, the yoga profession needs to define itself through educational standards and credentialing policies. Findings suggest that yoga communities and credentialing organizations need to come together to support yoga's healthcare integration by clarifying the scope of practice, educational pathways, and credentialing for yoga services in health care and community health settings."
42158631,Evidence-based Review of Yoga Interventions for Adolescent Health and Well-being in US Schools.,2026,International journal of yoga,"The adolescent behavioral health crisis has intensified pressures to foster both physical health and mental well-being, particularly in the post-COVID-19. Yoga, as a holistic approach, has been integrated into existing curricula and positive behavioral interventions. This review examines the implementation and impact of yoga interventions in the U.S., with a focus on adolescent students in secondary schools, to identify effective strategies and provide recommendations to ensure the sustainable integration of yoga into school-based behavioral health initiatives. The articles were systematically searched from EBSCOhost, PubMed, and Web of Science databases. Inclusion criteria were: yoga component with physical elements, implemented in U.S. secondary schools as part of PE curricular or school interventions, and published in English in peer-reviewed journals. This review synthesizes findings from 17 studies on yoga interventions, highlighting notable benefits across physical and psychosocial outcomes. While most interventions are integrated into the school day, some alterations, including the afterschool and virtual formats, have emerged, providing insight into accessibility to school health promotion. The review suggests that ongoing research to refine intervention designs, address implementation barriers, and expand the reach of yoga interventions to racially and ethnically diverse populations is warranted. Overall, this review advocates for integrating yoga into health promotion initiatives, which provide adolescents with practical tools to enhance their well-being in the educational setting."
42158630,"Yoga for Cancer Symptom Management: A Review of its Therapeutic Benefits on Breast Cancer, Quality of Life, and Psychological Distress.",2026,International journal of yoga,"Cancer diagnosis and treatment often cause psychological distress and reduced quality of life (QoL). Research suggests that patients with depressive symptoms have lower survival rates. Mind-body interventions, such as yoga and meditation, have been recognized for their potential to alleviate symptoms of burden and distress in cancer patients. This narrative review examines the role of yoga in managing symptoms and improving the QoL in breast cancer patients. It synthesizes findings from studies conducted during treatment and in the survivorship phase. A literature review was conducted using the PubMed database search. The search, filtered for clinical trials, identified 216 studies on yoga and meditation. Only randomized controlled trials (RCTs) were included to ensure methodological rigor. Yoga and Meditation interventions show significant benefits in reducing stress, improving mood states, and enhancing QoL in cancer patients. Despite methodological limitations, several large, multicentric trials have demonstrated robust evidence supporting the efficacy of yoga and meditation in improving psychological well-being and QoL in breast cancer patients. Further high-quality research is needed to establish standardized protocols and enhance clinical implementation."
42158629,Effects of Pranayama on Recently Diagnosed Migraine: A Detailed Study Incorporating Cardiac Autonomic Functions and Clinical Scores.,2026,International journal of yoga,"Migraine is considered to be a primary headache disorder manifested by frequent on-and-off attacks of moderate to intense pain, mostly pulsatile or throbbing in nature. While various treatment options exist, including medication, non pharmacological interventions are also being explored to alleviate symptoms and improve overall well-being. By exploring the impact of Pranayama on multiple domains, this study aimed to provide valuable insights into the potential benefits of this nonpharmacological intervention and its role in improving the well-being of individuals affected by migraine. Recently diagnosed migraine patients were assigned into two groups, namely the control group (<i>n</i> = 43) and the Yoga group (<i>n</i> = 43). The yoga group received 12 weeks of pranayama with conventional care, and the control group received conventional care alone. Cardiac autonomic functions and clinical scores (Migraine Disability Assessment Scores, Headache Impact Test-6, and Hamilton Depression Rating Scale) were assessed at baseline and the end of the intervention. Cardiac autonomic functions as well as clinical scores were improved in both the groups, and this was significant in the yoga group. Vagal tone was significantly improved in the yoga group as compared to the control group. In light of the findings from this randomized controlled trial, it is evident that a 12-week Pranayama practice holds immense promise as a safe and accessible complementary intervention for individuals with recently diagnosed migraine under stable therapy. Pranayama, with its positive therapeutic impact on multiple aspects of migraine pathology and its noninvasive nature, holds great promise for individuals seeking alternative or complementary treatments for migraine."
42158628,The Effects of Hatha Yoga on Anthropometric and Psychological Indices among Retired Women: A Randomized Controlled Trial.,2026,International journal of yoga,"Aging is accompanied by various physiological and psychological changes that necessitate focused attention on both physical and mental health. Hatha yoga, a safe and nonpharmacological intervention, has shown promise in promoting overall well-being in older adults. This study aimed to assess the effects of Hatha yoga on anthropometric and psychological parameters in retired women attending the Retirement Center of Rafsanjan University of Medical Sciences. In this two-arm randomized controlled trial, 64 retired women over the age of 60 years were randomly assigned to either the intervention or control group using a 1:1 parallel design. The intervention group attended Hatha yoga sessions once a week for 8 weeks, while the control group received no intervention. Anthropometric measurements (body mass index [BMI], waist circumference (WC), hip circumference, and waist-to-hip ratio [WHR]) and psychological assessments (depression, anxiety, and stress) were recorded at baseline, 1 month, and 2 months postintervention. All 64 participants completed the study. Repeated-measures ANOVA (SPSS v16.0) revealed significant reductions in stress (<i>P</i> < 0.001), anxiety (<i>P</i> < 0.001), WC (<i>P</i> < 0.001), and WHR (<i>P</i> < 0.001) in the intervention group across the three time points. No significant changes were observed in depression (<i>P</i> = 0.537), and although there was a within-group reduction in BMI, the between-group difference was not statistically significant (<i>P</i> > 0.05). An 8-week Hatha yoga program effectively reduces stress, anxiety, WC, and WHR in healthy retired women, supporting its role as a beneficial intervention for promoting health in the elderly."
42158627,Effects of Yoga on the Efficiency of the Attentional Networks in Competitive Archers: A Randomized Controlled Trial.,2026,International journal of yoga,"Attention is fundamental to optimal performance in precision sports such as archery. While yoga has consistently been linked to cognitive enhancements, no study has explored its effects on attentional processes in archers. This study evaluated the impact of an 8-week yoga intervention on the Attention Network Test (ANT) outcomes, focusing on the alerting, orienting, and conflict control networks in competitive archers. This trial enrolled 92 state-level competitive archers aged 12-20 years, randomized into yoga and control groups. The yoga group participated in a 60-min validated yoga module comprising loosening exercises, breathing techniques, asanas, pranayamas, kriyas, meditation, and relaxation, conducted thrice weekly for 8 weeks. The controls continued routine training. The ANT was administered at baseline and post-intervention. Primary outcomes included the efficiencies of the alerting, orienting, and conflict control networks. Secondary outcomes comprised overall accuracy, overall reaction time (RT), and RTs across four cue and three flanker types. Paired <i>t</i>-tests and Wilcoxon signed-rank tests assessed within-group differences, while repeated measures ANOVA examined between-group differences. Eighty-three participants completed the study (yoga: 43, control: 39). The yoga group exhibited significant improvements in the orienting network (MD = 18.68 [11.69, 25.67], <i>P</i> < 0.001, η<sub>p</sub> <sup>2</sup> = 0.261), conflict control network (MD =-36.72 [-44.81, -28.62], <i>P</i> < 0.001, η<sub>p</sub> <sup>2</sup> = 0.505), overall accuracy, RTs across all cue types, and the incongruent flanker condition compared to controls. Within-group differences showed significant improvements in all outcome measures for the yoga group, while the control group exhibited improvements only in certain RTs. The 8-week yoga intervention significantly enhanced the orienting and conflict control networks, highlighting the potential of yoga in improving attention in state-level competitive archers. These preliminary findings suggest that yoga is an effective intervention for managing cognitive and emotional distractions during competitions. Future research should examine these effects in elite archers and explore the mediating role of these networks in the relationship between yoga and archery performance."
42158626,Serenity in Struggle: A Systematic Review on the Impact of Yoga on Quality of Life in Cancer Patients.,2026,International journal of yoga,"Cancer is a life-altering diagnosis that profoundly impacts patients' physical health and their quality of life (QoL). Complementary therapies like yoga have gained attention for their potential to alleviate these adverse effects and improve well-being. However, its integration into cancer care remains limited due to insufficient evidence and guidelines. By systematically reviewing the literature, this study aims to identify if there is a benefit of yoga in improving QoL parameters such as sleep, pain index, depression, and anxiety. This review is based on the preferred reporting items for systematic review and meta-analysis guidelines. For this review, we searched the PubMed, Google Scholar, and Cochrane databases and screened them for full free texts published in English and studied in humans in the last 5 years, beginning in 2019. The articles included in the search are randomized controlled trials (RCTs), nonrandomized control trials, mixed studies, observational studies, meta-analysis studies, systematic reviews, and traditional reviews. Our systematic review consists of 6 RCTs, 1 meta-analysis, and 1 observational study. The studies included yoga intervention in different cancers and their effects on sleep, depression, pain, QoL, fatigue, anxiety, and inflammatory cytokines. Nonpharmacological interventions like yoga are essential for improving the QoL in cancer patients. The heterogeneity in yoga protocols and the limited sample sizes of included studies suggest further research."
42158625,Enhancing Yoga Pose Recognition through a Multimodal Hybrid Approach with Attention Mechanism and Late Fusion on Yoga For All-30.,2026,International journal of yoga,"The project focuses on yoga pose recognition, a critical task in computer vision and AI, to enhance physical and mental well-being by improving posture analysis. It addresses challenges such as the lack of benchmark datasets and limitations in both landmark-augmented and landmark-free methods. 1. Developed a hybrid model combining landmark-based and landmark-free techniques for accurate yoga pose recognition 2. Introduced YFA-30, a comprehensive dataset with 30 yoga poses to benchmark pose recognition models 3. Conducted a comparative analysis of existing models with the proposed hybrid model. The project operates within the domain of computer vision and artificial intelligence, specifically focusing on yoga pose recognition. It involves a controlled computational environment for training, validating, and testing deep learning models using datasets of yoga poses. The settings emphasize creating a system capable of real-time pose recognition and correction for practical applications in fitness, health, and education. • Hybrid Model: Combines MoveNet (landmark detection) and ResNet50 (image feature extraction) using a scaled dot-product attention mechanism and late fusion • Statistical Evaluation: Analyzes accuracy, loss, and performance metrics across multiple datasets (YFA-30, YFA-20, YFA-10, Kaggle, and Google CG) • Comparative Study: Benchmarks against models such as Mediapipe, YOLO-V8x, and Xception • Visualization: Uses Grad-CAM heatmaps for feature extraction insights. Datasets: • YFA-30: Newly introduced dataset with 30 yoga poses with approximately 8000 images • Kaggle Dataset: Small dataset with 5 yoga poses • Google CG Dataset: Synthetic images of 5 yoga poses. Models: • Landmark-based: MoveNet, Mediapipe, and YOLO-V8x • Landmark-free: ResNet50, VGG16, EfficientNetB0, and Xception. The statistical analyses used in your yoga pose recognition project include: 1. Performance Metrics: Accuracy, loss (training, validation, and test), and loss curves across datasets (YFA-30, YFA-20, YFA-10, Kaggle, and Google CG) to evaluate model efficiency 2. Comparative Analysis: Benchmarking the hybrid model (MoveNet + ResNet50) against other models such as Mediapipe, YOLO-V8x-pose, and landmark-free models (e.g., VGG16 and Xception) 3. Cross-Validation: Testing on YFA dataset subsets to ensure robustness across data variability 4. Attention Mechanism: Scaled dot-product attention and late fusion to integrate and prioritize relevant features and landmarks 5. Visual Analysis: Heatmaps (Grad-CAM) to interpret keypoint detection and feature extraction 6. Dataset Testing: Evaluation on synthetic and real-world datasets to ensure adaptability. These analyses validate the hybrid model's performance and robustness."
42158624,Yoga: The Path of Science and Spirituality for World Peace and Harmony.,2026,International journal of yoga,
42158623,Immediate Effect of <i>Bhastrika pranayama</i> on Critical Flickering Fusion Frequency among Healthy Volunteers: A Randomized Controlled Study.,2026,International journal of yoga,"Yoga, an ancient Vedic science, promotes unity through postures, breathing exercises, relaxation, and meditation. <i>Bhastrika pranayama</i>, also known as the ""bellows breath,"" is a vitalizing practice that enhances air flow within the body, stimulates both gross and subtle aspects of the body and mind. It influences brain regions related to emotional processing, such as the amygdala and prefrontal cortex, and has been shown to decrease anxiety and negative emotions. This study aims to evaluate the immediate effect of <i>Bhastrika pranayama</i> on critical flicker fusion frequency (CFFF) among healthy individuals. In this randomized controlled study, a total of 60 subjects were randomly allocated into either the study group (<i>n</i> = 30) or control group (<i>n</i> = 30). The study group underwent only one session of <i>Bhastrika pranayama</i> for 5 min, whereas the control group underwent normal breathing for the same duration. CFFF was assessed before and immediately after the intervention. The results showed no significant changes in CFFF between the study group and the control group (<i>P</i> = 0.32). Results suggest that the practice of <i>Bhastrika pranayama</i> for 5 min does not improve cognitive function compared to normal breathing in healthy individuals as measured by CFFF. Further research is needed to explore its short-term or long-term effects and potential applications in different populations."
42158622,Effect of Yoga and Meditation on Human Gut Microbiota: A Systematic Review.,2026,International journal of yoga,"The evidence from the clinical studies on the influence of yoga and meditation on gut microbiota in humans has been summarized in this systematic review. Searches were conducted until November 2023 in four electronic databases: SCOPUS, PubMed, Google Scholar, and Cochrane Controlled Registry of Trials (CENTRAL) to find relevant studies published in English. Studies on the influence of yoga and meditation on gut microbiome in human participants of any age or gender were included in the systematic review. The outcomes were modulations in the composition and function of gut microbiota and their metabolite levels. Due to the varied approaches used in the study designs and outcome measures of the included studies, a narrative synthesis was carried out. The database search resulted in 247 titles and abstracts, out of which four articles were included for qualitative synthesis. There was one nonrandomized controlled study and three observational studies. The studies were conducted on a healthy population (<i>n</i> = 440). The participants were followers of a vegan or vegetarian diet. The control group subjects were nonmeditators, i.e., who never received any meditation training. All the reviewed studies have shown a favorable change in the composition and function of gut microbiota and their metabolites with meditation practice when compared to controls. Yoga and meditation improved the composition and function of gut microbiota. However, all the subjects were following a vegetarian/vegan diet, so the beneficial changes demonstrated in the gut microbiota may be attributed to the combined effects of meditation and a vegetarian/vegan diet."
42156452,Contemplative practices serve as complementary mental health strategies in nationally representative samples from Australia and New Zealand.,2026,Scientific reports,"Contemplative practices (including meditation and yoga) are increasingly popular worldwide, especially as alternatives and/or complements to mental health treatment. However, nationally representative samples that allow for accurate estimates of prevalence and relation to mental health are scarce. We conducted a nationally representative, cross-sectional survey in Australia and New Zealand (N = 2640). Sampling was stratified by age, gender, ancestry/ethnicity, region and income. Two pre-registered questions were analysed to explore participants' engagement in contemplative practices and associations to psychological distress and mental healthcare use. We used posthoc regression analyses to further clarify relationships between variables. Overall, 70% of participants engaged in contemplative practices over the past year, most commonly meditation (31%), relaxation (25%), breathing techniques (24%), and yoga (21%). Improving health and wellbeing were the primary motivations for practice. All contemplative practice users reported significantly higher psychological distress and mental healthcare use than non-practitioners (p's<0.05). Adjusting for sociodemographic differences removed associations with distress among yoga and relaxation practitioners (β<sub>relaxation</sub> = 0.02, β<sub>yoga</sub> = - 0.03, n.s.). For meditators, the association disappeared when we accounted for mental healthcare use (β<sub>meditation</sub> = 0.01, n.s.). Breathing practice was associated with increased distress in all models (β<sub>breathing</sub> = 0.04-0.11, p's<0.05). Notably, meditators and relaxation practitioners with unmet healthcare needs reported less distress than non-practitioners with unmet needs (d<sub>meditation</sub>=0.38, d<sub>relaxation</sub>=0.35). Contemplative practices are widespread among Australians and New Zealanders and may play a complementary and/or alternative role in managing mental health. Further research is needed to study their complex associations with mental health, and which types of contemplative practices are beneficial and safe for whom."
42151454,Mind-Body Therapies for Depression and Anxiety Symptoms in People with Cancer: A Systematic Review with Network Meta-Analysis.,2026,Current oncology reports,"Mind-body therapies (MBTs) are promising forms of treatment for depression and anxiety symptoms in people with cancer, however, their effectiveness has not been compared. The objective of this study is to rank the effectiveness of MBTs for depression and anxiety symptoms in people with cancer. EMBase, PubMed, Cinahl, PsychINFO, IndMED, CSI-NISCAIR, CNKI, Clinicaltrial.gov, ChiCTR, and CTRI were searched until February 2025 for randomised controlled studies in which MBTs were tested in a cancer population. Network meta-analyses were used on the selected studies to rank the reduction in depression and anxiety symptoms compared with usual care. A total of 182 studies which involved 16,835 participants were included. The network meta-analysis showed a statistically significant large effect compared with usual care for biofeedback (standardised mean difference, SMD = -1.18, p = 0.038), spiritual interventions (SMD = -0.98, p = 0.047), and mindfulness-based interventions (MBIs; SMD = -0.87, p < 0.001) for depression symptoms and yoga (SMD = -1.13, p < 0.001), MBIs (SMD = -1.02, p < 0.001), physical relaxation (SMD = -0.93, p < 0.001), qigong/Tai Chi (QTC; SMD = -0.90, p = 0.004) and music therapy (SMD = -0.90, p < 0.001) for anxiety symptoms. The MBTs that should be prioritised are biofeedback, spiritual interventions, and MBIs for depression symptoms and yoga, MBIs, physical relaxation, QTC, and music therapy for anxiety symptoms in people with cancer."
42150188,Effects of Traditional Thai Yoga Exercise Therapy as a Complementary Therapy to Conventional Medicine in Alleviating Depressive Symptoms in Depression.,2026,Advances in mind-body medicine,"Traditional Thai Yoga exercise (Ruesi Dadton) is a therapeutic practice that integrates mild self-stretching, deep breathing, and self-massage to enhance physical and mental well-being. However, there is a lack of empirical evidence to support the beneficial effects of Ruesi Dadton in the treatment of depression. This study aimed to assess the effects of Ruesi Dadton on alleviating depressive symptoms in patients with depression. A pre-post research design was conducted to evaluate the effects of Ruesi Dadton therapy on two university students diagnosed with depression. The Ruesi Dadton therapy sessions were conducted thrice weekly for a duration of eight weeks, with each session lasting 50 minutes. The outcomes, including the Patient Health Questionnaire-9 (PHQ-9) and the Pittsburgh Sleep Quality Index (PSQI), were evaluated at baseline and after 8 weeks of treatment. Both participants completed the pre- and post-treatment evaluations. The severity of negative symptoms, assessed using PHQ-9 and PSQI, exhibited a noticeable reduction after the eight-week treatment period. The findings demonstrated that Ruesi Dadton therapy, particularly combined with contemporary medication, has an advantageous effect in alleviating depressive disorder. Ruesi Dadton, Thai yoga, Patient Health Questionnaire-9 (PHQ-9), Pittsburgh Sleep Quality Index (PSQI), depression, university students."
42150187,Body Mind and Tradition: Linking Yogasanas with Sankaradeva's Mati Akhara.,2026,Advances in mind-body medicine,"The tradition of Yoga has been an integral part of Indian culture for centuries, evolving through varied practices across India's regional and cultural contexts. Yogic practices like Asana, Pranayama, and Meditation have become popular among people mainly for their role in promoting physical and mental well-being. Among these Yogic practices, asana is the most popular limb of Yoga. Maharshi Patanjali, the father of Yoga, defined asana as a steady and comfortable posture. The practice of Yogasana is important for flexibility, strength, and fitness. This inherent connection among flexibility, strength, and discipline also finds reflection in India's art forms like Sattriya, the classical dance form of Assam introduced by the great Vaishnavite saint Srimanta Sankaradeva. This dance form involves Mati Akhara-physical exercises and postures to create various dance poses. As mentioned in the Hatha Yogic text Gheranda Samhita, asanas strengthen our bodies and make them flexible. Mati Akhara, in particular, exemplifies various bodily movements like horizontal, vertical, and circular, with various forms of bending, thereby making the body more flexible. The present study highlighted significant parallels between these movements and the postures described in Yogasanas, revealing a close connection between Sankaradeva's Mati Akhara and the tradition of Yoga, a highly under-researched area. Mati Akhara, Sankaradeva, Sattriya dance, Yogasanas, Yoga, Assam."
42149469,"Trauma-sensitive yoga receptivity, motivators, barriers, and preferences from U.S. adults with PTSD symptoms.",2026,"Psychological trauma : theory, research, practice and policy","Document trauma-sensitive yoga (TSY) acceptability, appropriateness, interest, motivators, barriers, and preferences in U.S. adults with posttraumatic stress disorder symptoms and conduct gender comparisons as a preimplementation study for TSY program planning and to advance research-to-practice integration. Quota sampling was used to recruit men (<i>n</i> = 63) and women (<i>n</i> = 65) via a crowdsourcing platform for an online mixed-method survey. Descriptives and independent samples t tests, chi-square tests, and effect sizes were calculated. TSY was rated as acceptable and appropriate for trauma care. Most participants had never heard of TSY (90.62%) and indicated interest in it (96.09%). Top barriers were cost, time, and lack of awareness of programs. Top motivators were mental health support and curiosity. Program preferences were for virtual asynchronous groups open for any trauma survivors. Participants reported wanting programs with education about yoga and trauma and check-ins with the facilitator. Average preferences were for 7-week programs with 3, 45-min sessions a week with optional home practice. Women reported significantly more interest and weeks compared to men. Preference differences emerged for making up missed sessions and recording homework. U.S. adults with posttraumatic stress disorder symptoms and limited TSY experience rated TSY as acceptable and appropriate for trauma care. Most participants were interested in TSY programs and TSY integrated with psychotherapy, yet awareness of programs was a barrier. TSY facilitators and mental health providers can collaborate to increase awareness of TSY as an empirically supported adjunctive posttraumatic stress disorder intervention and design programs based on preferences. (PsycInfo Database Record (c) 2026 APA, all rights reserved)."
42147021,Fascia's role in the mind-body continuum: a novel target for integrative treatments in psychiatry.,2026,Frontiers in psychiatry,"The fascia, a pervasive connective tissue network, has traditionally been studied for its structural and biomechanical roles in the human body. However, emerging evidence suggests that fascia may also play a significant role in the pathophysiology of psychiatric disorders. This review article explores the potential links between fascial dysfunction and mental health conditions such as depression and anxiety. Fascia's involvement in mechanotransduction, proprioception, and nociception positions it as a dynamic biological interface between peripheral tissues and the central nervous system. Through interoceptive signaling, the fascial system continuously relays the body's internal physiological state to the brain, offering a plausible framework for understanding how somatic tension may correlate with emotional states. Integrating recent neurobiological frameworks, we propose that fascial afferents are primary contributors to higher-order body representation. Chronic stress induces fascial stiffness and inflammation, potentially exacerbating stress-related psychiatric conditions, while the comorbidity of myofascial pain syndromes with psychiatric disorders further highlights this interconnection. Although preliminary evidence suggests that fascial-targeted therapies including myofascial release, yoga, and meditation may hold therapeutic potential, their efficacy in psychiatric treatment remains hypothetical and requires validation through rigorous clinical trials. The evidence is still in infancy, integration of fascial health into psychiatric research and treatment offers a promising avenue for holistic and multidisciplinary approaches to mental health care. This article underscores the need for further research to elucidate the mechanisms underlying the fascia-psychiatry connection and to explore the clinical implications of fascial therapies in psychiatric practice."
42146015,Effects of different exercises on motor and non-motor abilities in patients with Parkinson disease-a network meta-analysis of randomized controlled trials.,2026,Frontiers in physiology,"To systematically investigate and evaluate the effects of different exercise (TT: treadmill training; ST: sensorimotor training; NW: Nordic walking; CT: cycling training; WT: walking training; DT: dance training; VRT: VR training; RT: resistance training; AQT: aquatic training; BOX: boxing training; Qigong and Yoga) modalities on both motor and non-motor abilities in patients with Parkinson's disease. Randomized controlled trials (RCTs) concerning the impact of various exercise modes on motor and non-motor abilities in Parkinson's patients were identified by searching the PubMed, Web of Science, Cochrane library, CINAHL and CNKI databases. The search period spanned from the inception of each database to December 2025. The methodological quality of the included studies was assessed using the Cochrane Risk of Bias tool. A total of 67 RCTs involving 2642 patients were included. Network meta-analysis results indicated that WT most effectively improved UPDRS-III (SUCRA=92.5%); DT was most effective in improving TUG (SUCRA=89.9%) and 6MWT (SUCRA=73.3%); NW best improved BBS (SUCRA=91.1%) and MoCA (SUCRA=91.1%). AQT best improved PDQ-39 (SUCRA=88.5%). Current evidence suggests that exercise involving walking and dance, which stimulates neural regulation, can help improve motor function and cognitive abilities in people with Parkinson's disease. Patients can choose exercises based on their current fitness level. https://osf.io/7x5kc/."
42145786,Development of an Evidence-Based Yoga Programme for Community-Dwelling Older Adults: A Mixed-Methods Pilot Study.,2026,Nursing research and practice,"To develop an evidence-based yoga programme and test its feasibility among community-dwelling older adults. A mixed-methods pilot study using a two-arm randomised controlled trial with qualitative interviews. An 8-week evidence-based yoga programme was developed for older adults based on a systematic review, guidelines and expert advice. Participants from two community centres were randomly assigned to an intervention group receiving the yoga programme or a control group receiving usual care between January and October 2021. The study's feasibility was assessed based on rates of recruitment and retention, intervention adherence and adverse events. Acceptability was evaluated by individual semistructured interviews to understand their experience with the programme. Physical and psychological outcomes were measured by the Short Physical Performance Battery and Depression Anxiety Stress Scale-21, respectively. Preliminary effects of the intervention were examined based on changes in outcomes using a generalised estimation equation, adhering to the intention-to-treat principle. Qualitative data were analysed through content analysis. A total of 74 of 80 participants were eligible and recruited (female: 97.3%; mean age: 67.6 [SD 5.5] years), with an attrition rate of 14.9% (<i>n</i> = 11). The mean attendance rate for yoga sessions was 89.9%. Participants found the experience with the programme novel and perceived benefits for pain reduction and improvements in mood and health; however, two-thirds did not adhere to home practice due to implementation barriers. Exploratory analyses suggested greater improvements in gait speed, flexibility and depressive, anxiety and stress symptoms in the yoga group compared with controls. This pilot study showed that the yoga programme was feasible and acceptable to community-dwelling older adults, whereas the adherence to home practice was low, highlighting the need for strategies to enhance motivation. This study suggests that the programme can be integrated into primary care to promote healthy ageing. A robust study with a longer follow-up period is needed to evaluate the intervention effects. <b>Trial Registration:</b> Chinese Clinical Trial Registry: ChiCTR2200054859."
42145754,Effectiveness of different types of exercise therapy in improving post-stroke depression: a systematic review and network meta-analysis.,2026,Frontiers in medicine,"To systematically evaluate the effects of exercise therapies such as aerobic exercise (CAE), Tai Chi (TC), Baduanjin (BDJ), resistance training (RE), Wuqinxi (WQX), yoga (YG), and rehabilitation training (RT) on depressive symptoms, daily living abilities, motor function, and balance function in patients with post-stroke depression (PSD). A network meta-analysis method was employed to compare the relative efficacy of various interventions, providing high-quality evidence-based medical data for clinical selection of optimal intervention strategies. We conducted systematic searches in China National Knowledge Infrastructure, Wanfang Data, VIP Information, Chinese Biomedical Literature Database, PubMed, Embase, Cochrane Library, and Web of Science, with the search period concluding on April 5, 2026. Randomized controlled trials (RCTs) evaluating exercise therapy interventions for PSD were included. Two investigators independently performed screening, data extraction, and RoB 2.0 bias risk assessment. A network meta-analysis was performed using Stata 17.0 under the frequency framework, with continuous outcomes expressed as mean difference (MD) and 95% confidence interval (CI), and ranked by SUCRA. A total of 33 RCTs (<i>n</i> = 2,339) were included, comparing seven types of interventions: CAE, TC, BDJ, RE, WQX, YG, and RT. The network meta-analysis revealed that compared with the control group, RT [MD = -8.45, 95% CI (-11.59, -5.31)], WQX [MD = -5.55, 95% CI (-11.00, -0.10)], BDJ [MD = -3.41, 95% CI (-6.24, -0.58)], and TC [MD = -3.02, 95% CI (-5.32, -0.71)] significantly reduced the Hamilton Depression Rating Scale (HAMD) scores; CAE [MD = -12.48, 95% CI (-17.79, -7.17)] significantly decreased Self-Rating Depression Scale (SDS) scores; RT[MD = 9.47, 95% CI (2.39, 16.55)] demonstrated the largest effect size in improving the Barthel Index (BI) scores; RE (SUCRA = 96.7%) was the most effective intervention for improving the Fugl-Meyer Assessment (FMA) scores; BDJ [MD = 8.20, 95% CI (2.73, 13.67)] significantly enhanced the Berg Balance Scale (BBS) levels. HAMD and SDS were used to assess patients' depressive status, BI to evaluate daily living abilities, FMA to assess motor function, and BBS to evaluate balance function. Exercise therapy can serve as an effective adjunctive intervention in the comprehensive management of PSD, demonstrating potential benefits in alleviating depressive symptoms and improving certain functional outcomes. The efficacy of different exercise modalities varies across outcome dimensions: RT shows superior performance in improving HAMD scores and BI, CAE exhibits greater advantages in enhancing SDS scores, RE ranks highest in promoting FMA improvement, and BDJ demonstrates optimal efficacy in improving BBS scores. Given the overall limited methodological quality of included studies, small sample sizes for some outcomes, relatively sparse evidence networks, and short follow-up durations in most studies, these findings require further validation through high-quality, large-sample, long-term randomized controlled trials. CRD420261333356."
42145448,A thermal cauterization therapy in dysmenorrhea pain management: A siddha case report.,2026,Bioinformation,"Dysmenorrhea is a common gynecological condition affecting nearly 70% of adolescent and young adult women in India, often leading to significant physical discomfort and disruption of daily activities. Therefore, it is of interest to investigate the therapeutic efficacy of Thermal cauterization, a traditional Siddha thermal cauterization therapy, administered to a 23-year-old female medical student with recurrent dysmenorrhea unresponsive to NSAIDs. The patient underwent three sessions of thermal cauterization therapy applied to the umbilical region five days prior to menstruation, followed by a six-month regimen of yoga, pranayamam and dietary modifications. Clinical outcomes were assessed using the WaLIDD score and the Dysmenorrhea Symptom Interference (DSI) Scale, revealing substantial improvements in pain intensity, duration, sleep quality, concentration and physical activity; working ability improved from Grade 3 (always affected) to Grade 1 (almost never affected) and pain distribution was completely resolved. Thus, we show that thermal cauterization therapy, when integrated with lifestyle interventions, offers a reproducible and patient-responsive approach for the effective management of dysmenorrhea."
42145347,Siddha formulations for cancer management: A review of preclinical and clinical data.,2026,Bioinformation,"Cancer continues to be a significant public health challenge in India, with 1,461,427 new cases reported in 2022. A review of various Siddha formulations evaluated for anticancer activity reveals promising <i>in vitro</i> results, particularly against cervical, breast and liver cancers. MTT assay was used to assess cytotoxicity, with IC<sub>50</sub> values ranging from 0.075 µg/mL to 1000 µg/mL, indicating considerable variation in potency. Safety assessments, including acute and chronic toxicity studies, were conducted for many of the formulations, although advanced molecular analyses such as Annexin V and gene expression studies were limited. Hence, the therapeutic potential of Siddha medicine in oncology should be realised with further standardisation, detailed mechanistic investigations and well-designed clinical trials."
42144796,"Pathophysiology of Lifestyle Factors, Psychological Health, and Sleep in Cardiovascular Disease: Interconnected Mechanisms.",2026,Annals of African medicine,"Cardiovascular disease (CVD) remains the leading cause of mortality worldwide, with lifestyle factors such as diet, psychological health, and sleep quality playing pivotal roles in its etiology. This review explores the interconnected pathophysiological mechanisms through which ultra-processed foods, psychological stress and depression, high-fat diets, and poor sleep contribute to CVD risk, focusing on shared pathways including inflammation, neuroendocrine dysregulation, mitochondrial impairment, and genetic/epigenetic alterations."
42142976,Trends in sport and active recreation participation during the transition from mid to late adulthood: A longitudinal cohort analysis of sociodemographic patterns.,2026,Journal of science and medicine in sport,"To examine five-year trends in participation in sports and active recreation during the transition from midlife to early older age, and to assess how these trends varied by sex, age group, and education level. Longitudinal cohort study. Data were drawn from the How Areas in Brisbane Influence healTh and AcTivity study, a population-based cohort of mid aged and older adults living in Brisbane, Australia. Participants completed mail surveys in 2007, 2009, and 2011, reporting frequency of participation in each of 12 types of sports and active recreation. Weekly participation (≥once per week) was summarised by gender. Generalised estimating equations with three-way interactions (year × age × sex and year × age × education) were used to examine participation trends. The analytical sample included 10,997 participants. Weekly participation in four or more activities declined from 8.8% to 3.8% between 2009 and 2011, whilst less than-weekly participation increased from 41.4% to 66.9%. The most common activities at age 40-44 years were home-based exercises, weights, and running, all of which declined in participation over time. Women participated more frequently in yoga/tai chi and exercise classes, whereas men more often engaged in running, cycling, and golf. Significant interaction effects for tennis, running, and weights indicated differing trends by age, sex and education level. These findings highlight demographic differences in participation patterns and may inform strategies to support sustained engagement in recreational physical activity across mid-to-later adulthood."
42142147,Effects of yoga on depressive symptoms in breast cancer patients: a meta-analysis of randomized controlled trials.,2026,Supportive care in cancer : official journal of the Multinational Association of Supportive Care in Cancer,"While yoga is known to benefit depression in breast cancer patients, its efficacy as an adjunct to diverse treatment regimens remains unclear. This study evaluated yoga's efficacy in alleviating depression during varied breast cancer therapies and supports its clinical integration as a complementary intervention. Following PRISMA 2020 guidelines, we systematically searched for RCTs in English and Chinese. Literature quality was assessed using the Cochrane Risk of Bias tool. Data were analyzed with Review Manager 5.4.1, including subgroup analyses by treatment type and assessment scale. Analysis of 21 studies showed yoga significantly reduced depression levels [SMD = -0.58, 95% CI (-0.83, -0.32), P < 0.00001]. Subgroup analyses revealed a significant combined mean difference among the surgery group [SMD: -1.04], the postoperative radiotherapy group [SMD: -2.47], and the postoperative chemotherapy group [SMD: -0.46]. The group receiving postoperative radiotherapy demonstrated a significantly greater improvement in depression. Subgroup analyses of scale-assessed effects confirmed the validity of the Beck Depression Inventory (BDI), the Center for Epidemiologic Studies Depression Scale (CESD), the Hospital Anxiety and Depression Scale (HADS), and the Zung Self-Rating Depression Scale (SDS). The HADS demonstrated a greater effect size [SMD = -1.19, 95% CI (-2.13, -0.24), P = 0.01]. The impact varied among those undergoing different treatment regimens. Notably, the degree of improvement in depression appeared to be greater in the postoperative radiotherapy group. HADS is a practical self-assessment scale that has demonstrated considerable improvement and is recommended for use in breast cancer patients with depression."
42142051,Effectiveness of Different Exercises for Relieving Menstrual Symptoms: A Narrative Review.,2026,Physiotherapy research international : the journal for researchers and clinicians in physical therapy,"Menstrual problems such as dysmenorrhea and premenstrual syndrome affect a significant proportion of women during their reproductive years and often cause problems in mood, productivity, and day-to-day activities. A safe and non-invasive alternative to pharmacological treatments, which may be associated with adverse effects, is exercise. This narrative review aimed to evaluate the effectiveness of different exercise interventions in reducing menstrual symptoms. This narrative review summarised studies published between January 2000 and December 2023 from the following databases: PubMed, Scopus, Cochrane CENTRAL, PEDro, CINAHL, SPORTDiscus and Google Scholar. A total of 86 studies were included with women aged 18-35 years with dysmenorrhea or PMS. Studies that evaluated aerobic, resistance, stretching, yoga or multimodal exercise interventions for ≥ 4 weeks were included. Non-English studies, case reports and studies that used a pharmacological intervention were excluded. Extracted data included study design, intervention, outcome and adherence. The narrative synthesis approach was followed. The risk of bias of the included studies was extracted using the ROBINS-I approach. Meta-analysis was not successful due to the variation in study methods and findings. The results indicate that yoga and aerobic therapy interventions demonstrated consistent improvements in overall health and a reduction in the severity of pain. Stretching and resistance training interventions also offer benefits, but the consequences are much less clear. Multimodal interventions have the potential to address both physical and psychological issues. There were no major adverse effects reported overall, and compliance was high. Exercise interventions appear to be effective, safe, and clinically applicable for managing menstrual discomfort, that is, aerobic and yoga interventions. More high-quality randomised controlled trials are needed to support clinical recommendations. This review uniquely provides a comparative synthesis across multiple therapeutic exercise modalities and highlights clinically relevant dose-response patterns."
42138755,Multidimensional psychological and neurophysiological effects of moderate- and low-intensity exercise on pregnant women: an integrative systematic review and Bayesian framework network meta-analysis.,2026,Archives of women's mental health,"Pregnancy-related mental health disorders are an increasingly important global public health concern. Exercise interventions have gained attention as safe, non-pharmacological strategies for improving maternal psychological and neurophysiological well-being. However, comparative evidence regarding different exercise modalities and intensities remains limited. This study aimed to systematically evaluate and rank the effects of different prenatal exercise modalities and compare moderate- versus low-intensity exercise protocols on maternal mental health and neurophysiological outcomes during pregnancy. A Bayesian network meta-analysis was conducted following PRISMA-NMA guidelines. PubMed, Embase, Cochrane Central, and PsycINFO were systematically searched. Thirty-six randomized controlled trials involving 4,577 pregnant participants were included. Methodological quality was assessed using the Cochrane RoB 2.0 tool. Treatment effects were ranked using the surface under the cumulative ranking curve method. Moderate-intensity aerobic training showed the strongest effect on reducing prenatal depression, with a SUCRA value of 0.89. Yoga-based interventions were particularly effective for anxiety reduction, with a SUCRA value of 0.76, and ranked second in the overall outcome evaluation, with a SUCRA value of 0.82. Neurophysiological findings indicated that yoga showed the greatest benefit for cortisol regulation, whereas aquatic exercise demonstrated distinctive anti-inflammatory effects. Subgroup analyses suggested that moderate-intensity exercise tended to produce greater reductions in depression, while low-intensity exercise showed comparable or superior effects on anxiety and cortisol modulation. Meta-regression further indicated that interventions conducted three times per week and lasting more than 12 weeks were associated with larger effect sizes. The certainty of evidence ranged from moderate to high across primary comparisons. This network meta-analysis provides a preliminary evidence hierarchy for prenatal exercise interventions. Moderate-intensity aerobic exercise may be most beneficial for reducing prenatal depression, while yoga appears particularly suitable for anxiety and cortisol regulation. These findings offer clinicians a reference framework for individualized prenatal exercise recommendations and support the integration of exercise into maternal mental healthcare."
42132182,Optimal Exercise Modalities and Dosages for Blood Pressure Reduction in Adults With Prehypertension and Established Hypertension: A Network Meta-Analysis and Dose-Response Relationship Study.,2026,Journal of the American Heart Association,"Exercise interventions can effectively reduce blood pressure (BP), but the optimal exercise modality and dose remain unclear. This study aimed to compare the effects of different exercise modalities and doses on systolic and diastolic BP using Bayesian network meta-analysis and dose-response modeling. Randomized controlled trials published up to April 2025 were searched, and a total of 105 randomized controlled trials were included. A random-effects model was applied to conduct both the network meta-analysis and dose-response analysis. Combined training and high-intensity interval training produced the most significant reductions in BP. Combined training reduced systolic BP by -12.05 mm Hg (95% CrI, -15.08 to -9.05) and diastolic BP by -6.20 mm Hg (95% CrI, -7.79 to -4.62), while high-intensity interval training reduced systolic BP by -10.97 mm Hg (95% CrI, -14.97 to -6.95) and diasatolic BP by -6.42 mm Hg (95% CrI, -8.68 to -4.16). Yoga and tai chi had moderate effects, whereas aerobic exercise, isometric exercise training, and resistance training showed relatively weaker effects. Dose-response analysis revealed a nonlinear U-shaped relationship, with the greatest benefit observed at ≈830 metabolic equivalents/min per wk, and the optimal doses varied by exercise modality. All exercise modalities can significantly reduce BP levels in individuals with prehypertension and established hypertension, and there is a nonlinear dose-response relationship between exercise volume and BP levels."
42131846,Effect of Needling at <i>Anmian I</i> (Ex-8) and <i>Anmian II</i> (Ex-9) Acupuncture Points on Quality of Sleep in Insomnia: A Randomized Controlled Trial.,2026,Medical acupuncture,"Insomnia is the most common disease in modern society. <i>Anmian I</i> (Ex-8) and <i>Anmian II</i> (Ex-9) are commonly used along with other acupuncture points for the treatment of insomnia. However, no known studies reported the effect of Ex-8 and Ex-9 alone on insomnia. This study aimed to determine the efficacy of acupuncture needling only at those acupuncture points on the quality of sleep in patients with insomnia. This study was conducted on 100 primary insomnia patients, aged between 18 and 40 years, who were randomly allocated into two groups (i.e., study group and control group). The study group underwent 10 sessions (20 min/session, daily) of acupuncture needling at Ex-8 and Ex-9, while the control group underwent their normal routine for 10 days. Assessments were taken before and after the intervention. After 10 sessions of intervention, the study group showed a significant reduction (<i>p</i>-value <0.001) in the Pittsburgh Sleep Quality Index, Insomnia Severity Index, and Epworth Sleepiness Scale compared to the control group. This study's results suggest that 10 sessions of acupuncture needling at Ex-8 and Ex-9 improve the quality of sleep and reduce insomnia severity and daytime sleepiness in PI patients."
42131538,Neurophysiological and autonomic patterns associated with heartfulness and bell meditation: a three-arm exploratory study.,2026,Frontiers in psychology,"Meditation facilitates brain-body integration by synchronizing neural oscillations with autonomic rhythms. Nonetheless, the effects of heartfulness (heart-centered) and bell (sound-based) meditation on electroencephalography (EEG) and autonomic markers remain insufficiently explored. In this randomized, exploratory pilot study, nine healthy male university students were allocated to the heartfulness meditation group (HMG; <i>n</i> = 3), bell meditation group (BMG; <i>n</i> = 3), or control group (CG; <i>n</i> = 3) for 21 days (30 min per session, 5 days per week). Resting EEG gamma and low-beta activity (12-15 Hz), blood volume pulse (BVP)-derived heart rate (HR), and heart-rate variability (HRV) indices, including low-frequency percentage (LF%) and HRV amplitude, were recorded both pre- and post-intervention. The analyses were descriptive and summarized using Hedges' g and 95% confidence intervals (CIs). The HMG exhibited exhibited observed increases in gamma and low-beta (g ≈ 1.0-2.3), the BMG demonstrated a very observed low-beta activity increase with a small gamma change, and the CG showed minimal change in both parameters. HR decreased across all groups, LF% declined in the HMG and BMG but increased in the CG, and HRV amplitude decreased in all groups. These preliminary observations indicate a potential trend toward neural-autonomic regulation, with heartfulness emphasizing attentional engagement and bell emphasizing relaxation. The limitations include the very small, male-only sample, brief duration, and reliance on BVP-derived HRV. Larger, adequately powered trials with more comprehensive EEG/HRV metrics and behavioral outcomes are required to confirm these findings."
42129701,The effects of exercise on obsessive-compulsive disorder and bipolar disorder: a systematic review and meta-analysis.,2026,BMC psychiatry,"Exercise, as a non-pharmacological intervention, alleviates symptoms of obsessive-compulsive disorder (OCD) and bipolar disorder (BD). Nevertheless, the comparative efficacy of these conditions remains uncertain. This systematic review and meta-analysis examined the effects of exercise on OCD and BD. The Cochrane Library, PubMed, Embase and Web of Science were searched from inception to 31 July 2025 to identify randomised controlled trials (RCTs) and single-group pre-post studies on exercise for OCD/BD. Retrieved studies were evaluated via predefined inclusion/exclusion criteria. Methodological quality was assessed using the MINORS scale and Cochrane Risk of Bias tool. Meta-analyses were conducted with Stata 17.0 and Review Manager 5.4.1. Subgroup analyses explored exercise parameters; sensitivity analyses and publication bias assessments were not performed for OCD outcomes due to the limited number of included studies, but were conducted for BD outcomes to evaluate robustness. Seven studies (n = 202 participants) were included. Meta-analysis of two OCD single-group pre-post studies revealed a significant reduction in OCD symptoms following exercise intervention (Mean Difference [MD] = 14.74, 95% confidence interval [CI] [12.12, 17.36], p < 0.001), but two randomized controlled trials showed no significant effect. Subgroup analysis based on combined data indicated efficacy with a weekly exercise frequency. The investigation revealed no statistically significant difference between the aerobic exercise and yoga/tai chi interventions (p = 0.19). Meta-analysis of three BD studies revealed no significant effect of exercise on depressive symptoms (Standardised Mean Difference [SMD] = 0.08, 95%CI [-0.4,0.55], p = 0.75). A potential, non-significant effect was observed for manic symptoms (SMD = -0.62, 95%CI [-1.30, 0.05], p = 0.07). Subgroup analyses, categorised according to exercise type, frequency, or duration, revealed no significant effects. Exercise may benefit OCD symptoms; however, randomized controlled trials showed no significant effect, and single-group findings should be interpreted as supportive evidence. For bipolar disorder, no significant effect was found for depressive symptoms, while a potential effect on manic symptoms cannot be excluded. Larger randomized controlled trials are needed. These findings provide preliminary evidence for exercise-based adjunctive interventions. Not applicable. This study has been registered on PROSPERO(CRD420251114629)."
42128433,A Scoping Review of Yoga's Role in Mental Health Across Diverse Populations and Study Designs.,2026,International journal of yoga therapy,"Mental health disorders affect millions of people globally. Beyond conventional treatments, the ancient practice of yoga has gained recognition as a complementary approach. While also promoting overall well-being, yoga is increasingly explored as a preventive and therapeutic intervention for conditions such as stress, anxiety, depression, and posttraumatic stress disorder (PTSD). Given the growing body of research across varied study designs and populations, examining yoga's role in mental health is important. This scoping review explored existing literature on the relationship between yoga and mental health conditions including anxiety, depression, stress, schizophrenia, and PTSD, as well as overall well-being across diverse populations and contexts. Using specific keywords we searched electronic databases including Google Scholar, Scopus, and PubMed for English-language articles published since 2014. A total of 2,455 articles were retrieved and managed in EndNote. After removing 736 duplicates, 1,719 articles were screened. Following title and abstract screening, 77 full texts were reviewed, and 36 articles met the inclusion criteria. To ensure broad inclusion, critical appraisal was not performed. This review synthesized evidence on the effects of yoga among healthy individuals, students, patients, and populations in special conditions such as pregnancy and single motherhood. Five themes were identified: (1) effects of yoga on depression, anxiety, and stress in different populations; (2) anxiety-related outcomes highlighted in review studies; (3) yoga's impact on severe mental disorders such as schizophrenia and PTSD; (4) yoga's role in promoting well-being; and (5) biopsychological mechanisms underlying yoga's effects. Yoga reduced symptoms of stress, anxiety, and depression; enhanced well-being; and served as a complementary intervention for severe mental disorders. Positive changes were observed in biochemical, neurophysiological, and neuroimaging markers. Despite heterogeneity, evidence demonstrated yoga's benefits for supporting mental health. Yoga holds promise as a supportive strategy for mental health promotion, although further standardized research is needed for validation."
42128431,"Exploring the Impact of Yoga on Autonomic Nervous System Function, Social Functioning, and Quality of Life in People with IBS.",2026,International journal of yoga therapy,"As per the Rome IV criteria, a disorder of gut-brain interaction such as irritable bowel syndrome (IBS) is characterized by recurrent abdominal pain occurring at least 1 day per week for the previous 3 months and associated changes in bowel movements (defecation, stool frequency, or stool form). These symptoms must have begun at least 6 months prior to diagnosis. IBS affects 4% to 7% of the Indian population, with a higher prevalence observed in women and younger individuals. The present randomized controlled trial investigated the effects of a 3-month yoga intervention on IBS management. The study included 202 people (ages 18-45) diagnosed with IBS according to the Rome IV criteria. Participants were divided into a yoga intervention group (n = 102) and a control group (n = 100). Both groups underwent baseline and follow-up assessments to measure autonomic function and quality of life. The yoga group showed significant improvements in autonomic function, with reductions in resting heart rate (p < 0.0001) and the low- to high-frequency ratio of heart rate variability (p < 0.0001), as well as an increase in the Valsalva ratio (p = 0.0100). Additionally, this group experienced notable improvements in their quality of life as measured by the IBS-QOL score. Our findings suggest that yoga could be a valuable complementary therapy for IBS by enhancing autonomic regulation and improving overall well-being."
42128429,Autonomous Motivations for Yoga and Allied Therapies and Their Association with Treatment Outcome: A Convenience-Sampling Pre-Post Survey from India.,2026,International journal of yoga therapy,"Determining whether individuals' intrinsic or extrinsic motivation for treatment best predicts a favorable outcome assists in developing strategies to accordingly influence motivation for conventionally used psychosocial interventions, where motivation is considered necessary for treatment effectiveness. Categorizing motivation based on autonomy and relating autonomy in motivation to treatment effectiveness has not been reported for yoga therapy. To determine this association, we recruited patients from a wellness center (n = 389, female-to-male ratio 252:137, age 18-50), mostly presenting with diseases of the musculoskeletal system or connective tissue (21.3%) or endocrine, nutritional, or metabolic diseases (18.8%). Assessments included: (1) motivation for yoga therapy at baseline (using a modified version of the RM4-FM motivation for physical activity questionnaire); and (2) treatment outcome, assessed at baseline and after 7 days of residential yoga and allied therapies (with the EuroQol 5D-3L questionnaire and Global Perceived Effect scale). The intervention included yoga, with allied treatments (e.g., hydrotherapy) about 26% of the time. Multivariable regression analyses (controlled for age, gender, and baseline EuroQol 5D-3L set values and EuroQol 5D-3L visual analog scale scores) showed a significant negative association between the Relative Autonomy Index and Global Perceived Effect scores (β = -0.135) and identified regulation (a dimension of extrinsic motivation) and change in EuroQol 5D-3L value scores (β = -0.114). Greater autonomy (i.e., greater intrinsic motivation) in patients' motivation for yoga therapy predicted improvement after the course of yoga and allied therapies, whereas greater extrinsic motivation did not. Strategies to enhance individuals' experience of yoga therapy are suggested to motivate patients to opt for yoga therapy based on their enjoyment of the experience rather than other factors. As participants were recruited from a single yoga therapy center, the study findings cannot be directly generalized to patients elsewhere."
42123231,Beyond Analgesics: Physical Activity as a Potential Approach to Pain-Related Outcomes in Older Adults-Preliminary Evidence.,2026,Journal of clinical medicine,"<b>Background/Objectives</b>: With an increasing number of older adults remaining physically active into later life, there is a growing need to understand how they manage pain and stress without relying on pharmacological treatment. Although regular physical activity supports functional independence and psychological resilience, many active older adults still experience fluctuating pain or stress. However, they often prefer non-pharmacological strategies and avoid analgesics, even when experiencing pain. Yoga interventions are widely used to address both physical and psychological components of health across diverse populations. <b>Methods</b>: Twenty-three adults aged ≥65 years participated in a once-weekly, 60 min yoga program. Pain intensity (VAS), pain vigilance and passive awareness (PVAQ), coping strategies (CSQ), and depression, anxiety, and stress (DASS-21) were assessed pre- and post-intervention. Repeated-measures ANOVA and correlational analyses were conducted. Exploratory moderation analyses examined whether individual characteristics (physical activity, age, and yoga experience) influenced associations between changes in pain-related variables. <b>Results</b>: After participation in a 7-week yoga program, significant differences were observed: perceived stress decreased, and passive pain awareness increased. No significant changes occurred in pain intensity, fear, depression (although a decrease was observed), or coping strategies, although participants predominantly used adaptive coping at both time points. Moderation analyses showed that physical activity buffered the association between increased passive pain awareness and heightened pain, whereas age and prior yoga experience strengthened this association. <b>Conclusions</b>: Even in physically active older adults, yoga participation was associated with changes in passive pain awareness and reduced stress. However, increases in passive pain awareness may differentially influence pain depending on age, physical activity level, and previous yoga experience."
42121565,Pre-Post Changes in Mood States Following a Single Hatha Yoga Session in Adult Women: A Community-Based Study.,2026,"Healthcare (Basel, Switzerland)","<b>Background:</b> Hatha yoga has gained increasing popularity worldwide and has been associated with benefits for mental health and short-term emotional functioning. <b>Objective:</b> The present study examined pre-post changes in mood states following a single Hatha yoga session in adult women participating in community-based exercise programs. <b>Methods:</b> A total of 253 adult women participated in the study. Participants completed the Profile of Mood States (POMS) questionnaire immediately before and after a single 60 min Hatha yoga session. The questionnaire assesses anxiety-tension, depression, anger, fatigue, confusion, and vigor. Repeated measures ANOVA was used to examine the changes in mood states and the potential differences between the age groups. <b>Results:</b> Significant improvements in mood states were observed following the session. Anxiety-tension, depression, anger, fatigue, and confusion decreased, while vigor increased. No significant time × age group interaction was observed for most mood variables. However, a significant interaction was found for vigor, indicating that women aged 41 and older showed a greater increase following the session. <b>Conclusions:</b> Participation in a single Hatha yoga session was associated with short-term changes in mood states among adult women, suggesting that yoga may represent a potentially beneficial community-based activity for supporting short-term mood regulation."
42120558,Hybrid vision-IMU deep learning framework with graph convolutional networks and attention for personalized yoga posture identification.,2026,Scientific reports,"Asanas, are very crucial for maintaining humans physical and mental health in an efficient manner. Digital training platforms, fitness monitors, and medical applications depend on accurate yoga posture detection. Conventional vision-based posture identification algorithms encounter the issues such as occlusions, background clutter, coping with different camera angles, and individual variations in body proportions. To address these concerns, this research work proposes a hybrid Vision-IMU deep learning architecture for personalized yoga posture detection. In this work, Kinematic stance trajectories and the Yoga-82 vision dataset are employed to construct a synthetic IMU dataset. The IMU signals were algorithmically produced from skeletal joint motion, utilizing biomechanical motion models to reproduce accelerometer and gyroscope readings under controlled conditions. An LSTM network is employed to encodes IMU data, while a Graph Convolutional Network (GCN) interprets visual features. Finally, these two feature streams are combined by using an attention-based technique to provide user-specific posture classification representations. Experimental results show that the hybrid model handles pose orientation fluctuations and user-specific features better than vision-only or IMU-only models in terms of classification accuracy and false alarm rate. This work demonstrates that hybrid deep learning algorithms can be utilized for real-time, customized yoga position identification for the real time medical applications."
42116074,Is all movement equal at every age? Differentiating the impact of physical activity types on depressive symptoms and mental acuity in an aging India.,2026,Archives of public health = Archives belges de sante publique,"The geriatric population has been growing worldwide, leading to a higher prevalence of cognitive conditions in older persons, particularly in lower- and middle-income countries like India. Physical activity (PA) is associated with improved mental well-being and lessen these symptoms, but most of the researches are carried out on the Western nations and there is a gap in the Indian context. To examine the correlation amongst different forms of physical activities and their association with cognitive impairment (CoI) and depressive symptoms among Indian older adults. We analysed dataset from the wave 1 of the Longitudinal Ageing Study in India (2017-18), covering 59,813 respondents aged 45 years or older. The Adjusted Prevalence Ratios (APRs) were assessed utilizing the Multivariable Poisson Regression models, accounting for demographic and socioeconomic factors. Estimated prevalence of CoI among older adults was 11.11%, while depressive symptoms affected 27.39% of the study population. Individuals engaging in vigorous physical activity had a lower prevalence of CoI (7.72%) than those who were not involved in such activities (12.27%) (APR of CoI: 1.07; 95% CI: 0.94-1.22). Holistic PA, such as yoga, was associated with the lowest prevalence of CoI (4.69%) compared to those not engaging in such activities (11.77%) with an APR of 1.42 (95% CI: 1.22-1.67). Depressive symptoms were less prevalent among individuals engaged in any form of physical activity. The lowest proportions were observed among participants involved in holistic activities (23.76%) compared to non-participants (27.76%). Engagement in physical activities, including holistic practices, can be beneficial in reducing the risk of cognitive function deterioration and depressive symptoms. Engagement in these activities can be promoted as a non-pharmaceutical therapeutic approach to alleviate the mental well-being and cognitive functioning in this population. More research evidence, especially from longitudinal studies, is needed. These correlations need to be verified and further substantiated through longitudinal research."
42114124,Systematic review and meta-analysis on the beneficial effect of exercise on sexual dysfunction in women.,2026,The journal of sexual medicine,"Sexual dysfunction is a condition that affects more than 43% of women worldwide, with a multifactorial aetiology and whose diagnosis and treatment are often poorly studied in women. The present systematic review with meta-analysis aimed to evaluate the effects of exercise compared with non-intervention control groups (CG) on women's sexual dysfunction. PubMed/MEDLINE, Cochrane, Scopus, and Web of Science were searched until August 2025. Controlled trials in adult women comparing exercise/physical activity (PA) with usual care controls were included if sexual function was assessed using validated questionnaires. Interventions (≥4 weeks) comprised pelvic-floor, aerobic, resistance, combined, yoga, aquatic, or core programs. English-language, peer-reviewed studies were included; those lacking controls, post-intervention data, validated measures, or appropriate design were excluded. Methodological quality was assessed using a modified PEDro scale, and certainty of evidence was evaluated using Grading of Recommendations Assessment, Development, and Evaluation, considering risk of bias, inconsistency, indirectness, and imprecision. Meta-analysis was restricted to Female Sexual Function Index (FSFI) outcomes; other measures were narratively synthesized. Twenty-three studies were included in the systematic review. Eighteen studies reported significant differences between experimental and CG, and 20 showed improvements in sexual function following exercise intervention. FSFI. Meta-analysis of 15 studies using the FSFI demonstrated significant benefits versus controls (mean difference: 5.31 points; 95% CI, 4.87-5.75), with improvements across all subdomains (range 0.59-0.96 points). Heterogeneity was high (I2 = 76%-94%). Study quality was predominantly good to excellent, although overall certainty of evidence was rated as low due to heterogeneity. A wide range of exercise interventions positively impacted women's sexual function, improving domains including desire, arousal, lubrication, orgasm, satisfaction, and dyspareunia. These findings support the role of PA in enhancing both overall health and sexual wellbeing in women. PROSPERO (CRD42023492467)."
42112108,A Theoretical Framework and Model for Standardizing Yoga Interventions in Healthcare - MOSI.,2026,Global advances in integrative medicine and health,"This article introduces the MOSI (Medical Yoga Standardized Intervention) theoretical framework, developed to address challenges in the systematic implementation of yoga into healthcare, including intervention heterogeneity and the absence of clinically operational theoretical structures. Informed by long-term clinical application, structured feedback from healthcare professionals, and insights derived from research studies and implementation experience, including patient perspectives - an iterative conceptual analysis and interdisciplinary collaboration guided the development of this framework. It establishes a structured taxonomic derivation and theoretical architecture that operationalizes traditional yoga principles into a clinically applicable structure of a four-layer model comprising four interconnected layers - Self-Care Aspects, Intentional Layer, Practice Layer, and Awareness Layer. The MOSI theoretical framework addresses methodological needs in standardization and implementation, providing a unified language and a structured theoretical foundation to support standardized, reproducible, and clinically applicable yoga intervention design and implementation."
42111590,The impact of physical activities on positive emotions in children and adolescents: a meta-analysis.,2026,Frontiers in psychology,"During growth and development, emotional experiences change dynamically. In adolescence, the stability of positive emotions may decline. Exploring whether physical activity can promote positive emotional and related psychological outcomes in children and adolescents has therefore become an important topic in public health and developmental research. This review aimed to clarify the effects of physical activity interventions on positive emotional and related psychological outcomes among children and adolescents aged 7-25 years through a meta-analysis. Relevant studies were systematically retrieved from PubMed, Web of Science, EBSCO, Embase, Cochrane Library, and PsycINFO up to December 12, 2025. The search strategy combined terms related to physical activity, positive emotional and related psychological outcomes, children and adolescents, and randomized controlled trials. Because the included studies used different outcome measures and scoring ranges, standardized mean differences (SMDs) with 95% confidence intervals were calculated using a random-effects model. Subgroup analyses were conducted according to outcome type, intervention duration, intervention type, control-group type, session length, and age group. 15 studies comprising 16 comparisons were included in the meta-analysis. The pooled analysis showed that physical activity interventions were associated with a significant improvement in positive emotional and related psychological outcomes among children and adolescents (SMD = 0.72, 95% CI 0.33 to 1.12, <i>P</i> = 0.0003). However, substantial heterogeneity was observed across studies (<i>I</i> <sup>2</sup> = 95%). Subgroup analyses showed significant pooled effects for self-esteem, psychological wellbeing, aerobic exercise, no-treatment controls, interventions shorter than 12 weeks, and sessions lasting 30-60 min, whereas positive mood, mind-body exercise (yoga, Tai Chi, and Baduanjin), mixed exercise, and treatment-as-usual controls did not show significant pooled effects. The available evidence suggests that physical activity interventions may improve positive emotional and related psychological outcomes in children and adolescents. However, given the substantial heterogeneity and conceptual differences among outcome measures, these findings should be interpreted cautiously. The subgroup findings were derived from separate analyses and should not be interpreted as defining a single optimal intervention package. identifier: CRD420261279752."
42111473,Yoga interventions and randomized controlled trials: key issues and the centered impact on sedentary lifestyle-associated cardiometabolic disorders.,2026,Frontiers in clinical diabetes and healthcare,"Yoga training has been shown to reduce health risks associated with a sedentary lifestyle. This meta-analytical approach systematically assesses the impact of Hatha yoga on non-communicable diseases (NCDs) and cardiometabolic disorders linked to sedentary lifestyles, including type II diabetes, hypertension, and cardiovascular diseases (CVDs)-the key contributors to morbidity and mortality in India. Eighteen randomized controlled trials (RCTs) were selected from database searches (PubMed, Cochrane Central, Google Scholar, and Scopus) and involved patients diagnosed with NCDs. The meta-analysis included 644 participants for studies on diastolic blood pressure (DBP), 592 for those on systolic blood pressure (SBP), 1,387 for fasting blood glucose (FBG), 1,243 for postprandial blood sugar (PPBS), 963 for total cholesterol (TC), and 772 for low-density lipoprotein (LDL) levels. Statistical analysis of the RCTs indicated that yoga training improved stress-related physiological responses, reduced the risk of hypertension, was a complementary intervention for diabetes management, and regulated lipid biomarkers associated with CVDs compared to control conditions (usual care or physical exercise). The variability between the studies and the resultant heterogeneity across the outcome measures may influence the precision of the pooled estimates. The observed effects reported in this study were indicative trends of yoga interventions in managing cardiometabolic disease-associated risk factors. Yoga as a potential alternative and complementary therapeutic approach in mitigating risks from sedentary lifestyle-driven NCDs, particularly T2DM, HTN, and CVDs. We also report that heterogeneity among studies must be addressed by delivering standardized yoga protocols and yoga training strategies uniformly across diverse populations in future studies focusing on cardiometabolic outcome measures and yoga practices."
42111254,Yoga as a Fatigue Intervention for Children Who Are Deaf and Hard of Hearing.,2025,Perspectives of the ASHA special interest groups,"The purpose of this study was to evaluate the effects of a single session of restorative yoga on the fatigue and in-the-moment reading skills of children who are Deaf and Hard of Hearing. The study included nine children who are Deaf and Hard of Hearing between first and sixth grade. After completing two days of language and literacy assessments as part of a larger study, the participants self-reported fatigue and completed both subtests of the Test of Word Reading Efficiency-2<sup>nd</sup> Edition (TOWRE-2). They then participated in a 20 minute restorative yoga session. Following the yoga session, the children again self-reported fatigue and completed alternative forms of the TOWRE-2. Analyses revealed that the majority of participants experienced a decrease in fatigue post-yoga session, resulting in a small effect size. There was no effect noted for reading of sight words and nonwords read; however, the majority of participants read more nonwords post-yoga session than prior to the yoga session. Yoga has potential to positively impact levels of fatigue experienced by children who are Deaf and Hard of Hearing. Future research evaluating the effects of multiple sessions of yoga on the fatigue is needed."
42107005,Perception of the home-based exercise training program among recreational athletes with chronic ankle instability: a qualitative analysis.,2026,Physiotherapy theory and practice,"Although home-based exercise training programs are increasingly used to manage chronic ankle instability (CAI), recreational athletes' perceptions of such programs remain unclear. In this study, we explored the perceptions of recreational athletes with CAI toward a home-based exercise training program. A descriptive qualitative study was conducted using semi-structured interviews among recreational athletes with CAI, recruited via purposive and snowball sampling strategies. Participant eligibility was determined based on the inclusion criteria recommended by the International Ankle Consortium guidelines. Interviews were conducted online, audio-recorded, transcribed verbatim, and thematically analyzed using ATLAS.ti software. Trustworthiness was ensured through researcher triangulation and iterative coding. Twelve recreational athletes with CAI (7 males; mean [range] age 24.7 [20-36] years) from five sports (badminton [<i>n</i> = 4], football [<i>n</i> = 3], basketball [<i>n</i> = 3], yoga [<i>n</i> = 1], and running [<i>n</i> = 1]) were interviewed. Four overarching themes emerged: (1) perceived inadequacy of current self-management approaches, encompassing ad-hoc exercise routines and short-term symptom relief; (2) barriers and facilitators to adherence, including exercise execution competence, self-discipline, and performance-driven motivation; (3) essential design features for effective home programs, comprising strength and balance training, video-based instruction, professional feedback, minimal equipment, short sessions, and cross-sport applicability; and (4) athlete-centered indicators of success, defined as pain-free stability, confidence, and fear-free sports participation. Recreational athletes with CAI prefer a concise, low-equipment, video-guided home-based exercise training program emphasizing strength and balance, professional feedback, and multi-sport applicability. Success is defined by physical stability and restored confidence, informing the design of user-centered interventions to enhance adherence and recovery."
42093852,Mind-body exercise as epigenetic modulators: Rewiring neural circuits for stress resilience and cognitive aging.,2026,IBRO neuroscience reports,"Mind-body exercises (MBEs), such as Tai Chi and yoga, have demonstrated beneficial effects on cognitive function and stress resilience across various populations. However, the biological mechanisms underlying these effects are not yet fully understood. Recent studies suggest that MBEs may influence neurobiological systems through epigenetic regulation, including DNA methylation, histone modifications, and non-coding RNAs. This review critically evaluates the current empirical evidence linking MBEs to epigenetic changes and explores their potential downstream effects on neural circuitry and cognitive outcomes. Special attention is given to biomarkers such as brain-derived neurotrophic factor (BDNF), glucocorticoid receptor (NR3C1), and FKBP5, which are involved in stress regulation and neuroplasticity. While preliminary findings are promising, most studies to date are cross-sectional, involve small sample sizes, or lack mechanistic validation. We propose a conceptual epigenetic-neural circuit model to guide future research into how MBEs may induce lasting neurobiological adaptations. Clarifying these mechanisms is crucial for the development of targeted, evidence-based interventions to support healthy cognitive aging and stress regulation."
42088561,Impact of integrative therapies on glycemic control in type 1 diabetes: a systematic review and global research landscape.,2026,Frontiers in clinical diabetes and healthcare,"Type 1 diabetes mellitus (T1DM) requires lifelong insulin therapy due to autoimmune destruction of pancreatic β-cells, the difficulty of achieving ideal glycemic control despite advancements in conventional care has led to a rise interest in alternative and integrative medicine (CIM) practices like naturopathy, yoga, and Ayurveda. This systematic review and meta-analysis aimed to evaluate the effects of integrative therapies on glycemic control in individuals with T1DM and to map the global research landscape through bibliometric analysis. Following PRISMA, a thorough literature search was carried out in PubMed, Scopus, Embase, and Google Scholar. Included were studies evaluating CIM interventions for T1DM, such as yoga, naturopathy, and Ayurvedic treatments. Both qualitative and quantitative methods were used to synthesise the data, and bibliometric studies were conducted to evaluate country-level output, temporal trends, institutional contributions, and keyword network analysis. Out 612 screened records, 12 studies met inclusion criteria for qualitative and quantitative analysis. Integrative therapies showed adjunctive benefits to insulin therapy, including improved glycemic control, insulin sensitivity, stress reduction and quality of life. After 2023, bibliometric study showed a growing research trend, In the context of citation impact, Italy and Vietnam are leading, whereas India leads in publications. Keyword network analysis revealed strong associations between integrative practices, particularly yoga and lifestyle modification and glycemic outcomes. Integrative therapies appear to be promising alternative in the management of T1DM, supporting glycemic control and holistic well-being. However, larger multicenter clinical trials are required to strengthen the evidence base and support their integration into standard diabetes care frameworks. Broader clinical integration, rigorous multicentric trials, and greater alignment with national AYUSH policies are recommended to optimize T1DM management in India and potentially enhance outcomes globally."
42087916,Adult intracranial pial arteriovenous fistulas: a case report and literature review.,2026,Frontiers in surgery,"Intracranial pial arteriovenous fistula (PAVF) is a rare high-flow cerebrovascular lesion defined by a direct shunt between pial/cortical arteries and a single draining vein or venous pouch without a nidus, adult cases are particularly uncommon. A 56-year-old woman presented with sudden severe headache after yoga. CT/MRI revealed a right frontal intracerebral hemorrhage associated with a giant venous pouch, and angiography demonstrated a single-channel PAVF fed by an MCA M2 branch with venous drainage to the superior sagittal and sphenoparietal sinuses. The patient underwent craniotomy for hematoma evacuation, microsurgical fistula disconnection, and venous pouch resection under indocyanine green angiography and FLOW800 guidance. Postoperative CT confirmed complete hematoma removal, and follow-up DSA on day 4 showed total obliteration of the fistula with no residual abnormal drainage. Pathology revealed a vascular malformation with focal calcification. She was discharged neurologically intact and remained symptom-free without recurrence on CTA at 3 months. Adult PAVF is extremely rare but carries a high risk of hemorrhage; early angiographic diagnosis and definitive flow disconnection yield excellent outcomes."
42086961,Preventive Health Behaviours Among Elderly in India: Does Social Capital Matter?,2026,International journal of behavioral medicine,"India's rapidly ageing population faces growing risks of non-communicable diseases, frailty, and functional decline. Engaging in preventive health behaviours such as physical activity, yoga, preventive checkups, cancer screening, and immunisation is key to promoting healthy ageing. However, the influence of social capital on such behaviours among older Indians remains poorly understood. Thus, we aimed at examining the association between domains of social capital and the uptake of preventive health behaviours among older adults (≥ 60 years) in India. A total of 31,063 respondents in the Longitudinal Ageing Study in India (LASI, 2017-2018) were analysed. Four measures of social capital: social participation, friends and networks, instrumental support provision, and perceived neighbourhood safety were the key exposures. Preventive health behaviours included regular physical activity, yoga, adult vaccination, preventive health checkup, and cancer screening. Survey-weighted binary logistic regression models were fitted, adjusting for socio-demographic and psychosocial covariates. Nearly one-fourth of older adults engaged in regular physical activity (26.2%), 12.3% practised yoga regularly, 6.1% received any adult vaccine, and 9.3% had a preventive health checkup. High social participation (4.2%) and > 3 close friends (3.7%) were uncommon. Older adults with high social participation were significantly associated with adult vaccination (aOR, 3.1; 95% CI, 2.2-4.3), physical activity (aOR, 1.9; 95% CI, 1.4-2.5), yoga (aOR, 4.2; 95% CI, 3.3-5.2), preventive health checkup (aOR, 1.8; 95% CI, 1.4-2.3), and mammogram examination (aOR, 1.8; 1.0-3.4). Networking with friends and instrumental support provision were significantly associated with physical activity and yoga, and receipt of adult vaccination. Higher social capital, particularly social participation and networks, and instrumental support provision were positively associated with preventive health behaviours among older Indians, underscoring its potential role in promoting healthy ageing."
42085077,"Effect of Yoga-Based Interventions on Fatigue, Stress, and Sleep Quality in Pediatric Oncology Patients.",2026,Nigerian journal of clinical practice,"This systematic review study method to investigate the effects of yoga therapy in oncological nursing care for children undergoing cancer treatment. Between 2009 and 2024, searches were conducted in Science Direct, Web of Science, PubMed, and Google Scholar databases using the keywords ""pediatric oncology, cancer, child, adolescent, yoga, nursing care, stress, fatigue, sleep quality,"" yielding a total of 502 studies, 45 of which were classified as articles. Twelve of the reviewed articles met the inclusion criteria. In this systematic review, the question ""What is the effectiveness of yoga therapy on stress, fatigue, and sleep quality in pediatric oncology care?"" was addressed. The reviewed articles found that yoga therapy improved stress, fatigue, physical activity, psychological well-being, sleep quality, and pain levels in pediatric oncology. While reviewing the articles, the identities of the authors, the publishing journals, the research method, the country in which the study was conducted, the number of patients, the age range of the intervention, the type of intervention, and the parameters determined to be effective on yoga were all examined, and it was concluded that yoga can be used as an alternative nursing care for children with cancer."
42083350,"Beyond Conventional Therapy: A Comprehensive Review of Herbal, Traditional, and Emerging Interventions for Polycystic Ovary Syndrome.",2026,Current molecular medicine,"Polycystic ovary syndrome (PCOS) is the most common and multifactorial endocrine disorder that leads to significant changes in the reproductive, metabolic, and psychological domains of women's health in their reproductive years. In addition, the conventional therapies (lifestyle modification, metformin, oral contraceptives, and ovulation-inducing agents) that are the mainstay of management of the syndrome may still not be able to fully address the diverse pathophysiology of PCOS as well as the long-term risks associated with it. This narrative review highlights clinical and mechanistic data from studies on various complementary and alternative medicine (CAM) modalities as first-line treatments for PCOS, in addition to conventional therapy. Correspondingly, herbal and botanical agents (berberine, cinnamon, licorice, Vitex agnus-castus, curcumin, and epigallocatechin gallate) modulate insulin signalling, androgen synthesis, inflammatory pathways, and oxidative stress, with initial clinical trials reporting improvements in metabolism and hormones to a similar extent as standard therapies in selected populations. Traditional Chinese Medicine (TCM), both multi-herb prescriptions and acupuncture, provides tailored formulas that might not only regulate ovulation and endocrine parameters but also lower metabolic indices, despite the high variability across studies. Stress reduction, physical fitness, and the quality of life are among the achievements of mind-body interventions (yoga, tai chi, qigong, and mindfulness-based stress reduction). Improvements in hyperinsulinemia, hypolipidemia, ovulation, and hyperandrogenemia, along with the related insulinresistant and vitamin D-deficient phenotypes, have been steadily reported with the use of the nutraceutical combinations of inositols, vitamin D, omega-3 fatty acids, Nacetylcysteine, coenzyme Q10, and resveratrol. New non-conventional methods, such as fecal and vaginal microbiota transplantation, platelet-rich plasma, and kisspeptin analogues, have been identified as potential therapeutic routes but are still in their infancy in terms of development. Although CAM therapies have multiple advantages in controlling many PCOS domains, the official integration into clinical practice would require standardization, rigorous randomized controlled trials, and continuous safety monitoring. If correctly and cautiously applied, CAM may be useful as an adjunct alongside established therapy, rendering PCOS management more holistic and personalized."
42078258,A Scoping Review on Exercise Interventions During Adjuvant Chemotherapy or Radiotherapy for Cancer.,2026,Cureus,"Cancer is one of the most common causes of death worldwide. Surgery, chemotherapy, and radiotherapy remain the first line of treatment for many different types of cancer. The diagnosis of cancer and its treatment lead to many physical and psychological symptoms. Several types of exercise interventions are available to help alleviate these symptoms. However, there is very little evidence available that provides an overview of all the exercises and outcomes. Hence, the aim of this review is to provide an overview of the various exercise interventions and their outcomes for patients with cancer undergoing adjuvant therapy. PubMed and Physiotherapy Evidence Database (PEDro) were searched with the following Medical Subject Headings (MeSH) terms: ""Physiotherapy"" OR ""Physical therapy"" OR ""Exercise"" AND ""Adjuvant therapy for cancer"" for the last 10 years. Full-text articles describing exercise interventions for patients receiving adjuvant therapy for cancer were included. A total of 40 articles were included in the analysis. The findings of this review suggest that aerobics, strengthening exercises, and the combination of both are the most common types of interventions used. A multimodal therapy that includes aerobics, strengthening, balance, mobility, and flexibility exercises is also commonly used. Apart from this, yoga and relaxation are also being used in cancer patients. The frequently used outcome measures include fatigue, cardiorespiratory fitness, and quality of life (QoL), followed by physical fitness, anthropometric measurements, anxiety and depression, cognitive function, and others. Thus, this review provides an overview of current exercise trends and outcome measures in practice for patients with cancer undergoing adjuvant therapy."
42077257,Correction To: Effectiveness of a three-month yoga protocol on glycemic control in type 2 diabetes mellitus: a systematic review and meta-analysis of randomized controlled trials.,2026,Journal of diabetes and metabolic disorders,[This corrects the article DOI: 10.1007/s40200-025-01807-1.].
42077134,"Effects of Online Oncology Yoga and Mindfulness-Based Meditation on Fatigue, Sleep, and Quality of Life in Colorectal Cancer Survivors: A Mixed-Methods Study.",2026,Florence Nightingale journal of nursing,"This study examined the effectiveness of oncology yoga and mindfulness-based meditation (OY and MB) intervention on sleep, fatigue, and quality of life in colorectal cancer (CRC) survivors. This study employed a sequential explanatory mixed-methods design, with a primary focus on quantitative analysis. The study was conducted from October 2021 to February 2022, involving 90 patients. Online OY & MB sessions were held over 12 weeks. Data were collected using the Brief Fatigue Inventory, Piper Fatigue Inventory, European Quality of Life-5 Dimensions, Pittsburgh Sleep Quality Index, and a patient information form. Three focus group interviews were conducted online to collect qualitative data. The mean age of the patients was 50.57 Å} 10.74 years, and 50.0% were women. After the intervention, significant differences were observed in the post-test scores of Brief Fatigue (t = -5.22), Piper Fatigue (t = -3.72), Sleep Quality (t = -3.54), and Quality of Life (t = -3.41) in the intervention group (p < .001). Participants reported enhanced physical and psychological relaxation, a greater sense of well-being, and perceived benefits from the supportive group environment. Yoga and meditation may play a pivotal role in significantly ameliorating fatigue, sleep problems, and subjective conditions that adversely impact the quality of life of CRC patients. Medical challenges, technological limitations, and accessibility issues were also stated as difficulties in attending yoga and meditation practices. Cite this article as: Şengül, T., Oflaz, F., & Karadağ, A. (2026). Effects of online oncology yoga and mindfulness-based meditation on fatigue, sleep, and quality of life in colorectal cancer survivors: A mixed-methods study. Florence Nightingale Journal of Nursing, 34, 0139, doi: 10.5152/ FNJN.2026.24139."
42073120,"A Dance and Yoga Intervention for Girls with Functional Abdominal Pain: Effects on Pain Frequency, Depressive Symptoms, Quality of Life, School Absenteeism, and Somatic Symptoms: A Randomized Controlled Trial.",2026,"Children (Basel, Switzerland)","Functional abdominal pain disorders (FAPDs) are common in youth and are often associated with depressive symptoms, school absenteeism, somatic symptoms, and low quality of life. This study aims to evaluate the effects of a dance and yoga intervention on abdominal pain frequency and associated symptoms over 24 months. This study presents analyses from a randomized controlled trial including 121 girls aged 9-13 years who were diagnosed with FAPDs. The intervention consisted of twice-weekly group sessions over eight months, combining dance and yoga. The primary outcome, maximum abdominal pain at 8 months, was published in 2022. Abdominal pain, depressive symptoms, health-related quality of life, school absenteeism, and somatic symptoms were prespecified as secondary outcomes in this study's protocol. In the present manuscript, abdominal pain is analyzed as abdominal pain frequency. These secondary outcomes were assessed at 4, 8, 12, and 24 months. Both intention-to-treat and supportive per-protocol analyses were performed. The intention-to-treat analysis showed a reduction in abdominal pain frequency in the intervention group compared with controls, with a mean difference of -1.10 with respect to the 95% CI (days per week) (-2.03 to -0.16; <i>p</i> = 0.02) at 8 months and -1.34 (-2.28 to -0.40; <i>p</i> = 0.005) at 12 months. No significant group differences were observed in the other outcomes. Per-protocol analyses showed similar or greater positive effects of the intervention. An intervention with combined dance and yoga has the potential to contribute to reductions in abdominal pain frequency at 8 and 12 months post-baseline in girls with FAPDs."
42073006,Yoga and Mindfulness-Based Rehabilitation After Myocardial Infarction: A Systematic Review.,2026,"Healthcare (Basel, Switzerland)","<b>Background:</b> Psychological distress, autonomic dysregulation, and unhealthy lifestyle behaviors are common after myocardial infarction (MI) and negatively affect cardiovascular outcomes. In recent years, integrative mind-body interventions, such as yoga and mindfulness-based approaches, have gained increasing attention as adjuncts to conventional cardiac rehabilitation (CR) programs. However, evidence regarding their effectiveness in post-MI populations remains fragmented. <b>Objective:</b> This systematic review aimed to synthesize the available evidence on the effects of yoga- and mindfulness-based interventions in patients following myocardial infarction. <b>Methods:</b> A systematic literature search was conducted across major electronic databases to identify randomized controlled trials and observational studies evaluating yoga- or mindfulness-based interventions in post-MI patients. Eligible studies included adult MI populations. Study selection and quality assessment were performed according to predefined criteria. <b>Results:</b> The 10 included studies suggest that yoga-based cardiac rehabilitation programs may provide benefits beyond standard care, particularly in terms of self-rated health, psychological well-being, and return to pre-infarction daily activities. Mindfulness-based interventions were associated with reductions in anxiety and perceived stress, improvements in blood pressure control, enhanced social support, and better health-related quality of life. Several studies also reported favorable effects on autonomic balance and stress-related physiological markers. Finally, a study reported benefits in terms of MACE (<i>p</i> = 0.032). However, heterogeneity in intervention protocols, outcome measures, and study designs limited direct comparisons across studies. <b>Conclusions:</b> Yoga and mindfulness-based interventions appear to be promising complementary strategies in post-MI care."
42072934,Six Months of Bikram Yoga: Longitudinal Effects on Body Fat Reduction and Age-Related Responses in Adult Women.,2026,"Healthcare (Basel, Switzerland)","<b>Background:</b> Bikram yoga, a form of hot yoga practiced in heated environments, has been associated with improvements in flexibility, body composition, and overall well-being. However, longitudinal evidence on its effects in adult women remains limited. Obesity/metabolic syndrome (MetS) is highly prevalent among adult women worldwide, with estimates exceeding 40% in middle-aged populations, underscoring the need for low-impact interventions targeting adiposity and age-related metabolic risks. This study evaluated the effects of 6-month Bikram yoga on body fat percentage (%BF) in adult women, with age-stratified analyses. <b>Methods:</b> Twenty-two women (20-65 years) participated in a structured Bikram yoga program consisting of three weekly sessions (90 min, 26 postures + 2 breathing exercises, 40 °C, 40% humidity) over six months. Anthropometric assessments (8 skinfolds, 5 body circumferences, weight, and height) were conducted at T0, T1 (~45 days), T2 (~90 days), and T3 (6 months). %BF was estimated using multiple validated prediction equations integrated into the Exercise Science Toolkit. <b>Results:</b> A significant and progressive reduction in %BF was observed across the sample: -3.71% at T1 (<i>p</i> < 0.0001) and -6.07 at T3 (<i>p</i> < 0.0001) compared to the baseline. Positive outcomes were consistent across all age subgroups: subgroup A (20-35 years, T3 -6.62%), subgroup B (36-50 years, T3 -5.96%), and subgroup C (51-65 years, T3 -5.39%). Decreased inter-subject variability (SD) suggests a similar direction of change among participants. <b>Conclusions:</b> Regular Bikram yoga practice (three sessions per week for six months) was associated with significantly and consistently reduced %BF among adult women aged 20-65, exceeding the clinical threshold (>5%) for metabolic benefits. Effects were evident after six weeks and remained across all age subgroups, suggesting that Bikram yoga may represent an effective, low-impact intervention for health promotion and active aging."
42072914,"Frequency-Stratified Changes in BDNF, IGF-1, and Cognitive Screening Scores Following a 16-Week Hatha Yoga Program in Older Women: A Quasi-Experimental Study.",2026,"Healthcare (Basel, Switzerland)","<b>Background/Objectives:</b> Aging is associated with declines in cognitive function and neurotrophic support. Brain-derived neurotrophic factor (BDNF) and insulin-like growth factor-1 (IGF-1) are peripheral biomarkers discussed in relation to brain health and aging. This study investigated changes in serum BDNF, IGF-1, and cognitive screening scores after a 16-week Hatha Yoga program performed twice or four times per week in older women. <b>Methods:</b> Fifty-one community-dwelling women aged 70-79 years were allocated to a twice-per-week yoga group (2YG; <i>n</i> = 17), a four-times-per-week yoga group (4YG; <i>n</i> = 17), or a non-exercise control group (CON; <i>n</i> = 17) based on availability and participant preference; forty-three participants completed the study. Serum BDNF and IGF-1 were analyzed using enzyme-linked immunosorbent assay and chemiluminescent immunoassay, and cognitive status was evaluated using the Cognitive Impairment Screening Test (CIST). Outcomes were analyzed using two-way repeated-measures ANOVA and additional ANCOVA models adjusting for corresponding baseline values. Exploratory correlations were examined between biomarker changes and CIST changes. Effect sizes and 95% confidence intervals were reported. <b>Results:</b> BDNF showed a significant main effect of time (<i>p</i> < 0.05) without a significant group × time interaction; ANCOVA adjusting for baseline BDNF showed no significant group effect (<i>p</i> = 0.270). IGF-1 showed a significant group × time interaction (<i>p</i> < 0.01) with increases in both yoga groups; ANCOVA adjusting for baseline IGF-1 showed a significant group effect (<i>p</i> = 0.001). CIST showed a significant main effect of time (<i>p</i> < 0.01), but changes were small and the group × time interaction was not significant; ANCOVA adjusting for baseline CIST showed no significant group effect (<i>p</i> = 0.114). Biomarker changes were not clearly correlated with CIST changes (ΔBDNF-ΔCIST: r = -0.244, <i>p</i> = 0.115; ΔIGF-1-ΔCIST: r = -0.050, <i>p</i> = 0.750). <b>Conclusions:</b> In this quasi-experimental study with non-random allocation and limited covariate information, changes in peripheral neurotrophic factors and only small changes in cognitive screening scores were observed after participation in a 16-week Hatha Yoga program. However, frequency-dependent conclusions are limited, and findings should be interpreted cautiously as screening-level, hypothesis-generating reference data. Nevertheless, the program is considered a feasible, low-risk health promotion activity for older women and may inform future randomized or well-controlled studies."
42068269,A comprehensive review of literature on the relationship between spirituality and working women's physical health and performance.,2026,Journal of health psychology,"This systematic literature review (2020-2025) of 64 studies examines the associations between spiritual practices and the holistic well-being of working women. Interventions such as meditation, mindfulness, and workplace yoga are consistently linked to favorable shifts in the Mind-Body axis, characterized by lower cortisol levels and improved autonomic balance. These physiological changes track with significant self-reported improvements in emotional regulation, including reduced perceived anxiety, fatigue, and depression. In the professional domain, spiritual engagement is associated with improved workplace functioning, notably through higher job satisfaction and increased energy. While these trends suggest a positive relationship, the evidence remains primarily associative. The reliance on self-reported measures and heterogeneous samples highlights a need for longitudinal, gender-specific research to clarify how spiritual engagement supports women's professional fulfillment."
42061848,Effectiveness and Cost-Effectiveness of an App-Based Mindfulness Breast Care Program for Reducing Body Image Distress and Stigma Among Survivors of Breast Cancer: Randomized Controlled Trial.,2026,Journal of medical Internet research,"Breast cancer surgery and corresponding treatments have significant residual effects on survivors of breast cancer in China. Body image distress and stigma are persistent challenges that negatively affect their quality of life. Accessible, sustainable, and cost-effective support remains scarce. This study aimed to evaluate the effectiveness and cost-effectiveness of an app-based mindfulness breast care (MBC) program in addressing body image distress and stigma for survivors of breast cancer. We carried out a randomized controlled trial in 2 university-affiliated hospitals in China. Survivors of breast cancer who had completed primary treatments and had mobile phone internet access were recruited and randomly assigned at a 1:1 ratio to the intervention (3-month MBC program plus routine care) or the control group (routine care alone). Under the conceptualization of mindfulness-based cognitive therapy, the MBC program was developed, including three modules: (1) Library, (2) Mindfulness Yoga, and (3) Mindfulness Practices. The primary outcomes measured were body image distress and stigma, and secondary outcomes included sleep quality, social support, and quality of life (physical and mental well-being). Assessments were conducted at baseline, 3 months (T1), and 6 months (T2). Multiple imputation was used to handle missing data and generalized estimating equations were fitted to evaluate the effectiveness. The incremental cost per quality-adjusted life year (QALY) gained was used to measure cost-effectiveness. A total of 192 survivors of breast cancer participated in the baseline assessment, with 155 completing the 2 follow-up surveys. The median total usage duration was 199.60 (IQR 70.90-451.31; mean 360.59, SD 511.72) minutes, and total login frequency was 39.50 (IQR 19.00-86.50; mean 57.02, SD 50.26) times. The reduction in body image distress at T2 (adjusted mean difference -1.91; 95% CI -3.40 to -0.42; P=.01; d=-0.31), the reduction in stigma at T1 (adjusted mean difference -5.83; 95% CI -8.46 to -3.20; P<.001; d=-0.61) and T2 (adjusted mean difference -7.79; 95% CI -10.62 to -4.97; P<.001; d=-0.82), and the improvement in mental well-being at T1 (adjusted mean difference 4.44; 95% CI 1.70 to 7.18; P=.002; d=0.43) were statistically significantly greater in the intervention group compared with the control group. No statistically significant group differences were observed regarding sleep quality, social support, and physical well-being. The cost-effectiveness analysis showed that the intervention group gained more QALYs than the control group at T2 (adjusted mean difference 0.008; 95% CI 0.004 to 0.016; P=.01). The incremental cost per QALY gained at T2 was US $19,431.25, indicating a 57% probability that the MBC program is a cost-effective intervention at a threshold of US $37,530, three times the 2023 gross domestic product per capita of China. An app-based MBC program was effective and potentially cost-effective and had the promise to be scalable for clinical practice. Chinese Clinical Trial Registry ChiCTR2200059952; https://www.chictr.org.cn/showproj.html?proj=167247."
42060370,Status of Evidence on the Efficacy and Safety of Indian Traditional Medicine for Prediabetes and Type 2 Diabetes Mellitus: Protocol for a Systematic Review and Evidence Map Synthesis.,2026,JMIR research protocols,"Noncommunicable diseases, particularly diabetes, pose a growing global burden, with India disproportionately affected. India also has a rich repository of traditional medical systems-Ayurveda, yoga and naturopathy, Unani, Siddha, Sowa Rigpa, and homeopathy (AYUSH)-collectively governed under the Ministry of Ayush. These systems adopt a personalized and integrative approach to diabetes management, addressing glycemic control alongside metabolic and lifestyle factors. Despite growing use and evidence for AYUSH interventions, standardized evaluation methods remain limited. This study aims to quantitatively evaluate the evidence status for AYUSH interventions for the management of prediabetes and type 2 diabetes mellitus and establish a road map of evidence through research for better outcomes in the future. The systematic review will be conducted in accordance with the PRISMA (Preferred Reporting Items for Systematic Reviews and Meta-Analyses) guidelines and is registered in PROSPERO. All primary study designs, including randomized controlled trials, nonrandomized controlled trials, parallel-arm intervention trials, pretest-posttest trials, observational studies (including cross-sectional, case-control, and cohort studies), and case series and case reports will be assessed. Systematic reviews and meta-analyses will be screened for background information and identification of relevant primary studies but will not be included in the evidence synthesis. Studies involving AYUSH interventions either as stand-alone therapies or as an add-on to standard care will be reviewed. Electronic databases along with AYUSH-specific sources, including PubMed, CENTRAL, clinical trial registries, AYUSH Research Portal, MEDLINE, Scopus, Web of Science, Embase, Digital Helpline for Ayurveda Research Articles, and IndMED, will be searched using database-specific search strategies combining AYUSH-related and diabetes-specific keywords with Boolean operators. Outcome measures will include clinical recovery, biochemical parameters, quality of life, and adverse events. Data will be synthesized systematically and represented through an evidence map. Database searches and pilot-testing of strategies are planned to commence in September 2025. Screening of eligible studies, data extraction, and quality assessment are planned for December 2025; data compilation and manuscript preparation will be conducted from July 2026 to October 2026; and the final systematic review and evidence map are anticipated by December 2026. Publication of the results is expected in early 2027. Anticipated findings will include a systematic integration of data relevant to the efficacy and safety profiles of AYUSH interventions for prediabetes and type 2 diabetes accompanied by an evidence map showcasing the allocation and reliability of the current evidence base on different AYUSH modalities. This review seeks to consolidate and evaluate existing data to facilitate evidence-based integration of Indian traditional medicine in diabetes management. The resulting evidence map will serve as a strategic tool for clinical research, health care policy, and future systematic reviews in the field of integrative medicine."
42058806,Comprehensive review on the benefits and physiological basis of yoga.,2026,World journal of methodology,"Yoga is widely considered as a method to improve psychological and physiological status of humans. A review is done about the benefits of yoga from the literature in modern medicine. The common benefits are in physical fitness, mental state, attention, processing speed, memory, cognitive functions and executive functions. Studies have demonstrated the benefits of yoga in metabolic syndrome with reduction of blood sugar, cholesterol, and hypertension. Yoga reduces the age-related deterioration in cardiovascular functions, improves cardiac performance, and makes pulmonary function better. The physiologic mechanisms of yoga are reduction of stress and inflammation, increased gray matter volume, improved neural network flexibility, and reorganization of attentional network. Several studies showed that yogic practices down-regulate the hypothalamopituitary adrenal axis and the sympathetic nervous system. Recent clinical <i>in vivo</i> experiments suggests that yoga enhances inhibitory mediator gamma-aminobutyric acid and enhances peripheral oxytocin levels. Serotonin and melatonin levels are also increased."
42058410,Is yoga more beneficial than exercise-based interventions for patients with chronic low back pain? A systematic review and meta-analysis.,2026,Frontiers in medicine,"Chronic low back pain (CLBP) is a prevalent condition associated with persistent pain, functional limitations, and psychological distress. Yoga is frequently recommended as an active, mind body intervention, yet it remains uncertain whether yoga provides added benefit compared with other exercise based programs. To compare the effects of yoga versus active exercise interventions on pain intensity, physical function or disability, and emotional wellbeing in adults with CLBP. A systematic review and meta-analysis was conducted in line with PRISMA 2020 and the Cochrane Handbook, and registered in PROSPERO. PubMed, Embase, Cochrane Library, Web of Science, and PEDro were searched from inception to November 23, 2025. Parallel-group randomized controlled trials enrolling adults with non-specific CLBP were included when they compared yoga with exercise based interventions and reported extractable continuous outcomes. Standardized mean differences (SMDs) with 95% confidence intervals (CIs) were pooled using fixed or random effects models based on heterogeneity. Risk of bias was assessed with the Cochrane tool. Seven randomized controlled trials were included. For pain, yoga was not statistically superior to exercise comparators (SMD = -0.52, 95% CI -1.38-0.35; <i>I</i> <sup>2</sup> = 95%). For physical function, yoga showed a significant improvement compared to exercise controls (SMD = -1.20, 95% CI -1.64 to -0.77; <i>I</i> <sup>2</sup> = 31%); however, this specific finding is based on a limited evidence pool of only two studies. For disability, no clear between-group difference was observed (SMD = -0.19, 95% CI -1.11-0.73; <i>I</i> <sup>2</sup> = 92%). For emotional outcomes, yoga improved emotional wellbeing compared with exercise controls (SMD = -0.71, 95% CI -1.26 to -0.16; <i>I</i> <sup>2</sup> = 75%), and this effect became more consistent after removing one influential study (<i>I</i> <sup>2</sup> = 0%). Based on the results of the current meta-analysis, yoga demonstrated statistically significant improvements in physical function and emotional wellbeing compared to active exercise interventions, while no consistent advantage was observed for pain or disability. These findings are specific to the limited evidence base and high heterogeneity identified in this study; therefore, while the data indicates positive trends, yoga's comparative superiority should be viewed as a preliminary observation from this synthesis rather than a definitive clinical conclusion."
42058068,"Effects of mindfulness yoga intervention on physical function, anxiety, inflammatory response, and relapse intention in methamphetamine addicts: a 24-week randomized controlled trial.",2026,Frontiers in public health,"Methamphetamine (MA) addiction is a chronic relapsing disorder that impairs physical health, induces mental distress (e.g., anxiety), and triggers abnormal inflammatory and neurotransmitter responses, all contributing to high relapse rates. Mindfulness and yoga interventions may alleviate psychological distress and improve physical well-being in substance users; however, few studies have systematically investigated their comprehensive effects on physical function, inflammatory markers, neurotransmitter balance, and relapse intention in MA addicts, leaving a gap in non-pharmacological interventions for this population. This randomized controlled trial aimed to investigate the effects of a 24-week yoga intervention integrated with mindfulness components on multiple health outcomes among individuals with methamphetamine use disorder, ncluding physical function (assessed by Functional Movement Screening [FMS], reaction time, sleep quality, subjective fatigue, and creatine kinase [CK]), anxiety, inflammatory response (tumor necrosis factor-<i>α</i> [TNF-α], interleukin-6 [IL-6], and interleukin-10 [IL-10]), heart rate variability (HRV), relapse-related neurotransmitters (dopamine [DA], serotonin [5-HT], and norepinephrine [NE]), and relapse intention. Eighty MA addicts meeting DSM-5 criteria were randomly assigned to an experimental group (<i>n</i> = 41; 40-min mindfulness yoga sessions, three times weekly for 24 weeks) or a control group (<i>n</i> = 39; no additional intervention). Assessments were conducted at baseline and post-intervention for all outcomes, with additional measurements at 4 and 12 weeks for fatigue, CK, and inflammatory markers. Following the 24-week intervention, the experimental group demonstrated significant improvements in sleep quality (PSQI score reduced from 14.32 to 8.41), anxiety levels (BAI score decreased), FMS total score (increased from 9.24 to 12.12), and reaction time (improved from 0.59 s to 0.48 s) compared to baseline and controls (<i>p</i> < 0.01). Relapse intention (OCDS score reduced from 29.12 to 18.45) and NE levels significantly decreased, while DA and 5-HT levels significantly increased (<i>p</i> < 0.01). The experimental group also showed enhanced parasympathetic activity (higher HF index, lower LF/HF ratio; both <i>p</i> < 0.01), reduced CK, TNF-<i>α</i>, IL-6, and subjective fatigue, and elevated IL-10 levels (<i>p</i> < 0.05). Compared with a traditional relaxation and stretching control condition, mindfulness yoga intervention demonstrated superior efficacy in improving physical function, sleep quality, and reaction ability of MA addicts. These findings support mindfulness yoga as a promising non-pharmacological intervention for MA addiction rehabilitation. https://www.chictr.org.cn/showproj.html?proj=40393, Unique Identifier is ChiCTR1900024439."
42054960,[Physical Exercise in Polycystic Ovary Syndrome: Recommendations from Primary Care].,2026,Semergen,"Polycystic ovary syndrome (PCOS) is one of the most prevalent endocrine disorders among women of reproductive age. Scientific evidence, including international guidelines and systematic reviews, supports physical exercise as a first-line intervention: it improves insulin resistance and central adiposity, promotes ovulation, and decreases androgen levels, while also alleviating anxiety and depression and enhancing quality of life. Various modalities (moderate aerobic exercise, high-intensity interval training and resistance training; as adjuncts, yoga and Pilates) have demonstrated benefits, and current consensus recommends 150-300minutes per week of moderate-intensity or 75-150 of vigorous-intensity activity, plus two days of muscle-strengthening exercises. In this context, primary care physicians play a key role in early detection, individualized prescription, and behavioral support. The aim of this article is to synthesize the evidence and provide practical recommendations for incorporating exercise into the comprehensive management of PCOS."
42054641,"Touch-Based Partner Yoga for Gay, Bisexual, Transgender, and Queer Men in a Community Wellness Setting: Protocol for a Mixed Methods Program Evaluation of ""The Studio"".",2026,JMIR research protocols,"Leisure-time physical activity (LTPA) is a well-established contributor to physical, psychological, and social well-being worldwide. Human touch also plays a vital role in life course health, yet opportunities for safe, consensual touch are often limited, particularly in LTPA settings. For gay, bisexual, transgender, and queer (GBTQ) men, barriers to affirming LTPA spaces can make it particularly difficult to access such benefits. In response, community-based approaches that integrate touch are needed, alongside systematic evaluations of such strategies. ""The Studio"" (pseudonym), a membership-based wellness community, addresses this gap by offering touch-centered partner yoga and bodywork programs designed to support the holistic health of GBTQ men. This protocol describes a mixed methods evaluation of the Studio's touch-based yoga programming in New York City. The primary aim is to assess the feasibility and acceptability of implementing a touch-centered partner yoga program within a GBTQ community wellness setting. Secondary aims include exploring preliminary physical, emotional, and social outcomes associated with participation, including flexibility, stress, body awareness, social connection, trust, and belonging. The evaluation uses a pre- and posttest mixed methods design. A total of 40-50 participants will be recruited from new Studio members. Quantitative measures will include flexibility (sit-and-reach and goniometry), stress (Perceived Stress Scale), body awareness (Multidimensional Assessment of Interoceptive Awareness), and resilience (Brief Resilience Scale). Social network analysis will map participant connections before and after program participation. Qualitative data will be collected through semistructured interviews with 15-20 participants, or until saturation is reached, focusing on comfort with touch, emotional regulation, and experiences of community connectedness. Survey and interview guides will be codeveloped with a community advisory group to ensure cultural responsiveness and relevance. Findings will be integrated using triangulation methods to explore convergence across data sources. As of March 2026, this study has not yet begun. Institutional Review Board submission is planned for September 2026. Afterward, study instruments will be finalized and pilot-tested with Studio teachers. Participant recruitment is projected to begin in July 2027, and data collection will include 3 time points (baseline, postintervention, and 4-6 wk follow-up). Data analysis and dissemination of findings are expected in 2028. Preliminary pilot testing of the survey instruments with Studio employees and community advisory group members will indicate feasibility and cultural fit. This evaluation will be among the first to systematically examine touch-focused partner yoga for GBTQ men in a community wellness setting. Findings are expected to provide novel insights into the feasibility and the role of intentional touch in LTPA spaces, support trauma-informed and inclusive wellness practices, and contribute to broader discourse on GBTQ health promotion and intervention. Results will be disseminated to the Studio employees, members, and GBTQ-focused wellness organizations, as well as through peer-reviewed publications and conferences."
42054235,"Efficacy of Ayurveda Regimen as an Adjunct to Hydroxyurea in Sickle Cell Disease: Protocol for a Prospective, Randomized, Open-Label, Blinded End Point Exploratory Study.",2026,JMIR research protocols,"Sickle cell disease (SCD) is a severe, inherited hemoglobin disorder characterized by chronic hemolysis, vaso-occlusive crises (VOCs), and systemic inflammation. Hydroxyurea is the standard conventional pharmacotherapy for SCD, but it has certain limitations, necessitating the need to explore other safe and effective treatment options for SCD. Ayurveda interventions offer a potential therapeutic approach complementary to conventional medicine for SCD management, with anti-inflammatory, immunomodulatory, and hematopoietic properties. This randomized controlled trial will evaluate the efficacy and safety of an Ayurvedic therapeutic regimen as an adjunct to hydroxyurea in SCD management, assessing its impact on hematological parameters, inflammatory biomarkers, VOC frequency, and overall quality of life. A PROBE (Prospective, Randomized, Open-Label, Blinded End Point) study will be conducted on individuals of any gender aged 18 years or older and diagnosed with SCD (with hemoglobin S levels more than 60% and a history of at least 1 VOC per year over the past 3 y). Individuals with acute VOC or any severe infection requiring hospitalization, a history of significant comorbidities, or hematopoietic stem cell transplantation will not be considered. The study will be conducted at the All India Institute of Medical Sciences, Bhopal, India. A total of 100 participants will undergo random assignment in a 1:1 ratio to receive either an Ayurveda regimen (Dadimadi Ghrita, Punarnavadi Mandura, and Vasaguduchyadi Kwatha) as an add-on to hydroxyurea or hydroxyurea alone for 8 months. The primary outcome will be a change in hemoglobin electrophoresis parameters (hemoglobin S, fetal hemoglobin, and adult hemoglobin) and the frequency of VOC episodes over 8 months. The secondary outcome measures include changes in the levels of proinflammatory markers (interleukin-6, interleukin-8, C-reactive protein, and transforming growth factor-β) and lactate dehydrogenase, frequency of hospitalization for VOCs and blood transfusions, and health-related quality of life (Short Form-8 Health Survey questionnaire). Safety will be evaluated by recording the incidence of adverse events and changes in liver and kidney function tests from baseline. The recruitment of study participants was initiated on November 1, 2023. By the second week of February 2025, 83 participants had been enrolled in the study. The final study is expected to be complete by December 31, 2025. We will start the analysis of the study outcomes in February 2026, and the publication of the final results is expected by August 2026. This randomized controlled trial protocol outlines a rigorous study design aimed to explore the potential benefits of an integrated therapeutic regimen comprising Ayurveda interventions and standard conventional care in the long-term management of SCD through validated clinical and laboratory parameters. The outcomes of this study can address the needs and challenges associated with SCD management and inform future management protocols."
42053497,Comparative efficacy of mind-body exercises for treating chronic obstructive pulmonary disease: a systematic review and network meta-analysis.,2026,Clinical rehabilitation,"ObjectiveThe comparative effectiveness of various mind-body exercises for chronic obstructive pulmonary disease remains unclear. This study aimed to compare and rank different mind-body interventions for improving objective and subjective outcomes in patients with chronic obstructive pulmonary disease.Data sourcesWe systematically searched PubMed, Web of Science, EMBASE, Cochrane Library, and Scopus.MethodsRandomised controlled trials assessing mind-body exercises for chronic obstructive pulmonary disease were included. A network meta-analysis was performed using Stata 16.0. The protocol was registered with PROSPERO (CRD42024592835).ResultsThirty-seven studies involving 3179 participants and nine interventions were analysed. Regarding objective outcomes, Pilates plus pulmonary rehabilitation showed the largest improvement in exercise capacity. For pulmonary function, Pilates plus pulmonary rehabilitation significantly improved forced expiratory volume in the first second as a percentage of the predicted value and forced expiratory volume in the first second/forced vital capacity, while Yoga demonstrated superior effects on forced expiratory volume in the first second and forced vital capacity. Regarding subjective outcomes, Tai Chi, alone or combined with pulmonary rehabilitation, was superior in reducing dyspnea, while Tai Chi plus pulmonary rehabilitation and Qigong showed the greatest benefits for health-related quality of life.ConclusionsMind-body exercises are beneficial for chronic obstructive pulmonary disease management. Pilates plus pulmonary rehabilitation stands out for improving objective outcomes, particularly exercise capacity and pulmonary function, whereas Tai Chi, alone or combined with pulmonary rehabilitation, emerges as the most effective intervention for subjective outcomes, including dyspnea and health-related quality of life."
42052527,"The SAFE-study: comparative treatment effect, side effect and health evaluation of allopathic versus ayurvedic treatments for major depressive disorder: a naturalistic real-world study.",2026,Frontiers in psychiatry,"Major Depressive Disorder (MDD) is a prevalent mental health condition with diverse treatment modalities. There is an unmet need in the treatment of major psychiatric disorders such as depression and naturalistic treatment options which are desirable particularly for chronic and severe courses of mental illness. In addition, there is an evidence gap for naturalistic treatment options for depression. This study compares the treatment effects and side effects of allopathic and ayurvedic treatments for MDD within a real-world setting. Allopathic approaches typically involve antidepressants and psychotherapy, while ayurvedic treatments may encompass herbal remedies, panchakarma, manual therapies, dietary modifications, yoga, meditation and lifestyle interventions. This six-month, naturalistic observational study will involve 105 adult participants (18-65 years) diagnosed with MDD according to DSM-5 criteria. Participants will be categorized to one of three groups: allopathic-only treatment (n=35), ayurvedic-only treatment (n=35), or a combination of both (n=35). Depressive symptom severity will be assessed as primary endpoint using primarily the MDRS, and secondarily HAMD and PHQ-9 scales at baseline, every 2 weeks until week 8, followed by monthly assessments until months 6. Secondary outcomes will exploratively include side effects (UKU, GASE, MARS), quality of life and daily functioning (WHOQoL-BREF, GAF, FAST) as well as general health measures (e.g. lab tests). The study will compare changes in primary and secondary outcome measures across the three treatment groups over time (baseline vs. week 8, month 3 and month 6) using appropriate statistical models for longitudinal data (e.g., repeated measures ANOVA, mixed-effects models. This study will provide valuable real-world evidence on the comparative treatment effects and side effects of allopathic and ayurvedic treatments for MDD, informing clinical practice and future research directions in this area. Findings will contribute to a more nuanced understanding of treatment options for individuals with MDD."
42051560,How yoga shapes the brain: a systematic review.,2026,Frontiers in neuroscience,"Yoga is a mind-body practice that originated in India thousands of years ago, and which has extended throughout the world in recent years. As it becomes more popular, more studies are being conducted regarding its health benefits in multiple areas, including the human brain, where results have shown that it can reduce stress, modulate neurotransmitters, increase cerebral blood flow, and affect brain structure and function. This review aims to provide a synthesis of the current knowledge on the impact of yoga on human brain structure and function, through the selection and analysis of 23 international peer-reviewed neuroimaging studies with healthy participants. These studies were selected from 216 results on Web of Science, PubMed and PsycInfo after applying the inclusion and exclusion criteria. The final set of studies employed both neuroimaging and neurophysiological techniques, including MRI, fMRI, and EEG. The results show that yoga may exert multiple effects on the brain. However, the heterogeneity of results may be explained by differences in sample characteristics, study designs, and the lack of a consistent definition of yoga and its distinction from meditation. Finally, the limitations of the present review are discussed, along with recommendations for future research aimed at better understanding the neuropsychological health benefits of yoga."
42047675,"Nurse-Led, Digitally Supported Mindfulness-Based Stress Reduction for Early Postmenopausal Women: Protocol for a Randomized Waitlist-Controlled Trial.",2026,Journal of holistic nursing : official journal of the American Holistic Nurses' Association,"Early postmenopause is characterized by persistent menopausal symptoms that may impair quality of life. Globally, early postmenopausal care is constrained by sociocultural barriers and limited availability of nurse-led, nonpharmacological services. Mindfulness-Based Stress Reduction (MBSR), aligned with holistic nursing philosophy, lacks evidence in culturally adapted, nurse-led, digitally supported formats for early postmenopausal women. To evaluate the feasibility and acceptability of a nurse-led digitally supported MBSR program for early postmenopausal women on quality of life and holistic health indicators. A total of 128 early postmenopausal women from both rural and urban areas will be recruited for this community-based randomized waitlist-controlled trial. After screening and informed consent, participants will be randomized to an eight-week nurse-led MBSR intervention or a waitlist control group receiving routine care. The digitally delivered intervention includes mindfulness meditation, mindful breathing, gentle yoga, attention-based practices, and supervised daily practice. Menopause-related quality of life measured by the Menopause-Specific Quality of Life Questionnaire is the primary outcome; secondary outcomes include mindfulness, sexual function, and program acceptability. Assessments will occur at baseline and post-intervention, with weekly MENQOL tracking. This study is expected to provide evidence supporting feasible, holistic, nurse-led, nonpharmacological care for early postmenopausal women in the community settings."
42044468,Yoga for Patients Undergoing Thoracic Radiotherapy and Their Family Caregivers: Results of a Randomized Controlled Trial.,2026,JCO oncology practice,"Patients with advanced thoracic cancers undergoing standard radiotherapy (RT) have a high risk of experiencing performance declines and poor quality of life (QOL). Exercise programs may improve objective and subjective performance; yet, adherence remains poor. Including family caregivers as active intervention, participants may improve adherence and thus efficacy. Thus, this clinical trial seeks to examine the efficacy of a patient-caregiver dyadic yoga intervention relative to a dose-matched education/support (ES) intervention. Patients with lung or esophageal cancer undergoing at least 5 weeks of RT and their family caregivers were randomly assigned to either a 15-session yoga or ES comparison intervention. Patients and caregivers were assessed at baseline (T1), the last day of RT (T2) and 1 (T3), 2 (T4), and 3 (T5) months later. Patients completed the 6-minute walk test (6MWT; primary outcome) and both patients and caregivers completed a validated QOL measure (secondary outcomes). A total of 222 participants were randomly assigned. For the 6MWT, patients in the yoga group performed significantly better than those in the ES group across T2-T5 (least squared means [LSMs] in meters: yoga = 469 <i>v</i> ES = 441, <i>P</i> = .03). Patients in the yoga group also reported improved physical (LSMs: yoga = 44.7 <i>v</i> ES = 41.6, <i>P</i> = .03) but not mental QOL scores across T2-T5 compared with those in the ES group. As exploratory outcomes, patients in the yoga group also reported improved sleep (<i>P</i> = .01) and coping efficacy (<i>P</i> = .02). Yoga significantly improves functional capacity and subjective physical QOL in patients undergoing thoracic RT. Involving a family caregiver may improve intervention adherence."
42044105,"Effectiveness of yoga therapy as an adjunct on mental health status, quality of life, and medication adherence among people living with HIV on antiretroviral therapy: A study protocol of a randomized controlled trial (ART YOGA).",2026,PloS one,"Human Immunodeficiency Virus, the retrovirus that causes Acquired Immune Deficiency Syndrome, is a major global public health threat. This chronic viral infection diminishes the immune system by attacking CD4 cells. The principal treatment is antiretroviral medication (ART), which significantly increases the life expectancy of HIV patients. However, ART does not address psychological issues, including depression, anxiety, and stress. Psychosocial factors are known to influence HIV disease progression through activation of stress-related biological pathways, including the hypothalamic-pituitary-adrenal (HPA) axis, inflammatory cytokine responses, and monoamine neurotransmitter dysregulation. Mind-body practices such as yoga may modulate these pathways by reducing physiological stress, improving emotional regulation, and enhancing overall well-being. The current trial aims to assess the effectiveness of yoga as an adjunct therapy on psychological parameters (depression, anxiety, and stress), quality of life, and medication adherence of people living with HIV on antiretroviral therapy at a tertiary care hospital in AIIMS, New Delhi, India. This study is a two-arm, parallel-group, open-label, blinded-endpoint, single-center, randomized controlled trial investigating the effects of a yoga therapy as an adjunct therapy in people living with HIV (PLHIV). Participants (n = 192) will be randomized to either 12 weeks of a Yoga therapy program (n = 96) or an Active control group, i.e., a prescribed brisk walk (n = 96). Both groups will receive standard treatment. The primary outcome is anxiety and depression scores (HADS-A and HADS-D), and the secondary outcomes are Stress (PSS), quality of life (WHOQOL-HIV BREF and SF-36 QoL), and medication adherence. The findings of this RCT will help shed light on yoga intervention to address the psychosocial dimensions of HIV. If shown to be effective, yoga as an adjunct intervention may promote a transition in HIV care from a predominantly biomedical framework to a holistic, patient-centered approach encompassing mental health and overall well-being. The study is approved by Institute Research Board Ethics (AIIMSA2969/03.01.2025, RP-46/25, OP-16/02.05.25, OP-18/05.12.2025) and is registered at Clinicaltrials.gov (CTRI/2025/03/081645). CTRI Link- https://www.ctri.nic.in/Clinicaltrials/pmaindet2.php?EncHid=MTIyNjUx&Enc=&userName=HIV,%20Yoga."
42043659,Effect of yoga Nidra (yogic sleep) in sleep disturbances and insomnia: systematic review and metanalysis.,2026,Sleep & breathing = Schlaf & Atmung,"PURPOSE: Insomnia and sleep disturbances are increasing globally. Yoga Nidra (YN), a guided deep relaxation with stress and anxiety reducing effects, has emerged as a potential therapy for improving sleep quality. This systematic review and meta-analysis aims to evaluate its effectiveness in managing sleep disturbances and insomnia. METHODS: This review was registered with PROSPERO (CRD420251114346). A systematic search of four databases identified randomized controlled trials (RCTs) and observational studies in English up to March 2025. Eligible studies enrolled adults (≥ 18 years) with poor sleep quality (Pittsburgh Sleep Quality Index [PSQI] ≥ 5) or insomnia ( Insomnia Severity Index [ISI] ≥ 8). Interventions involved YN as a standalone or adjunct therapy. The primary outcome was subjective sleep quality (PSQI, ISI), while secondary outcomes included objective parameters assessed through polysomnography, actigraphy, or sleep diaries. Two reviewers independently extracted data and assessed study quality using RoB 2 and ROBINS-I tool and certainty of evidence using GRADE methodology. Meta-analyses were performed for outcomes reported in at least two studies. RESULTS: Three separate metanalyses were conducted: two randomized controlled trials (RCTs) assessing PSQI, two observational studies evaluating PSQI, and two RCTs examining ISI. Notably, one study was common to both RCT analyses, resulting in a total of five unique studies included across the analyses. For PSQI, two RCTs (n = 181) showed a non-significant but substantial magnitude of effect size (SMD = − 1.04;p = 0.5036; I²=0), while two observational studies (n = 45) demonstrated significant and large magnitude of effect size (SMD = − 1.82; p = 0.0261; I² = 79.8%). For ISI, two RCTs (n = 99) showed non-significant effect (SMD = − 1.00; p = 0.0616; I² = 71.4%). Methodological limitations including risk of bias, imprecision due to small sample sizes, and substantial heterogeneity across studies, introduce considerable uncertainty and limit the robustness of the pooled estimates. CONCLUSION: While YN demonstrates potential therapeutic benefits for sleep disturbances and insomnia, the very low certainty of evidence indicates that the findings of this review should be interpreted as preliminary and hypothesis-generating. The generalizability of these findings is limited due to the geographic concentration of trials conducted in India. Future research should prioritize well-designed RCTs across diverse sociocultural settings to establish cross-cultural efficacy and global relevance."
42041712,A Scoping Review of Exercise Oncology in the Primary Brain Tumor Patient-Caregiver Dyad.,2026,"Current oncology (Toronto, Ont.)","Primary malignant brain tumors (PBT) impose substantial burdens on patients and caregivers. Caregivers are essential in the delivery of outpatient care for patients with PBT but experience high levels of fatigue, distress, and health decline. Although exercise is known to improve outcomes in cancer patients, interventions tailored specifically to the PBT patient-caregiver dyad remain limited. Dyadic intervention, as well as exercise oncology, are emerging areas of active research in neuro-oncology. This scoping review incorporates both principles to evaluate the existing literature on exercise interventions on primary brain tumor patient-caregiver dyads. We conducted a comprehensive search of MEDLINE (PubMed), Embase, CINAHL (EBSCO), Rehabilitation & Sports Medicine (EBSCO), and Cochrane Central (Ovid) in December 2025 for studies involving exercise interventions that included adult PBT patients and caregivers. Of the 1126 records screened, eight studies were included: four yoga-based interventions (three feasibility trials and one ongoing multicenter RCT), one pilot ski-based intervention, and three aerobic and resistance training-based interventions (two qualitative and one ongoing trial). The interventions were safe and feasible, with high adherence and retention. The preliminary reported benefits included improvements in fatigue, sleep, quality of life, and caregiver distress for the dyads. Videoconference delivery was effective, particularly during the COVID-19 pandemic. The eight included studies comprised 5-67 dyads, with four being single-arm feasibility studies. Current literature on dyadic exercise intervention in neuro-oncology consists primarily of small-scale feasibility and pilot studies. Initial findings have demonstrated that such interventions are safe. However, preliminary efficacy remains limited due to the risk of bias and lack of statistical power. Larger randomized clinical trials with objective endpoints are needed to define efficacy and guide evidence-based protocols."
42040350,Fatigue relief: the contribution of non-invasive neuromodulation (FAREviaNM).,2026,Frontiers in neuroscience,"Fatigue is a universal and constructive experience, yet chronic fatigue-defined as a persistent lack of energy that limits daily life as assessed by modified Fatigue Impact Scale (mFIS)-remains nowadays a symptom waiting for effective mitigation. Evidence across neurological, oncological, and psychosocial conditions shows that fatigue shares a common neurophysiological substrate: disrupted sensory-motor imbalances and network synchrony that can be targeted by established interventions-physical activity, mindfulness, yoga, and cognitive-behavioral therapy. Within this landscape, non-invasive neuromodulation stands out as an effective and safe tool to restore sensorimotor balance to integrate behavioral interventions. The Faremus protocol, based on five daily sessions of 15-min bilateral anodic transcranial Direct Current Stimulation (tDCS) over the somatosensory cortex, has shown consistent clinical benefits in multiple sclerosis: an average 26% reduction in fatigue severity, persisting for weeks or months, with excellent tolerability and home-use feasibility. Converging meta-analyses, neurophysiological central and behavioral investigations, and reviews confirm the reproducibility and mechanistic validity of this approach, positioning neuromodulation among the most promising evidence-based strategies in supporting fatigue relief. This perspective highlights neuromodulation as a transversal instrument to counter fatigue across conditions, and as a cornerstone of integrated, multidisciplinary strategies aimed at preserving brain plasticity, enhancing resilience, and restoring sustained well-being."
42039759,Yoga Causing Vertebrobasilar Ischemia with Neuro-Ophthalmic Presentation: A Case Report.,2026,Case reports in ophthalmology,"We present a case of a woman experiencing blurry vision and dizziness consistent with vertebrobasilar insufficiency (VBI) during yoga, confirmed with dynamic transcranial Doppler ultrasound. This is the first case identifying yoga as a cause of vertebrobasilar ischemia leading to neuro-ophthalmic findings and documenting the use of dynamic imaging to confirm vertebrobasilar ischemia during symptomatic positioning. A 56-year-old female with a past medical history of attention-deficit/hyperactivity disorder, dysthymia, allergic rhinitis, vertigo, and abnormal uterine bleeding presented to neuro-ophthalmology clinic for evaluation of transient painless bilateral ""shadowing"" of vision over the past year. The patient's symptoms began 2 years prior with vertigo. She was treated with Epley maneuvers which resolved the vertigo. A year later, she experienced an acute vision change, described as a shadow or blurriness in the center of her vision lasting 10 min. At the time, she was unable to identify a trigger. She was referred to the neuro-ophthalmology clinic for further evaluation of her visual episodes, which often occurred during yoga and were accompanied by dizziness, especially in the ""upward-facing dog"" pose. She subsequently underwent a dynamic transcranial Doppler ultrasound during head-turning maneuvers and yoga poses which showed posterior cerebral artery reduction in velocity, indicating vertebral artery compression. She was counseled on starting aspirin and avoiding triggers for VBI, including yoga and chiropractic manipulations. Neck hyperextension or rotation may lead to vertebrobasilar ischemia. Physicians should consider yoga as a potential cause of neck hyperextension leading to vertebrobasilar ischemia. This case represents the first report of yoga with a neuro-ophthalmic presentation of VBI confirmed by dynamic imaging."
42030633,A mixed-methods systematic review of the impact of yoga on body image outcomes among children and adolescents.,2026,Body image,"This systematic review synthesised evidence on the impact of yoga on body image outcomes among children and adolescents (≤ 19 years). Comprehensive searches of nine databases, preprint servers, trial registries, and conference proceedings (inception-October 2025) identified studies that examined yoga-based interventions or yoga practice in relation to body image. Eleven studies (N = 1082) met inclusion criteria, one of which was a qualitative study. Interventions were delivered in school settings and ranged from short-duration yoga classes to multi-component programmes. Across yoga-only interventions, effects on body image were generally positive but small and inconsistent. Improvements were observed for body satisfaction, body esteem, and reductions in body surveillance, though findings for body appreciation, physical self-worth, and stress-related body image were mixed. Multi-component interventions demonstrated more consistent benefits, including reductions in body dissatisfaction, drive for thinness, and (in some studies) bulimia risk factors, as well as increases in social self-concept and self-care. Qualitative evidence highlighted greater bodily awareness, self-respect, emotional regulation, and healthier lifestyle choices as possible mechanisms of change. However, the overall evidence base was limited by small sample sizes, heterogeneity in body image measures, and a lack of follow-up assessments. Additionally, most studies relied on predominantly female and White samples, restricting generalisability. Overall, findings suggest that interventions integrating yoga with structured reflection, psychoeducation, and group discussion show the most consistent promise for improving body image. Current designs do not allow the unique contribution of yoga to be isolated. Further high-quality research is required to clarify effectiveness, mechanisms, and long-term outcomes."
42030275,The stress reduction potential of Bhagavad Gita and Yoga for healthcare workers during the COVID-19 pandemic: A randomized controlled trial.,2026,PloS one,"Healthcare workers (HCWs) experienced elevated psychological distress during the COVID-19 pandemic. Culturally embedded, non-stigmatizing approaches may improve uptake of mental health support in this population. We aimed to evaluate the impact of Yoga, Bhagavad Gita learning, and their combination (Yoga+Gita) on psychological distress among HCWs. We conducted a prospective, single-center, parallel-group randomized controlled trial at a secondary hospital in India. Eligible HCWs (>18 years, without pre-existing diagnosed mental health conditions) were randomized in a 1:1:1:1 ratio to: Yoga (daily 60-min sessions for one week), Gita (daily 60-min teaching of Bhagavad Gita Chapter 2 for one week), Yoga+Gita (30 min Yoga + 30 min Gita daily for one week), or Control (usual care). Psychological distress was assessed using the Generalized Anxiety Disorder-7 (GAD7) scale at baseline (B-GAD7), immediately post-intervention (IPI-GAD7), and 45 days post-intervention (DPI-GAD7). Participants were aware of group assignment, but data analysts were blinded. Group comparisons used Friedman and Kruskal-Wallis tests with Bonferroni-adjusted post-hoc analyses. We hypothesized that (1) all three interventions would reduce GAD-7 scores compared with control, (2) Gita would produce more durable effects than Yoga alone, and (3) the combined Yoga+Gita intervention would yield the greatest overall reduction in psychological distress. Sixty-eight participants were enrolled (17 per group), with no losses to follow-up. B-GAD7 did not differ across groups (p = 0.908). Compared with Control, Yoga+Gita reduced anxiety immediately (p = 0.009), and Gita reduced anxiety at 45 days (p = 0.047). A clinically meaningful (≥4-point) GAD7 reduction at 45 days occurred in 17.6% (Yoga), 47.1% (Gita), 41.2% (Yoga+Gita), and 11.8% (Control) of the participants. Exploratory analyses suggested larger benefits among women and among those who continued practice. Yoga and Gita-learning, particularly in combination, were associated with reductions in psychological distress among HCWs. Prospectively registered with the CTRI (CTRI/2021/10/037365)."
42030036,Examining the Benefits of Trauma Focused Cognitive Behavioral Therapy and Trauma Informed Yoga for Survivors of Human Trafficking by Occupational Therapists: A Systematic Review.,2026,Occupational therapy in health care,"Human trafficking (HT) is a violation of human rights causing injuries that often result in deep mental and physical scars on survivors with a lifelong deleterious impact on engagement in all occupations and overall health. A lack of attention to these needs results in chronic disorders that cause occupational injustice and imbalance, lifelong dependence on healthcare, and early mortality. In occupational therapy, adjunctive evidence-based interventions are needed to provide holistic care to support recovery for these individuals. Trauma-focused cognitive behavioral therapy (TF-CBT) and the mindfulness approach of trauma-informed yoga (TIY) are two interventions used with this population to alleviate post-trauma symptoms; however, their underlying mechanism to aid with recovery and their overall outcomes vary. The objective is to examine the effectiveness of trauma-focused interventions, TF-CBT and TIY, to holistically address the needs of HT survivors specifically for occupational therapy practice. Data sources are Ovid(Medline), CINAHL, and PsycINFO databases. The inclusion criteria were: (i) human participants, (ii) populations with trafficking trauma, (iii) interventions TF-CBT and/or TIY, (iv) published between 2009 and 2024, and (v) published in English. Preferred Reporting Items for Systematic Reviews and Meta-Analyses (PRISMA) guidelines were used. The outcomes of these studies indicate that TF-CBT has moderate strength quantitative evidence and TIY evidence is considered weak. However, quality assessment of the Level 6 TIY studies indicates high qualitative value, with findings that were transparent, transferable, and generalizable to larger populations. TF-CBT and/or TIY are evidence-based interventions that can be used as adjunctive therapies, either administered by the occupational therapists or referred to specialists trained in these modalities, to mitigate trauma-related symptoms. When used together, they can be complementary and have a more holistic effect. However, higher level quantitative and mixed-methods studies using more rigorous methodologies are needed to strengthen the evidence."
42029842,Microstate Dynamics of Focused Attention Meditation.,2026,Brain topography,"Focused-attention meditation provides a tractable model for examining how large-scale brain dynamics support attention and self-regulation. Using high-density EEG microstate analysis, we investigated how focused-attention meditation on the breath (Ānāpānasati) modulates intrinsic brain activity in 22 experienced practitioners, compared with baseline rest and deliberate mental imagery. Five canonical microstate classes (A-E) were identified. Meditation produced a robust reduction of Microstate C across coverage, duration, and occurrence, accompanied by increased presence of Microstates D and E (all Microstate x Condition interactions p < 0.0001). Source localization revealed that Microstate C was generated primarily in medial and lateral temporal regions including the hippocampus and parahippocampal cortex, whereas Microstate D involved posterior midline regions including the posterior cingulate cortex and precuneus, and Microstate E engaged frontoparietal and orbitolimbic networks. Together, these results indicate that focused-attention meditation reorganizes the temporal architecture of large-scale brain dynamics by downregulating microstate patterns associated with self-referential and memory-based processing while enhancing neural states supporting attentional stability and internal monitoring."
42026527,"Effects of different types of exercise interventions on perinatal depression, anxiety, and quality of life: a systematic review and meta-analysis.",2026,BMC pregnancy and childbirth,"OBJECTIVE: Although exercise is widely advocated for enhancing perinatal mental health, the optimal modalities for specific perinatal stages remain unclear. This study aimed to evaluate the comparative efficacy of various exercise types on perinatal depression, anxiety, and quality of life, and to formulate stage-specific recommendations for the antenatal and postnatal periods. METHODS: We conducted a systematic search of seven electronic databases (including PubMed and Embase) for randomized controlled trials (RCTs) investigating the effects of exercise interventions on perinatal mental health. The search spanned from inception to January 16, 2026. The methodological quality of the included trials was assessed using the Cochrane Risk of Bias tool. Random-effects models were utilised for data synthesis, with subgroup analyses examining the effects of exercise type and control group design. RESULTS: Thirty-two RCTs involving 4,189 participants were included. Exercise interventions significantly reduced the risk of antenatal (P = 0.02) and postnatal (P = 0.036) depression. Furthermore, exercise demonstrated efficacy in treating antenatal (P = 0.003) and postnatal (P = 0.01) depression, and in preventing antenatal anxiety (P = 0.007). Subgroup analyses revealed a stage-specific efficacy pattern: structured mind-body exercises (e.g.Yoga) yielded superior outcomes during the antenatal period, whereas structured aerobic exercise was more effective for treating postnatal depression. Notably, active control groups (e.g., health education, social support) attenuated the observed intervention effects compared with ‘no treatment’ controls. CONCLUSIONS: This study supports a ‘stage-specific’ exercise prescription strategy, emphasising mind-body exercises such as yoga during the antenatal period to prevent depression and manage anxiety, while prioritising structured aerobic exercise postnatally to treat depression. Based on the effective protocols analyzed, a regimen comprising approximately three moderate-intensity (e.g., 55–75% of maximum heart rate or Borg RPE 12–14) sessions per week, each lasting 30–60 min, appears beneficial for optimal mental health. Future guidelines should tailor exercise modalities to the specific perinatal stage. TRIAL REGISTRATION: PROSPERO: CRD420261280922."
42023349,Comparing the effectiveness of yoga with supervised tooth brushing on oral health maintenance among adolescents of Irular tribes: A cluster randomized trial.,2026,Journal of family medicine and primary care,"Irulars belong to the ""particularly vulnerable groups"" that experience a range of problems with oral health, some of which are caused by unconventional oral hygiene practices and limited access to dental care. To assess the effectiveness of yoga with supervised tooth brushing on plaque levels and gingival health among adolescents of Irular tribes. A cluster randomized controlled trial was conducted among 50 Irular children aged 12-15 years. Subjects were randomly allocated into Group I (Yoga and supervised tooth brushing) and Group II (supervised toothbrushing alone) based on inclusion and exclusion criteria. Clinical examinations were obtained using the plaque and gingival index (Loe and Sillnes). The children practiced supervised toothbrushing and yoga for 21 days. Periodic reinforcement of yoga and supervised toothbrushing were done at the 3<sup>rd</sup> month and 6<sup>th</sup> month. Clinical examinations of both groups were done at baseline, 22<sup>nd</sup> day, 3<sup>rd</sup> month, and 6<sup>th</sup> month. An independent <i>t</i>-test was used to compare the difference between the two groups. Data were analyzed using IBM SPSS Statistics Version 26.0 (IBM Corp., Armonk, NY, USA). The plaque score was statistically significant between the groups after 21 days. The mean reduction in gingival scores from baseline to 6 months was higher in the yoga with supervised tooth brushing group (1.7) when compared to the supervised tooth brushing group (1.3), and there was a statistically significant difference in gingival scores. The study concluded that incorporating yoga alongside supervised brushing significantly improved gingival and plaque scores over a 6-month period. Teaching yoga to adolescents, in combination with proper brushing habits, has been shown to enhance both their oral and overall health."
42023098,Yoga as a cost-effective adjunct therapy for dry eye: clinical outcomes from a 12-week randomized controlled trial.,2026,Frontiers in medicine,"Dry eye significantly impacts visual function, productivity, and quality of life. The personal and economic burden of modern dry eye management is substantial. Yoga, known for its physical and mental health benefits, includes practices such as Jyothi Trataka, a visual concentration exercise that may alleviate dry eye symptoms. Given its minimal resource requirements and ease of implementation, Jyothi Trataka may serve as a cost-effective, accessible adjunct to the management of dry eye. This study aimed to evaluate the effectiveness of a 12-week Jyothi Trataka practice in alleviating the signs and symptoms of dry eye. A randomized controlled trial with an open-label, parallel-group design was conducted in adults with mild-to-moderate dry eye. A total of 49 participants of both genders, aged 20 to 40 years, with mild-to-moderate dry eye, were randomly assigned to either a yoga group (<i>n</i> = 25) or a control group (<i>n</i> = 24). Three participants discontinued the intervention, including one from the yoga group and two from the control group, resulting in a final sample of 24 participants in the yoga group and 22 in the control group. All participants provided a medical history and underwent ocular surface and symptom evaluation using standardized protocols at baseline and at the end of the 12-week intervention. The yoga group practiced Jyothi Trataka online for 25 min, 3 days per week, for 12 weeks. The control group received no intervention. Dry eye symptoms were assessed using the Ocular Surface Disease Index (OSDI) score, and the three dry eye signs analyzed were tear breakup time (TBUT), Schirmer's score, and tear meniscus height (TMH). Between-group comparisons using the Mann-Whitney U-test revealed significant improvements in the OSDI score (<i>p</i> < 0.01) and TBUT (<i>p</i> < 0.01) in the yoga group. No significant changes were observed in Schirmer's score or TMH. Yoga, specifically Jyothi Trataka, positively affects dry eye symptoms and may be considered a complementary therapy for their management. Longer-duration studies are warranted to explore additional benefits. https://ctri.nic.in/Clinicaltrials/login.php. Clinical Trial Registry of India (CTRI No. REF/2021/07/045631)."
42022686,Critical Evaluation of the Impact of COVID-19 Pandemic on Child Health and Wellbeing and Suggested Preparedness for Future Pandemics-A Narrative Review.,2026,Health science reports,"The immediate and long-term effects of COVID-19 pandemic on the children go beyond just being a viral infection. A child's mental health and psychological issues like irritability, anxiety, sadness, non-attentiveness, attention deficit and hyperactive disorder needed evaluation. Based on these study queries, an investigation was carried out to correlate the psychological state and the emergency measures in children with respect to the health and wellbeing outcomes. A web-search across scientific databases like the Web of Science, Scopus and PubMed was undertaken for a situational review through available literature, and derive credible solutions. This narrative review included peer-reviewed articles published between January 2020 and February 2026 in English language, focusing on children wellbeing in wake of the COVID-19 pandemic. After analysing the authenticity and relevance of the literature, 158 articles/data were shortlisted for further analyses. The data were qualitatively validated, synthesised into discrete sections and interpreted in the context of the objective of the study. Children particularly in low-economy families were likely to experience violence and abuse if they stayed for long in high-risk settings like refugee settlements for internally displaced community. On the contrary, the children of high-economy families had weight gain issues owing to erratic consumption patterns of high-calorie food (like dairy products and sugar-rich packaged snacks) coupled with restricted or limited physical activities. Their dietary patterns and unhealthy eating habits needed monitoring and restrictions to curb obesity risk in the long run. Elevated stress, anxiety and depression levels in a child may result in cognitive impairment. The possibilities of their getting addicted, developing insomnia and acquiring non-communicable illnesses were aspects to consider. Preventive measures like social distancing, lockdowns and shutdowns and mass vaccination drives had wider and critical long-term impact on the young and adolescent. Formulating workable modalities to identify critical influencing factors of a pandemic and assess the impact on the children and beyond is essential for foolproof solutions to combat future occurrences. Identifying the associated risk factors and correlating the emergency measures and psychological health seem essential. The supply of quality food seamlessly to the affected communities and the provision of protective gears for the healthcare workers could help keep the children well-fed and relaxed while ensuring the wellbeing of healthcare workers. Maternal and infant care, child-health services, and life-saving medicines and vaccines would also help ease the pressure."
42019154,Lung injury risk curves for behind armor blunt trauma using the abbreviated injury scoring system.,2026,Journal of the mechanical behavior of biomedical materials,"Studies conducted more than 50 years ago have formed the basis for the current Behind Armor Blunt Trauma (BABT) 44 mm deflection criterion. The legacy criterion is independent of thoracoabdominal region. Thoracoabdominal components vary in anatomy, structure, function, material properties, and injury responses. A single deflection value metric cannot represent the same risk/tolerance to all organs. The objective of the present study was to develop lung injury risk curves using the viscous criterion. A custom indenter delivered impacts to anesthetized swine (velocities 13-64 m/s). After monitoring the animal for 6-h post impact, they were euthanized, and necropsies were done. Injuries were scored using the Abbreviated Injury Scale (AIS). Using parametric survival analysis and the Akaike Information Criterion, the optimal distribution function was identified, and risk curves were developed for AIS2+ and AIS3+ injuries. Nineteen animals sustained AIS 2+, 12 sustained AIS 3+, and five had no injuries. For AIS2+ injuries, the mean viscous criterion at 10, 25, and 50% risk levels were 1.6 m/s (confidence intervals: 1.1-2.6 m/s), 2.5 m/s (1.8-3.4 m/s), and 3.7 m/s (2.9-4.5 m/s). For AIS 3+ injuries, the viscous criterion at 10, 25, and 50% risk levels were 2.9 m/s (2.1-3.9 m/s), 3.8 m/s (3.0-4.7 m/s), and 4.7 m/s (4.0-5.5 m/s). The qualities of the risk curves were good to fair at these probability levels for both injury levels. The present injury risk curves and confidence intervals form a set of preliminary data for advancing safety in combat environments for BABT applications."
42018531,Impact of yoga on cardiometabolic health in adults with overweight or obesity: A systematic review and meta-analysis of randomized controlled trials.,2026,PLOS global public health,"This systematic review examined the effects of yoga interventions on various cardiometabolic health outcomes in adults with overweight or obesity. Seven major electronic databases and two clinical trial databases were searched from inception to November 2024. The search strategy combined keywords related to yoga, blood pressure, lipids, glucose, redox, and inflammation. Two authors independently screened the articles to identify randomized controlled trials that compared yoga alone with either an inactive control group or other types of physical activity interventions among adults with overweight or obesity. Outcome changes were analyzed using a random-effects meta-analysis model. We assessed the risk of bias in individual studies using the Risk of Bias 2 tool and evaluated the quality of evidence for each outcome using GRADEpro. We identified 30 randomized controlled trials comprising a total of 2,689 participants that met our eligibility criteria. Although most studies (25/28) did not explicitly recruit individuals with obesity, the mean baseline BMI of participants met our inclusion criteria for overweight or obesity. Twenty-three randomized controlled trials involving 2,313 participants were included in the meta-analyses, which demonstrated that yoga practices likely have substantial beneficial effects on systolic blood pressure (-4.35 mmHg), diastolic blood pressure (-2.06 mmHg) and modest effects below the minimal clinically important differences on lipid profiles (low-density lipoprotein cholesterol -0.08 mmol/L, high-density lipoprotein cholesterol +0.06 mmol/L) with moderate quality evidence. Yoga may also have positive effects on glucose, redox, and inflammation parameters, although the evidence remains uncertain. Ethnic differences and dose‒response effects were found in subgroup analyses. Further high-quality studies among Asian populations, as well as additional research in non-Asian populations, are needed to strengthen the evidence base and enhance generalizability. This study provides evidence supporting the inclusion of yoga in clinical guidelines for the treatment of individuals with overweight or obesity. Protocol registration: International Platform of Registered Systematic Review and Meta-analysis Protocols (INPLASY) (ID: 2023100068)."
42017475,Exercise Interventions for Improving Sleep Quality in Patients With Cancer: A Systematic Review and Network Meta-Analysis.,2026,Psycho-oncology,"To systematically evaluate the effects of different exercise interventions on sleep quality improvement in patients with cancer and compare the relative effectiveness of various exercise programs using a network meta-analysis, providing evidence-based guidance for developing personalized exercise intervention strategies in clinical practice. We systematically searched PubMed, Embase, Cochrane Library, Web of Science, and other databases for randomized controlled trials on exercise interventions for sleep quality in patients with cancer, published from database inception to September 2025. Two researchers independently performed literature screening, data extraction, and Cochrane risk-of-bias assessment. Network meta-analysis was performed with Stata 18.0 software, and the relative effectiveness of exercise interventions was ranked using surface under the cumulative ranking curve values. Forty-five randomized controlled trials covering nine exercise interventions were included. Network meta-analysis revealed statistically significant differences in sleep quality improvement among progressive muscle relaxation exercise, aerobic exercise, and walking (p < 0.05). Surface under the cumulative ranking curve rankings were as follows: progressive muscle relaxation exercise (98.6%) > aerobic exercise (70.7%) > walking (68%) > tai chi qigong (53%) > dance (51.2%) > yoga (48.7%) > combination exercise (41.1%) > resistance exercise (30.2%) > high-intensity interval training (25.3%) > control group (13.1%). Progressive muscle relaxation exercises are the preferred recommendation for sleep intervention in patients with cancer. Aerobic exercise and walking are alternative options. Individual patient conditions should be considered to tailor intervention plans in clinical practice."
42013361,Can Yoga and Meditation Practice Motivate Teenagers to Adopt a Healthier Lifestyle: An Epidemiological Study.,2026,Clinical child psychology and psychiatry,"BackgroundThe rapid technological growth and the ease of access to Internet to the current generation population (Generation Z, alpha) right from their early days of life, has its both advantages and disadvantages. The present epidemiological study evaluates the impact of yoga and meditation practices on the teenagers' mental health and lifestyle choices.MethodsThe total sample size is 425, of age group 13-19, 237 were practicing either yoga, meditation or both, while 188 practiced neither meditation nor yoga. Several different parameters were assessed via the PROMIS pediatric forms. Several lifestyle habits were also assessed using subjective questions.ResultsOur study has demonstrated that teens who practiced yoga and meditation had a significantly positive effect on the parameters such as positive affect (<i>p</i> value <.001), global health (<i>p</i> value = .03) and cognitive health (<i>p</i> value = .02) compared to their peers who did not practice any yoga or meditation. It was also shown a negative effect on parameters such as psychological stress experiences (<i>p</i> value = .06), sleep related problems (<i>p</i> value = .41).ConclusionsAlong with the mental and cognitive health, the decisions and choices made by the teenagers who practice yoga and meditation are shown to be better than their peers in this Indian epidemiological study."
42011463,Integrative Role of Yoga and Naturopathy in Cancer Rehabilitation: A Narrative Review.,2026,Cureus,"Cancer poses a significant global health challenge, with survivors often dealing with ongoing fatigue, pain, sleep issues, and psychological distress despite advances in traditional treatments. Integrative oncology has increasingly included yoga and naturopathy to address these complex needs and enhance quality of life. We conducted a narrative review of English-language studies indexed in PubMed and Scopus between 2000 and 2025, using the keywords ""yoga,"" ""cancer-related fatigue,"" ""cancer,"" ""cancer-related quality of life,"" ""cytokines,"" ""naturopathy,"" and ""cancer rehabilitation."" We included randomized controlled trials, clinical trials, and reports on mechanistic or integrative programs in adult oncology populations; non-peer-reviewed, non-indexed sources were excluded. Yoga interventions, generally a mix of asanas, pranayama, and meditation, have been shown to reduce cancer-related fatigue and improve mood, sleep, and overall quality of life, especially in breast and mixed-cancer groups, with small-to-moderate effects noted in meta-analyses. Mechanistic studies reveal reductions in cortisol and pro-inflammatory cytokines such as interleukin (IL)-1β and IL-1ra, indicating modulation of chronic inflammation and stress responses. Naturopathy-based programs, combining diet, hydrotherapy, massage, and lifestyle counseling, offer additional benefits in functional capacity, symptom relief, and patient-reported outcomes alongside conventional treatments. Overall, yoga and naturopathy are generally safe when properly adapted, with increasing feasibility for both group and home-based formats. Evidence supports yoga and emerging naturopathy-inclusive programs as safe, effective adjuncts for cancer rehabilitation, especially for fatigue, distress, sleep issues, and inflammation. Larger, mechanistically focused trials on combined yoga-naturopathy approaches are needed to improve personalization and implementation in routine cancer care."
42010495,Types of physical activity and applied outcome measures in physical activity interventions among patients with inflammatory bowel disease: a scoping review.,2026,BMC gastroenterology,"BACKGROUND: While pharmacological treatments remain essential in inflammatory bowel disease (IBD), complementary approaches such as physical activity are increasingly being explored for their potential benefits. This scoping review aimed to map and describe the types of physical activity interventions studied in individuals with IBD and applied outcome measures. METHODS: A scoping review was conducted following the PRISMA-ScR (Preferred Reporting Items for Systematic Reviews and Meta-Analyses extension for Scoping Reviews) guidelines. Studies were included if reporting on interventions involving physical activity in people with IBD. RESULTS: A total of 34 studies were included, with 12 studies being randomized controlled trials, 13 pilot studies, and nine non-randomized intervention studies. Thirteen studies were available as conference abstracts and 21 as full-text articles. Across all studies, 1,449 participants were included with 797 suffering from Crohn’s disease, 438 with ulcerative colitis, and 214 as unspecified IBD. The most frequently studied activities included resistance training, walking, aerobic exercise, and yoga. Intervention durations ranged from a single session to 12 months. Most frequently applied outcome measures were disease-specific health-related quality of life and disease activity. CONCLUSIONS: The studies varied widely in design, sample size, type and duration of physical activity, and outcome measures. Most studies were small-scale pilot or non-randomized studies, relatively few were randomized controlled trials. These findings highlight the need for larger, methodologically rigorous trials to better understand the role of physical activity in IBD management and to support evidence-based clinical recommendations."
42006497,Association of Free Testosterone and DHEA-S with Dyslipidemia in Women with Polycystic Ovarian Syndrome- a case-control study.,2026,EJIFCC,"Polycystic ovarian syndrome (PCOS) is a multisystem disorder presenting with menstrual irregularities, infertility, and features of hyperandrogenism. Hyperandrogenism predisposes to the critical clinical features of PCOS. This find aimed to study the association of androgenic hormones such as dehydroepiandrosterone sulfate (DHEA-S) and free testosterone with lipid profile in PCOS women. This case-control study was conducted in the Department of Biochemistry at a tertiary care hospital in Chennai. Patients were recruited from the Department of Obstetrics and Gynecology. Participants were aged 18-40 years. Blood samples were collected for analysis of lipid profile, DHEA-S, and free testosterone. DHEA-S and free testosterone were analyzed by ELISA. Ethics approval and written informed consent were obtained. Based on the distribution of the data, appropriate statistical tools were used. P-value ≤ 0.05 was considered statistically significant. Most of the participants were aged between 21 and 30 years. HDL-c was decreased in PCOS patients compared to healthy individuals; however, no statistically significant difference was found. Free testosterone showed an association with triglyceride. The areas under the curves of DHEA-S and free testosterone were 0.638 and 0.765, respectively. DHEA-S and free testosterone showed good area under the curves. But free testosterone performed better with a higher area under the curve as well as its association with triglyceride. The cut-off values to diagnose PCOS were 3.0 μg/mL and 2.5 pg/mL for DHEA-S and free testosterone, respectively, with adequate sensitivity and specificity. Since free testosterone performed better in ROC curve than DHEA-S, free testosterone is considered to be a potential biomarker of identifying hyperandrogenism in PCOS women."
42006456,"""Noticing the Way that I'm Noticing Pain"": A Qualitative Analysis of Therapeutic Progression in Mindfulness-Oriented Recovery Enhancement for Patients with Lumbosacral Radicular Pain.",2026,Mindfulness,"Mindfulness-Oriented Recovery Enhancement (MORE) aims to foster adaptive attention and pain reappraisal. While research has demonstrated MORE's efficacy, the progression through which participants modify their relationship to pain remains unclear. To understand this process, we conducted a qualitative study with data from a clinical trial of MORE for patients with lumbosacral radicular pain (LRP). Thirty session recordings from MORE were coded. Using thematic analysis, we examined therapeutic processing sessions to understand how participants learned and applied mindfulness to pain. Analysis focused on dialogue resulting from MORE's model of processing, Phenomenology, Utilization, Reframing, Education, Reinforcement (PURER). Four stages and one barrier were identified: (1) Pain Vigilance and Attention Dysregulation, (2) Attention Regulation and its application to Experiential Avoidance, (3) Metacognitive Awareness, and (4) Pain Reappraisal. In addition, some participants engaged in experiential avoidance by using their newfound attention skills to avoid their pain experience. PURER emerged as crucial in facilitating adaptive pain engagement. The four-stage progression pattern identified here - the Vigilance-Avoidance Metacognition-Reappraisal (VA-MR) framework - may help clinicians anticipate challenges in mindfulness training. This study illuminates how MORE participants develop an adaptive relationship with chronic pain, and while attention regulation skills are necessary, they may initially be used for avoidance. Therapeutic benefit appears to require guidance through these stages by a skilled therapist who can navigate initial avoidance tendencies. These findings offer an actionable model for assessing progress and tailoring MBIs to enhance therapeutic outcomes."
42006380,Yoga practice duration and its influence on type 2 diabetes management: A meta-analysis of Asian population.,2026,iScience,"The study compares the effectiveness of yoga practice duration in managing type 2 diabetes (T2D) among the Asian population. Out of 664 results, 22 randomized clinical trials were identified with 1,720 participants, aged 18-65 years, with intervention periods ranging from 5.5 to 24 weeks. Yoga therapies of ≥12 weeks show significant decrease in glycated hemoglobin (HbA1c) levels (Standard Mean Deviation [SMD] = -0.70, <i>p</i> = 0.0001, <i>I</i> <sup>2</sup> = 89%), while interventions of <12 weeks did not have statistically significant difference (SMD = -1.04, <i>p</i> = 0.28, <i>I</i> <sup>2</sup> = 93%). Weight loss was significant for interventions <12 weeks (SMD = -0.60, <i>p</i> = 0.05, <i>I</i> <sup>2</sup> = 0%) but not for those ≥12 weeks (SMD = -0.58, <i>p</i> = 0.17, <i>I</i> <sup>2</sup> = 92%). Lipid profile changes varied, with significant reductions in the lipid profile (total cholesterol) (SMD = -0.34, <i>p</i> = 0.05, <i>I</i> <sup>2</sup> = 85%) and low-density lipoprotein (LDL; SMD = -0.30, <i>p</i> = 0.05, <i>I</i> <sup>2</sup> = 79%) for interventions of ≥12 weeks, while high-density lipoprotein (HDL; SMD = 0.37, <i>p</i> = 0.04, <i>I</i> <sup>2</sup> = 85%) increased significantly in this group. Yoga interventions of ≥12 weeks were associated with significant improvements in glycemic control, particularly reductions in HbA1c, along with favorable changes in the lipid profile, among T2D individuals."
42005964,Positive effects of brief body exercises on mood: An interventional EMA study.,2026,Neuroscience applied,"Short bouts of physical activity in daily life are associated with affective well-being and may promote mental health. However, the causality and differential effects of distinct physical activity types remain unknown. This study investigated how different brief exercises (cardio, fascia training, breathing, progressive muscle relaxation, yoga, body awareness) influence three mood dimensions: energetic arousal, valence and calmness. Using an interventional Ecological Momentary Assessment (EMA) design, we assessed momentary mood states before and after brief smartphone-based exercise intervention in daily life of 100 participants (females = 52, males = 48, mean age = 32.83). We found overall positive within-person effects of the intervention on energetic arousal (b = 1.69, <i>p</i> = .06), valence (b = 1.80, <i>p</i> < .001) and calmness (b = 9.29, <i>p</i> < .001). Furthermore, results showed that within-person pre-intervention negative mood served as a significant moderator, i.e., energetic arousal increased (b = .19, <i>p</i> = .04), while the effect on calmness (b = .12, <i>p</i> = .06) remained stable across mood states. For valence, the benefit of the intervention slightly attenuated when momentary negative mood was high (b = -.11, <i>p</i> = .04). In addition, specific exercise types produced differential effects: energetic arousal increased most following cardio and fascia training, while calmness increased across all exercise types. Improvements in valence were most pronounced in breathing, yoga, and fascia training. These findings suggest that individualized exercise selection may differentially influence mood responses and highlight the potential of targeted, context-sensitive interventions to optimize affective well-being in daily life. If replicated in patient samples, the findings promise high value for the prevention and intervention of mental health, especially for affective disorders."
42005952,The Enduring Impact of a Health Promotion Educational Program for Medical Professionals.,2026,American journal of lifestyle medicine,"Burnout has emerged as a growing epidemic within healthcare systems. This study evaluated whether an innovative Health Promotion educational Program (HPEP), tailored to practicing healthcare workers, could promote positive behaviors and improvements in wellness. The virtual, self-guided HPEP was developed by an interprofessional team and incorporated ten evidence-based interventions aligned with the six pillars of lifestyle medicine: dietary intake of foods rich in omega-3 fatty acids (nutrition pillar); physical activity, yoga, and active rest (physical activity pillar); emotional freedom skills, mindfulness/cognitive behavioral skills and emotional detachment (stress management pillar); healthy sleep behaviors (restorative sleep pillar); emotional intelligence (connectedness pillar); and acceptance and commitment skills (risky substance avoidance pillar). A total of 351 healthcare workers voluntarily enrolled in the program. Outcomes were assessed using deidentified surveys and analyzed with a mixed-methods approach, with statistical significance set at <i>P</i> < .05. At 3- and 6-month post-intervention, most participants (96% and 92%) reported adopting healthier behaviors and demonstrated significant improvements in wellness on a validated wellness index (<i>P</i> < .05), as well as favorable self-reported perceptions (93% and 94%). These findings suggest persistence of positive effects among respondents and support the HPEP's potential as a scalable approach to promoting wellness within healthcare systems."
42003892,The Impact of Prenatal Yoga on Hip Mobility and Delivery Outcomes.,2026,International journal of exercise science,"The purpose of this study was to test the effect of prenatal yoga on hip mobility. The secondary aim was to determine the relationship between hip mobility and additional pregnancy outcomes. Hip mobility (hip internal and external range of motion and hip flexor muscle length), pregnancy symptoms, anxiety (State Trait Anxiety Inventory Survey), and depression (and Perinatal/Postnatal Depression Scale Survey), were measured in pregnant women at baseline. All participants (N=20) were then randomly assigned to an experimental or control group. The intervention was a 6-week prenatal yoga program. At the end of six weeks, all baseline assessments were repeated. After delivery, the participants completed a survey on their birth outcomes. The prenatal yoga intervention did not have an impact on hip mobility, even when controlling for maternal parity. There was a trending negative correlation between hip mobility and gestation age at delivery (r=-0.385, p=0.085). After six weeks of yoga, the intervention group showed an improvement in anxiety (although not statistically significant) with a mean anxiety score of 36.8 (SD = 7.00). In contrast, the control group's score increased slightly to 37.9 (SD = 11.49, [<i>t</i>(15.3) = 1.71, p-value = 0.107]. After six weeks of yoga, the intervention group's depression score decreased to 6.1 (SD = 5.74) whereas the control group's score rose to 6.9 (SD = 3.70), [<i>t</i>(16.8) = 1.26, p-value = 0.226]; however, these data also did not achieve statistical significance as this pilot study was underpowered to detect differences in outcomes of interest. This study suggests that a larger sample size is needed, and the positive impact of prenatal yoga is worthy of future studies."
42001147,Laughter intervention for stress reduction in adults: a systematic review and meta-analysis of randomized controlled trials.,2026,BMC psychology,"OBJECTIVE: This meta-analysis aimed to evaluate the efficacy of laughter intervention in alleviating stress among adults through randomized controlled trials (RCTs) and explore sources of heterogeneity. METHODS: Following PRISMA guidelines, 15 RCTs (1,344 participants) were identified via searches in PubMed, PsycINFO, Web of Science, CNKI, and Wanfang Data up to June 2025. Study selection, quality assessment (Cochrane Risk of Bias tool), and data extraction were conducted independently by two reviewers. Meta-analysis was performed using RevMan 5.4 and Stata17.0, with stress outcomes pooled via random-effects models. Sensitivity and subgroup analyses assessed robustness and heterogeneity. Interventions included laughter yoga, simulated laughter sessions, and comedy-based therapies, delivered either online or in person, over durations ranging from 1 to 16 weeks. RESULTS: Laughter intervention significantly reduced stress (SMD = − 1.41, 95% CI: −2.04, − 0.78; p < 0.001), although high heterogeneity was observed (I² = 95.8%). Subgroup analyses confirmed consistent benefits across clinical patients, nurses, nursing students, and mothers of NICU children. Sensitivity analyses supported result stability (p < 0.001). The methodological quality of included studies was variable, with most showing some concerns regarding allocation concealment and blinding. CONCLUSIONS: Based on currently available RCT evidence, laughter intervention appears to be beneficial for reducing stress in diverse adult populations. However, the finding is tempered by high statistical heterogeneity and variable methodological quality across studies. Despite a large aggregate effect size, high heterogeneity limits the precision of the estimate. While promising, these results should be interpreted cautiously. Future research should prioritize multi-center designs, standardized outcome measures, and integration of objective biomarkers (e.g., cortisol) to strengthen evidence. Methodological improvements in RCT design and cultural adaptations are critical for clinical applicability."
42000083,Effect of sudarshan-kriya yoga on determinants of cardiometabolic health: A systematic review.,2026,Complementary therapies in medicine,"Sudarshan Kriya Yoga (SKY), a breath-based mind-body practice, is globally recognized for its physical and psychological benefits. Cardiovascular and metabolic disorders pose significant global health challenges. While SKY studies suggest benefits for cardiometabolic health, varied findings necessitate rigorous synthesis to confirm its efficacy. SKY and cardiometabolic risk variables (blood pressure (BP), blood glucose, lipid profile, and anthropometric indicators of obesity) were searched in PubMed, Scopus, and the Cochrane Library until May '23. English papers with SKY interventions that monitored at least one cardiometabolic risk factor were eligible. The Effective Public Health Practice Project (EPHPP) Quality Assessment Tool for Quantitative Studies assessed the quality and the certainty of evidence was evaluated using the GRADE framework. Due to heterogeneity across studies, findings were synthesized narratively. Twenty-one studies met the inclusion criteria: Nine RCTs, three CCTs, one double-arm pre-post study, one case-control study, and seven single-arm studies with 1716 participants aged 18-78. Intervention durations ranged from less than one to twenty-four weeks. Lipid improvements were reported in thirteen of fifteen, while reductions in BP were observed in several studies, particularly among hypertensive populations. Evidence for glycaemic and anthropometric outcomes was inconsistent. Seven studies were moderate quality and fourteen were weak. The certainty of evidence was graded as low for lipid and BP outcomes and very low for glycaemic and anthropometric outcomes. SKY may improve certain cardiometabolic risk factors, particularly lipid profile and BP, but the predominance of weak studies warrants caution. High-quality, sufficiently powered long-term RCTs are needed to validate these findings."
41992199,"Obstetric Violence, Nurses' and midwives' perspectives and experiences: a meta-synthesis study.",2026,BMC health services research,"AIM: To synthesise qualitative studies on nurses’ and midwives’ perspectives and experiences of Obstetric Violence, exploring Obstetric Violence from a non-patient perspective. DESIGN: A qualitative meta-synthesis. METHODS: A systematic search was undertaken across multiple electronic databases, including PubMed, Web of Science, Embase, and CINAHL, to identify relevant studies published from database inception to April 1, 2025. The methodological quality of the included studies was assessed using the Joanna Briggs Institute (JBI) Critical Appraisal Checklist for Qualitative Research. Relevant qualitative data were subsequently extracted, coded, and synthesised. RESULTS: This meta-synthesis incorporated 13 qualitative studies conducted across 13 countries. In total, there were 440 participants in all studies. A total of 40 themes were identified and subsequently synthesised into 11 categories, which were further integrated into four major synthesised findings: (1) Who is the Perpetrator; (2) Obvious and Hidden Harm; (3) Another Victim; (4) The strategies to prevent OV. CONCLUSION: The causes of OV extend beyond the actions of individual providers or isolated organisational failings and should be considered within a broader, multidimensional framework. OV manifests in both direct and indirect forms, with the latter often being less visible yet equally harmful to women. These subtler manifestations warrant greater recognition and attention. Within this context, nurses and midwives may also experience OV as secondary victims, underscoring the need for targeted interventions, such interventions include individual-level strategies, such as yoga, massage, and mindfulness, as well as organizational-level interventions such as Balint groups, to address their psychological distress, moral concerns, and burnout. Moving forward, strategies to reduce OV should adopt a coordinated, top-down approach involving action at societal, organisational, and individual levels."
41992170,The effect of yoga on birth outcomes of Chinese pregnancies with preeclampsia.,2026,BMC pregnancy and childbirth,"OBJECTIVE: This study aimed to assess the association between prenatal yoga intervention and birth outcomes in Chinese pregnancies complicated by preeclampsia (PE). Specifically, it evaluated the relationship between yoga and neonatal outcomes such as Apgar scores, preterm birth, and low birth weight, as well as maternal hospitalization duration. METHODS: A prospective, non-randomized interventional study was conducted. A total of 136 pregnant women diagnosed with mild preeclampsia were enrolled at Qingdao Municipal Hospital between February 2025 and May 2025. The cohort primarily consisted of early-onset preeclampsia cases, with an overall mean gestational age at birth of 37.36 ± 2.01 weeks. Participants were allocated into two groups: the PE group (n = 82) and the PE + Yoga group (n = 54). The PE group received standard obstetric care, while the PE + Yoga group participated in a structured prenatal yoga program three times per week, starting at gestational weeks 28–32. Clinical data were collected, including maternal baseline characteristics, pregnancy-related factors, and birth outcomes. Neonatal parameters such as birth weight, length, and circumferences of the head and chest were recorded. Logistic regression analysis was used to evaluate the association between yoga and birth outcomes. RESULTS: Significant improvements were associated with the PE + Yoga group compared to the PE group. Neonates in the PE + Yoga group had significantly higher birth weight (2.59 ± 0.21 kg vs. 2.21 ± 0.26 kg, P < 0.001), greater birth length (49.41 ± 1.88 cm vs. 43.83 ± 2.20 cm, P < 0.001), and larger head and chest circumferences (P < 0.001 for both). The PE + Yoga group also showed a significantly lower incidence of low 5-minute Apgar scores (7.41% vs. 26.83%, P = 0.007), preterm birth (24.07% vs. 48.78%, P = 0.004), and low birth weight (27.78% vs. 59.76%, P < 0.001). Logistic regression analysis further indicated that yoga was associated with a significantly lower risk of low 5-minute Apgar scores (OR = 0.218, P = 0.008), preterm birth (OR = 0.333, P = 0.005), and low birth weight (OR = 0.259, P < 0.001). Additionally, maternal hospitalization duration was significantly shorter in the PE + Yoga group (8.44 ± 2.85 days vs. 10.17 ± 2.84 days, P = 0.001). CONCLUSION: Prenatal yoga intervention was associated with significant improvements in neonatal and maternal outcomes in pregnancies complicated by preeclampsia. The findings suggest that yoga is linked to better fetal growth, a lower risk of preterm birth, and a decrease in maternal hospitalization duration, highlighting its potential role as an adjunct therapy in managing preeclampsia."
41989523,"Vitamin D receptor (ApaI/BsmI) polymorphisms, human leukocyte antigen-DQB2/DRB3 sub-alleles, and endoplasmic reticulum stress: unravelling their interplay in the pathogenesis of Graves' disease in a tertiary care centre.",2026,Molecular biology reports,"BACKGROUND: Autoimmune thyroid diseases (AITDs), particularly Graves’ disease (GD), are complex disorders characterized by thyroidal immune infiltration and autoantibody production influenced by genetic and environmental factors. HLA class II alleles (HLA-DQB2, HLA-DRB3) promote immune tolerance loss via altered antigen presentation, while vitamin D receptor (VDR) polymorphisms (ApaI-rs7975232; BsmI-rs1544410) disrupt immune homeostasis by affecting VDR signaling and Treg/Th1/Th2/Th17 balance. Furthermore, chronic endoplasmic reticulum (ER) stress and the unfolded protein response (UPR) exacerbate inflammation, apoptosis and defective TSHR signaling. This study explores the indirect mechanistic association and coordinated signaling pathways among VDR polymorphisms, ER stress markers, and HLA class II alleles, revealing integrated mechanisms underlying GD pathogenesis. METHODS AND RESULTS: A cohort of 70 Graves’ disease patients and age-sex matched healthy controls were analyzed for genetic, molecular and biochemical parameters related to Graves’ hyperthyroidism. PBMCs, RNA, DNA and proteins were extracted for qRT-PCR, immunoblotting, and PCR-RFLP genotyping (VDR rs7975232, rs1544410) following standardized, ethically approved protocols. Graves’ disease (GD) patients, predominantly female, exhibited vitamin D deficiency without significant serum variation. VDR polymorphisms (ApaI, BsmI) were detected in 65.71% and 64.28% of patients respectively, correlating with heightened thyroid hormone levels, autoantibody titres, proinflammatory cytokines, ER stress and reduced FoxP3/CTLA-4 expression. HLA-DQB2 and HLA-DRB3 sub-alleles further indicated strong genetic susceptibility to GD pathogenesis. CONCLUSION: This study demonstrates that VDR polymorphisms (ApaI, BsmI) exacerbate Graves’ disease by enhancing thyroid autoimmunity, inflammation and ER stress while diminishing immune tolerance. Despite comparable vitamin D levels, VDR-mutant patients exhibited heightened immune activation. HLA class II alleles influence susceptibility, whereas VDR variants dictate disease severity, underscoring VDR signaling as a therapeutic target."
41986804,Coping with primary brain tumors together: a scoping review of dyadic psychosocial interventions.,2026,Supportive care in cancer : official journal of the Multinational Association of Supportive Care in Cancer,"Gliomas are associated with poor prognosis and place significant emotional, psychological, and practical burdens on patients and their care-partners. Dyadic interventions hold promise for mental health, coping, and quality of life. This scoping review synthesizes the current landscape of dyadic interventions in glioma and neuro-oncology care, examining intervention characteristics, theoretical foundations, and psychosocial outcomes, while identifying gaps to guide future research and clinical practice. A systematic search (2013-2024) of PubMed, EMBASE, Cochrane, CINAHL, and PsycINFO was conducted for English-language studies. Using the PICOS framework, we included studies involving individuals with brain tumors and their romantic/intimate partners. Eligible studies reported psychosocial, health-related, feasibility, acceptability, or efficacy outcomes for both members of the dyad. Studies were excluded if partners comprised less than 20% of the caregiver sample. Eleven publications met the inclusion criteria. Interventions included yoga, meditation, psychoeducational and CBT models, dignity therapy, EMDR, and communication coaching. Programs ranged from in-person to online, and from single sessions to multi-week. Across studies, feasibility and acceptability were confirmed, with observed benefits in emotional distress, caregiver mastery, relational connection, and existential well-being. However, many were early-phase and methodologically heterogeneous, with inconsistent reporting of participants' characteristics, outcome measures and evaluation of mechanisms of change. Although interest in the application of dyadic approaches to glioma care is increasing, the evidence base remains limited and fragmented. Advancing this field will require more rigorous, theory-driven interventions, including standardized outcome measures and perspectives from patients, partners, and providers to ensure relevance, feasibility, and clinical applicability."
41984493,Effects of Psychosocial Interventions on Measures of Stress Among Breast Cancer Survivors: A Scoping Review.,2026,Cancer nursing,"With 4 million breast cancer survivors (BCSs) in the United States, researchers are interested in mitigating the effects of stress after cancer diagnosis. This stress can affect immune and endocrine systems, elevating cancer risk and affecting survival rates. This scoping review investigated the impact of psychosocial intervention measures on stress in BCS. The findings will pave the way for further replication studies and help establish the most effective interventions for mitigating stress in BCS. We conducted a systematic search in PubMed, PsycINFO, CINAHL, and the Web of Science databases from their inception to December 2023. Twenty-six randomized controlled trials encompassing 2771 patients with breast cancer were selected for a comprehensive review and analysis. The main findings showed a significant impact of cognitive-behavioral stress management, Iyengar yoga, mindfulness-based stress reduction, and relaxation/guided imagery on inflammatory biomarkers, such as salivary cortisol (n = 10), TNFα levels (n = 3), and CD3+ T cells (n = 2). Regarding perceived stress, yoga showed a significant decrease in perceived stress, depression, and anxiety in the BCS group (n = 3). Mindfulness-based stress reduction (n = 2) and cognitive-behavioral stress management (n = 3) also showed a significant reduction in stress symptoms in the experimental group compared with the control group. This review consolidates the existing knowledge and highlights the potential of psychosocial interventions to improve the lives of BCSs. By addressing the identified research gaps, future studies can further optimize these interventions to ensure more effective and personalized care for BCS."
41982590,The Role of Ayurveda in Chronic Disease Management: A Review of Clinical Evidence.,2026,Cureus,"Chronic non-communicable diseases account for the majority of global mortality and contribute substantially to long-term disability and healthcare expenditure worldwide, necessitating sustained, multidimensional management strategies beyond symptomatic control. Ayurveda, a traditional system of medicine based on holistic and individualized care, has gained increasing attention as a complementary approach for chronic disease management. This review synthesizes clinical evidence published between 2015 and 2025 to evaluate the role of Ayurvedic interventions across major chronic disease categories, including metabolic, cardiovascular, musculoskeletal, respiratory, gastrointestinal, and neurological disorders. A comprehensive literature search of major electronic databases identified randomized controlled trials, controlled clinical studies, and observational research assessing therapeutic outcomes, safety, and methodological quality. The reviewed studies demonstrate consistent trends toward improvement in symptom severity, functional outcomes, biochemical and inflammatory markers, and patient-reported quality of life, particularly when Ayurvedic therapies are used alongside conventional medical care. Interventions based on Ayurvedic principles, such as metabolic regulation, lifestyle modification, Panchakarma (bio-purification procedures), and Rasayana (rejuvenative therapy), appear to exert anti-inflammatory, antioxidant, immunomodulatory, and adaptogenic effects relevant to chronic disease pathophysiology. The evidence base is constrained by methodological heterogeneity, small sample sizes, variable intervention protocols, and limited long-term safety data. While current findings support the integrative potential of Ayurveda in chronic disease management, further rigorously designed, large-scale clinical trials with standardized methodologies are required to strengthen evidence and support its rational incorporation into contemporary healthcare systems."
41982351,The spiral symbiosis of skill and interest: the psychological mechanism of their synergistic development in PE classes.,2026,Frontiers in psychology,"A longstanding contradiction has persisted in the field of physical education (PE). On the one hand, teaching oriented toward ""fun PE"" can overemphasize immediate enjoyment; yet because it often lacks substantive skill improvement, students' interest becomes surface-level and difficult to sustain. On the other hand, traditional skill-centered teaching emphasizes technical proficiency, but its dull, repetitive process frequently extinguishes learners' enthusiasm. This coexistence of two outcomes-students either have fun but do not really learn, or learn but do not enjoy it-has become a bottleneck hindering PE from developing toward higher quality. To address this problem, the present study attempts to move beyond either-or thinking and clarify how skill and interest are connected. Based on foundational theories in contemporary motivational psychology-especially interpretations of the needs for competence and autonomy within Self-Determination Theory (SDT), and complementing this with other frameworks like Achievement Goal Theory-and combined with stage models of interest development, we propose and test a new theoretical framework: the Skill-Interest Spiral Symbiosis (SISS) Model. We aim to clarify how skill mastery is associated with learning interest through an indirect psychological pathway, and how interest in turn may feed back into further skill refinement, forming a potential feedback cycle. To verify the generalizability of the SISS Model, we conducted an anonymous cross-sectional survey among adult participants enrolled in sport-related courses using the Wenjuanxing platform. A total of 620 valid responses were collected (valid response rate: 88.6%), covering a wide range of sport programs such as basketball, yoga, swimming, and more. Key measures included: skill self-appraisal, perceived competence, perceived teacher autonomy support, situational interest, and long-term participation intention. Data were preliminarily processed with SPSS, and a structural equation model (SEM) was constructed in AMOS to empirically test the hypothesized paths. Bootstrap methods were further used to examine mediation and moderation effects. Model fit indices for the SEM (<i>χ</i> <sup>2</sup> <i>/</i>df = 2.41, CFI = 0.95, RMSEA = 0.050), together with mediation and moderation tests, jointly validated a potentia feedback cycle of ""skill → competence → interest → engagement."" The SEM showed that: (1) skill self-appraisal was an important positive predictor of perceived competence; (2) perceived competence played a key ""bridge"" role between skill self-appraisal and interest (partial mediation); (3) teacher autonomy support significantly ""catalyzed"" the conversion from competence to interest-under high autonomy-supportive environments, competence more readily was associated with interest; and (4) situational interest strongly and positively predicted behavioral engagement and long-term persistence, forming a complete pathway from psychological processes to behavior. The central argument is that skill and interest are not mutually exclusive choices; rather, they can form a symbiotic relationship that can mutually nourish and spiral upward. Skill improvement is the ""fuel"" that is associated with ignited interest, while interest is the ""engine"" that drives skill refinement. In this symbiotic cycle, perceived competence is the crucial psychological converter, and autonomy support in the teaching environment is the key ""catalyst"" determining conversion efficiency. While acknowledging the limitations of our cross-sectional data, establishing the SISS Model provides new ideas and practical leverage points for resolving the longstanding ""learning vs. fun"" dilemma in physical activity education, and offers guidance for designing more effective and attractive learning experiences."
41980413,The healing face: Evaluating the impact of face yoga on postoperative edema and ecchymosis following septorhinoplasty.,2026,American journal of otolaryngology,"Septorhinoplasty is commonly followed by edema and ecchymosis, which, although temporary, may reduce patient satisfaction and delay return to daily activities. Pharmacologic and physical methods are used to minimize these sequelae, but evidence for facial exercises is limited. To investigate the effect of face yoga on postoperative edema, ecchymosis, and discoloration after septorhinoplasty. In this prospective controlled study, 70 patients were assigned to either the face yoga group or the control group. The face yoga group (n = 43) performed standardized exercises twice daily for 14 days in addition to routine postoperative care, while the control group (n = 27) received only standard care with cold compresses. Outcomes were assessed on postoperative days 1, 7, and 14 using the Totonchi et al. grading system by four blinded otolaryngologists. Groups showed no significant differences on days 1 and 7. By day 14, however, the face yoga group demonstrated significantly lower edema, ecchymosis, and discoloration scores (p < 0.001 for all). Structured face yoga may accelerate recovery after septorhinoplasty, with benefits most evident after two weeks. As a safe, non-invasive, and cost-free practice, it could serve as an effective adjunct to standard postoperative care. Larger trials are warranted."
41978849,Transcendental Meditation as a Modulator of Cognitive and Psychological Well-Being.,2026,Maedica,"<b>Background:</b> Meditation is the practice of focusing the mind on a particular object, thought, or activity to reach a calm, stable state. Meditation is been practised since ancient past in various forms. Transcendental meditation (TM) is widely practiced for its potential benefits on mental and physical well-being using the mantra ""OM"" as an object of awareness. Despite its popularity in the Global North, evidence of its impact on cognitive and psychological health remains limited in the Indian context. <b>Aim:</b> To evaluate the effects of TM practice on cognitive performance by audiovisual reaction time and psychological parameters. <b>Methods:</b> This single-group quasi-experimental study was conducted after Institutional Ethics Committee approval. Thirty-four volunteers (13 males and 21 females aged 25-50 years) underwent a 12-week TM intervention from a certified instructor. Audiovisual reaction time was measured using a Psychotronics digital reaction time apparatus and ADI Power Lab 8. The Profile of Mood States (POMS), Pittsburgh Sleep Quality Index (PSQI) and Standardized Assessment of Personality Abbreviated Scale (SAPAS) were used for psychological assessment. Resilience was measured using the Nicholson McBride Resilience Questionnaire (NMRQ). Data were analyzed using SPSS version 29. <b>Results:</b> Audiovisual reaction time was significantly reduced as a result of TM for cognitive tasks suggesting enhanced cognitive processing speed. Highly significant improvements were also observed in mood scores, sleep quality, resilience levels after the TM intervention (p<0.0001). Personality traits showed an increase in positive scores toward emotional stability. <b>Conclusion:</b> Transcendental meditation improves cognitive performance and psychological well-being, supporting its potential as a complementary approach for mental health promotion and stress reduction. It can also be utilized for enhancing focus and attention, in activities demanding rapid and accurate responses, such as sports."
41974643,Defining Priorities for Nursing Organizational Well-Being: A Delphi Study of Organizational Variables and Interventions.,2026,Journal of advanced nursing,"To achieve expert consensus on key organizational variables and categories of organizational interventions considered most relevant for promoting nurses' organizational well-being. An e-Delphi study. Three panels of experts were enrolled: nursing managers, clinical nurses and occupational psychologists. Eight variables from the Nursing Organizational Well-being model and six categories of intervention drawn from the literature were rated for perceived usefulness, applicability and organizational feasibility. Consensus was defined with thresholds for percentage agreement (≥ 75%; ≥ 85%), Content Validity Ratio (CVR ≥ 0.49) and Coefficient of Variation (CV < 0.5). Eighty-four experts took part in Round 1, and forty-four in Round 2. The organizational variables with the most stable consensus were professional autonomy, workload, support from colleagues and superiors, with agreement > 90% and CV < 0.2. Among the areas of intervention, there was high consensus on organizational support. Mindfulness, meditation, yoga and digital interventions, although supported by literature, did not achieve a stable consensus. This study identified organizational variables and areas of intervention that achieved stable expert consensus and can guide future organizational planning and empirical evaluation, rather than prescriptive recommendations, to improve nursing organizational well-being. What problem did the study address? There is a lack of agreement on which organizational variables and areas of intervention should be a priority to support the organizational well-being of nurses, despite the extensive and heterogeneous literature on this topic. What were the main findings? Nurses, nursing managers and occupational psychologists agreed that: Organizational and work support, as well as educational/training were the most rated areas for intervention. Experts rated professional autonomy, workload and peer and supervisory support as priority areas in influencing nurses' well-being. Already noted interventions, such as mindfulness or yoga, did not reach consensus. Where and on whom will the research have an impact? The study results, highlighting shared priorities among experts, can inform nursing managers, organizational leadership and policymakers and guide organizational decision-making processes in designing future interventions. Professional autonomy, organizational support and working conditions emerged as shared expert priorities that may inform organizational reflection on nurses' well-being and workplace sustainability. The study was conducted according to the Accurate Consensus Reporting Document (ACCORD) guidelines. This study did not include patient or public involvement in its design, conduct or reporting."
41973865,Acute Physiological and Emotional Responses to a Brief 24-Minute Yoga Session: Randomized Exploratory Pilot Study With Waitlist Comparison.,2026,JMIR formative research,"Wellness tourism increasingly incorporates short yoga sessions for stress management, yet evidence on their immediate physiological and emotional responses remains limited. This exploratory pilot study aimed to generate preliminary data on acute physiological and emotional responses to a single 24-minute yoga session (breathing, postures, and meditation) compared with quiet sitting in novice practitioners. In this single-center, randomized waitlist-controlled exploratory pilot study (1:1 allocation), 19 university-affiliated adults with self-reported daily stress and no prior guided yoga experience were allocated to an immediate 24-minute yoga session (n=10) or quiet sitting (n=9). The primary outcome was change in salivary cortisol from baseline to postintervention. Secondary outcomes included salivary alpha-amylase, heart rate (Apple Watch [Apple Inc], subset n=12), and real-time emotional indices (stress, calmness, and concentration) measured by a commercial single-channel electroencephalogram (EEG) device (Kansei Analyzer [Dentsu ScienceJAM], subset n=8). Data were analyzed using change scores relative to the breathing phase, with between-group comparison performed by independent t tests or multivariable linear regression adjusted for age, sex, and baseline values as appropriate. No significant between-group differences were observed for salivary cortisol or alpha-amylase. In the yoga group, heart rate increased during postures and remained mildly elevated during meditation relative to the breathing phase, consistent with mild physical exertion. Exploratory individual EEG analyses suggested reduced stress and increased concentration during breathing and meditation phases in some participants. In this small exploratory pilot study, a single 24-minute yoga session did not significantly alter salivary stress biomarkers at the group level. However, it induced measurable cardiovascular activation and heterogeneous EEG-derived emotional responses. These hypothesis-generating findings demonstrate marked interindividual variability, suggesting the need for larger validation studies with improved control conditions."
41973783,Carceral resilience: Predicting posttraumatic growth for people who are incarcerated.,2026,"Psychological trauma : theory, research, practice and policy","To date, much of the research in criminology and criminal justice maintains a focus on risk. Far less attention is given to the potential for and prediction of resilience among those who are justice-involved. This study explored the connection between strength-based factors and carceral resilience rooted in the resilience portfolio model (Hamby et al., 2018). The sample included 309 incarcerated individuals from three correctional facilities in Northeast Florida, with data collected through self-report measures and analyzed using random-effects panel regression models. Participants were either enrolled in a 6-week trauma-informed yoga and mindfulness program or assigned to a waitlist control group. Psychosocial strengths were key correlates of posttraumatic growth (PTG) among incarcerated individuals. Prayer, self-compassion, emotional awareness, and anger management were positively associated with PTG. Sleep quality emerged as a consistent correlate of PTG. Within this context, participation in a trauma-informed embodied mindfulness program was associated with higher PTG over time. The findings support the application of the resilience portfolio model in carceral contexts and highlight the potential of embodied, trauma-informed interventions to foster resilience. Implications include the need for holistic, strength-based programming in correctional settings and further exploration of embodied resilience. This research contributes to a growing body of literature emphasizing the capacity for healing among justice-involved populations. Understanding PTG in carceral settings can inform successful reentry and reintegration, as well as support prevention strategies and alternatives to incarceration. (PsycInfo Database Record (c) 2026 APA, all rights reserved)."
41969720,Yogic Breathing Practices a Non-Pharmacological Alternative Medicine for Managing Pulmonary Functions of Healthy Adults: A Systematic Review and Meta-analysis.,2026,Indian journal of community medicine : official publication of Indian Association of Preventive & Social Medicine,"Yoga is increasingly recognized worldwide as a potential alternative medicine and effective non-pharmacological approach to enhance pulmonary efficiency and prevent lifestyle-related diseases. The aim of the current systematic review and meta-analysis was to evaluate the empirical studies conducted on the effect of yogic breathing practices on the pulmonary function of healthy adults. Searching was carried out through Scopus, PubMed, PubMed Central, Web of Science, and ScienceDirect, published in English, and a total of 11 studies consisting of 14 yogic breathing exercise groups were considered. The study quality was assessed through the Physiotherapy Evidence Database (PEDro) scale for RCT and the Quality Assessment Tool for Quantitative Studies checklists for non-RCT, and all studies were of moderate-to-good quality. The dependent variables were forced vital capacity (FVC), forced expiratory volume in one second (FEV<sub>1</sub>), FEV<sub>1</sub>/FVC ratio, and peak expiratory flow rate (PEFR), the key parameters for assessing pulmonary function, measured using a digital spirometer. Out of 14 intervention groups, 79% showed significant improvement in FVC and FEV<sub>1</sub>, 92% in PEFR (<i>n</i> = 13), and 50% in FEV<sub>1</sub>/FVC (<i>n</i> = 6) following the yogic breathing interventions, including Nadi Shodhana, Savitri, Sheetali, Sheetkari Bhastrika pranayama, Shantipatha, Omkara, Bhramari, Kapalbhati, Anulom-vilom, Om Chanting, etc., for four weeks to four months with a session of at least 10 minutes. The meta-analysis results revealed that there was a medium effect of breathing exercises on FVC (ES: 0.53, CI: 0.10 to 0.96, I<sup>2</sup>: 99%), FEV<sub>1</sub> (ES: 0.60, CI: 0.19 to 1.01, I<sup>2</sup>: 99%), FEV<sub>1</sub>/FVC (ES: 0.51, CI: 0.12 to 0.90, I<sup>2</sup>: 0%), and PEFR (ES: 0.56, CI: 0.31 to 0.82, I<sup>2</sup>: 46%). Based on the findings, this review may conclude that yogic breathing practices are conducive to improving the pulmonary functions of healthy adults."
41969719,Comparative Study of <i>Yognidra</i> and Antioxidant's Effects on The Quality of Semen in Subfertile Male Patients Undergoing <i>in vitro</i> Fertilization.,2026,Indian journal of community medicine : official publication of Indian Association of Preventive & Social Medicine,"In modern times, stress plays a significant role in male infertility by disrupting hormonal balance and increasing oxidative stress (OS), which impairs sperm quality. While antioxidants help to reduce the OS and also yoga in the forms of <i>asanas</i>, <i>pranayamas</i> and mediation have proven their impact on psychological factors and stress. However, there are limited evidences which link the effect of <i>Yognidra</i> on male infertility by affecting stress. The research study is the comparison between <i>Yognidra</i> and antioxidants in improving the quality of semen and potentially enhancing reproductive outcome. The aim of the study was to evaluate, analyze, and compare the effectiveness of <i>Yognidra</i> and antioxidant therapy on semen quality parameters, mainly on sperm concentration, motility, and morphology in subfertile male patients undergoing IVF treatment. In this study, sixty subfertile patients visiting the infertility clinic at test tube baby center participated. The patients were divided into two groups of Group A with (30 subjects) antioxidants and Group B as <i>Yognidra</i> (30 subjects). Assessment and comparison of semen quality of both the groups before and after intervention were analyzed and compared. The results of the study showed both interventions produced significant improvement in sperm concentration (Group A and B: <i>P</i> <0.0001 for sperm concentration and motility, with minimal change in morphology (<i>P</i> > 0.05). This strongly suggests that antioxidants and <i>Yognidra</i> can improve reproductive outcome. The present study strongly suggests that antioxidants and <i>Yognidra</i> can be used as an effective intervention and complementary therapy in the infertile couple presenting with altered semen parameters."
41969708,Efficacy of a 12-week Yogic Intervention on Premenstrual Syndrome Severity Among Adolescent Girls in Punjab: A School-Based Community Health Intervention.,2026,Indian journal of community medicine : official publication of Indian Association of Preventive & Social Medicine,"Women with premenstrual syndrome (PMS) show emotional, physical, and behavioral symptoms regularly every month. Mild physiological symptoms of PMS appear in 95% of women at their reproductive age. This study aimed to assess the prevalence of PMS and evaluate the efficacy of a 12-week yogic intervention in managing PMS among school-going adolescent girls in Punjab, India. A total of 450 adolescent girls were screened for PMS prevalence using a standardized questionnaire. For assessing efficacy, 100 participants diagnosed with PMS were recruited using a purposive sampling technique, with 50 in the yoga group and 50 in the control group. PMS severity was assessed thrice: baseline and after 8 and 12 weeks of yogic intervention. Statistical analysis was conducted using SPSS software to evaluate significant differences between groups. The majority of adolescents (68%) experienced varying degrees of PMS. A total of 94 adolescent girls completed the study, with 48 in the yoga group and 46 in the control group. Yogic intervention significantly reduced PMS severity in the yoga group (<i>P</i> = 0.032) compared to the control group. In the yoga group, postinterventional PMS levels were significantly associated with BMI, age, and menstrual duration (<i>P</i> < 0.05). Conversely, the control group showed no significant associations with the selected background variables. This study suggested yoga as a promising holistic approach for managing PMS-related discomfort and distress."
41969698,Effect of Chandrayana Vrata and Selected Yogic Practices on Holistic Health and Wellbeing: A Preliminary Exploratory Study.,2026,Indian journal of community medicine : official publication of Indian Association of Preventive & Social Medicine,"In this exploratory study (<i>n</i> = 10), participants followed <i>Chandrayana Vrata</i>, a lunar-phase-based dietary practice from India's yogic tradition, combined with daily yoga for 30 days. Compared to the control group, the experimental group showed a significant reduction in BMI (mean difference = 1.75; <i>P</i> = 0.007) and improved well-being scores (OAWBTY: <i>P</i> = 0.006; HPYQ improved but did not reach statistical significance: <i>P</i> =0.080). Mild changes in blood pressure were observed, although they were not statistically significant. No meaningful changes were observed in the control group. These preliminary findings suggest that integrating traditional fasting with yoga may support improvements in physical health and subjective well-being; however, the very small sample size warrants cautious interpretation of the results. Larger, well-controlled studies are required to further validate these outcomes."
41968659,"The Effect of a Yoga-Based Stress Management Program on Depression, Anxiety, Stress and Psychological Well-Being in Adolescents: Cluster Randomized Controlled Trial.",2026,Journal of adolescence,"Globally increasing stress levels among adolescents pose a significant public health concern. Yoga-based interventions are gaining attention as effective and holistic approaches to mental health. This study aimed to examine the effects of a Yoga-Based Stress Management Program on adolescents' levels of perceived stress, anxiety, depression, and psychological well-being. A cluster randomized controlled trial was conducted with 120 adolescents mean age = 16.9 ± 0.9 years; 77.5% female from eight high schools. The intervention group participated in a 4-week program consisting of weekly 50-min sessions integrating cognitive-behavioral stress management with Yin yoga practice, while the control group received a minimal-intervention condition (one-time brief stress education session). Outcomes were assessed at baseline, post-intervention, and at 3-month follow-up. Effect sizes are reported using partial eta squared (ηp²). Significant group × time interaction effects were found for all outcomes, with large effect sizes observed for depression (ηp² = 0.651), anxiety (ηp² = 0.734), perceived stress (ηp² = 0.753), psychological well-being (ηp² = 0.668), and yoga self-efficacy (ηp² = 0.759). Improvements in the intervention group were evident post-intervention and were largely maintained at follow-up. The Yoga-Based Stress Management Program was associated with meaningful improvements in adolescents' mental health and well-being. These findings suggest that integrating stress management with yoga may represent a promising school-based approach to support adolescent well-being, although further studies with active control conditions are warranted."
41968119,"Impact of Magnetized Water on Salivary pH, Salivary Flow Rate and the Streptococcal Mutant Colony Count in Healthy Individuals: A Pilot Randomized Controlled Trial.",2026,International journal of dental hygiene,"Saliva, a complex fluid with various chemical and physical properties, significantly influences oral health. Its secretion plays a vital role in maintaining oral cavity health, and Streptococcus mutans is more prevalent in areas surrounding caries and exhibits a close relationship with the disease. Magnets are believed to be robust safeguards against illness and serve as highly beneficial preventive tools. Hence, we intended to evaluate the effects of magnetized water oral rinse on salivary pH, salivary flow rate and the Streptococcal mutant colony count in healthy individuals. In this randomized controlled study, fifty participants were divided into either a magnetized water group (MWG; n = 25) or a normal water group (NWG; n = 25). The MWG underwent oral rinsing using magnetized water, whereas the NWG underwent oral rinsing using normal water for 2 min a day, daily for 2 weeks. Assessments were performed before and after the intervention. Statistical analysis was performed with the appropriate statistical test using SPSS, version 16. Within-Groups analysis showed a significant reduction in salivary pH [MWG (p = 0.001); NWG (p = 0.003)], and Streptococcal mutants colony count (p < 0.001 in both the groups) in both groups, with a significant increase in salivary flow rate only in the MWG (p = 0.002), unlike NWG (p = 0.081). However, between-group analysis showed a significant reduction in the Streptococcal mutant colony count in the MWG compared to the NWG (p = 0.005). Oral rinsing using magnetized water is effective in reducing Streptococcal mutant colony count and increasing salivary flow rate compared to oral rinsing using normal water. However, further studies with a larger sample size are recommended to warrant the results of the study."
41963380,"Multimodal EEG, ECG, and video dataset of yoga practitioners during concentration and mind-wandering tasks.",2026,Scientific data,"We present a multimodal dataset containing electroencephalography (EEG), electrocardiography (ECG), and video recordings from 49 participants. Each participant completed a single session lasting approximately 45 minutes. During each session they performed five tasks: resting state, inward concentration (focusing on the center of the forehead), outward concentration (visual search), and mind-wandering. EEG data were recorded from 64 channels at 2048 Hz; ECG and frontal video were collected simultaneously. The dataset includes 49 validated recordings: 25 from experienced yoga practitioners and 24 from individuals without prior experience in yoga or other self-regulation practices. The recordings are synchronized and structured for convenient use in cross-modal analyses. This dataset may support research in attention, concentration, meditation, affective computing, and multimodal signal integration. All data are anonymized and organized for easy access and reuse."
41960405,Subcutaneous application of <i>Helleborus niger</i> 12x in older patients with dementia-a retrospective cohort study.,2026,Frontiers in public health,"Dementia is a neurodegenerative disease that affects more than 45 million patients worldwide. Treatment options for dementia include lecanemab for mild cognitive impairment, acetylcholinesterase inhibitors, which are mainly used for mild to moderate dementia, as well as N-methyl-D-aspartate receptor antagonists for patients with severe dementia or certain antipsychotics. Pharmaceutical approaches are limited by potential side effects. To alleviate symptoms or at least slightly improve cognitive functions, additional herbal medicines (HM) such as <i>Ginkgo biloba</i> and non-pharmacological approaches, e.g., behavioral, exercise, music, and reminiscence therapy, yoga, tai chi, or acupuncture, have been used with heterogeneous results. <i>Helleborus niger</i>, a plant containing multiple bioactive compounds such as ecdysteroids and bufadienolide, is used clinically for its immunomodulatory, anti-inflammatory, analgesic, and antioxidant properties. In a German hospital specializing in geriatric patients, an association between the subcutaneous application of <i>Helleborus niger</i> 12x and changes in dementia was observed. Retrospective study on the effect of subcutaneous application of <i>Helleborus niger</i> 12x for an average of 3 weeks in patients with dementia. Eligible patients were aged ≥ 60 years and treated at the Humboldt Clinic in Bad Steben, Bavaria, Germany, with two different treatment regimens: standard care with conventional medication alone (control group, CG) vs. standard care with conventional medication plus <i>Helleborus niger</i> 12x preparations (Helleborus group, HG). The primary outcome was the between-group difference in pre-post (T0 vs. T1) changes in the Mini-Mental State Examination (MMSE). Secondary outcomes were pre-post changes in the Dementia Detection test (DemTect), the Shulman clock-drawing test (CDT) and the Geriatric Depression Scale (GDS). For the primary outcome, there was a statistically significant difference in MMSE between the groups (<i>p</i> < 0.001; <i>d</i> = 1.5) at T1 with significantly higher values in HG compared to CG. Regarding the secondary outcomes, significantly improved values were seen in HG compared to CG for DemTect, CDT and GDS with medium to high effect sizes. The study gives preliminary evidence that <i>Helleborus niger</i> 12x applied subcutaneously might improve cognitive function in patients with dementia at least during the three-week administration. Further randomized, blinded studies with longer follow-up are needed to confirm preliminary results. Identifier, DRKS00033972."
41960246,Mindfulness and devotion in Tantric Yoga: evidence of a strong trait association.,2026,Frontiers in psychology,"Meditation research has focused primarily on secular forms of mindfulness meditation rather than spiritual forms of meditation, and rarely on devotion in meditation. This study sought to gain broader understanding of the psychological characteristics (mindfulness, mysticism, self-actualization, positive affect and negative affect) and practice characteristics (minutes per day and years of practice) that are associated with devotion within a form of Tantric Yoga meditation. A cross-sectional correlational research design was used to examine questionnaire responses to standardized psychological tests, and information concerning meditation practice. Devotion was found to have the strongest partial correlations (age removed) with trait mindfulness, and trait mindfulness was the only variable to predict devotion in an exploratory multiple regression. This strong relationship between devotion and trait mindfulness may arise from the shared value of developing a one-pointed focus of attention within secular and traditional Buddhist practices, and within the bhakti (devotional) meditation practices of Tantric Yoga."
41957942,The Impact of Competency-based Medical Education-mandated Yoga Training on First-Year Medical Students: A Quasi-experimental Study.,2026,Annals of African medicine,"The competency-based medical education curriculum by the National Medical Commission promotes holistic development, including yoga training, to support mental health and resilience in medical students. While yoga is known to reduce stress and enhance mindfulness, its impact on academic performance and stress management in medical students is not well-established. This study aims to evaluate the effects of 28-day yoga on academic performance, mindfulness, perceived stress, and quality of life among the medical students of 1st year and compare these outcomes with students who did not practice yoga. This study is a quasi-experimental study, conducted in a tertiary care centre of north India. This study involved 100 1st-year medical students divided into 2 groups: 50 practicing yoga for 28 days and 50 not practicing yoga. Baseline and postintervention assessments of academic performance, perceived stress, mindfulness, and quality of life were conducted. Data analysis included t-tests and repeated measures analysis of variance. After 28 days of yoga, students showed significant reductions in stress (perceived stress scale), increased mindfulness (mindful attention awareness scale), improved quality of life (World Health Organization quality of life [WHOQOL] in all domains), and better academic performance (P < 0.001 for all, except WHOQOL social and environment domains with P = 0.009 and 0.001, respectively). No statistically significant differences were present at baseline between the control groups and yoga group, while postintervention comparisons favored the yoga group across all parameters. A short-term yoga intervention significantly improved stress levels, mindfulness, quality of life, and academic scores in medical students, supporting its integration into medical education for holistic well-being."
41956204,Exercise-based interventions for smoking cessation: A systematic review and meta-analysis.,2026,Journal of sport and health science,"Tobacco smoking and e-cigarette use remain major global public health challenges, with current cessation strategies often limited by poor adherence, modest effectiveness, and accessibility barriers. Exercise is a promising behavioral strategy for nicotine cessation, but its effects on smoking and vaping outcomes are unclear. This systematic review and meta-analysis aimed to synthesize evidence on the effects of single-bout and long-term exercise interventions on smoking and vaping cessation, cravings, withdrawal symptoms, and mood in adults. Eleven databases were searched up to March 28, 2025. Eligible studies were randomized controlled trials (RCTs) evaluating exercise interventions in adults reporting smoking- or vaping-related outcomes. Outcomes included continuous and point prevalence abstinence, cigarette consumption, and cravings. Risk of bias (ROB2) and certainty of evidence (Grading of Recommendations Assessment, Development and Evaluation (GRADE)) were assessed. Random-effects meta-analyses and subgroup analyses were conducted. Fifty-nine RCTs (n = 9083) were included: 43 exercise training studies (n = 8548) and 16 single-bout studies (n = 535). Exercise training increased continuous abstinence (risk ratio (RR) = 1.15; 95% confidence interval (95%CI): 1.01‒1.32; p = 0.04; 23 RCTs; n = 5512) and 7-day point prevalence abstinence (RR = 1.21; 95%CI: 1.03 to 1.43; p = 0.02; 18 RCTs; n = 4455), and reduced cigarettes/day (mean difference = -2.12; 95%CI: -3.30 to -0.93). Single-bout exercise reduced acute cravings immediately and up to 30 min post-exercise (standardized mean difference range: -0.88 to -0.52) but not longer-term cravings. Aerobic exercise improved continuous abstinence in training studies, while higher-intensity bouts produced greater craving reductions in single-bout studies. Evidence for resistance training, yoga, and other non-aerobic modalities was more limited but suggested potential benefits for cravings and smoking outcomes, although data were insufficient for modality-specific pooled estimates. No trials assessed vaping cessation outcomes. Exercise is associated with modest improvements in cigarette consumption and acute suppression of cravings, supporting its potential as a low-risk behavioral aid for nicotine cessation. Future research should target vaping-specific outcomes and optimal intervention delivery. Exercise represents a promising smoking cessation intervention."
41953823,Effect of Yoga and Naturopathy Intervention on Pain Management and Quality of Life in Patient with Rectal Carcinoma.,2026,Indian journal of palliative care,"Rectal carcinoma, particularly in advanced stages, represents a significant oncological challenge that substantially impacts patients' quality of life (QoL) and is associated with severe pain and debilitating symptoms. Advanced-stage rectal carcinoma presents unique management challenges due to tumour invasion and nodal involvement. Conventional treatments, including chemotherapy and pharmacological interventions, often result in considerable adverse effects, necessitating the integration of complementary therapeutic approaches. Yoga and naturopathy have demonstrated promising potential in alleviating cancer-related symptoms and improving QoL in oncology patients. This case report documents the comprehensive treatment of a 48-year-old male diagnosed with CT4aN1 stage rectal carcinoma using integrative yoga and naturopathy interventions alongside conventional therapy. The intervention protocol included specific therapeutic asanas, structured pranayama techniques, mud therapy, hydrotherapy, therapeutic massage, herbal packs and a carefully designed plant-based nutritional regimen. The treatment approach was tailored to address the specific challenges associated with advanced-stage rectal carcinoma. The interventions resulted in a clinically significant reduction in pain intensity and enhanced QoL, as objectively measured by the European Organisation for Research and Treatment of Cancer QoL questionnaire for colorectal 29 functional and symptom assessment scales. The patient demonstrated marked improvement in anxiety levels, reduced symptom burden and enhanced functional capacity throughout the intervention period. This case study provides evidence for the potential therapeutic benefits of integrative yoga and naturopathy approaches in managing pain and improving QoL in patients with advanced-stage rectal carcinoma. The findings suggest that such complementary interventions may serve as valuable adjuncts to conventional oncological care. Further controlled studies with larger sample sizes and longer follow-up periods are warranted to validate these preliminary findings and establish evidence-based protocols for the integration of yoga-naturopathy interventions in advanced rectal carcinoma management."
41953822,Effects of Pranic Energisation Technique versus Mindful Stretching on Fear of Cancer Recurrence and Depression: A Pilot Study.,2026,Indian journal of palliative care,"Cancer remains a leading global health challenge, contributing to substantial morbidity, mortality and rising healthcare costs. Individuals affected by cancer frequently experience psychological challenges such as depression and fear of cancer recurrence (FCR). In response, integrative approaches such as yoga-based mind-body practices are gaining attention as potential interventions for mental health and thereby mitigating FCR in cancer care. To compare the effects of an advanced meditation practice - pranic energisation technique (PET) - with mindful stretching (Sukshma Vyayama) on psychological outcomes, specifically FCR and depression, among individuals affected by cancer. A comparative control design was employed. Thirty-four participants (n = 34) were assigned to either the intervention group receiving PET or the control group receiving Sukshma Vyayama. The intervention lasted 4 weeks. Outcomes were assessed using the FCR inventory-short form (FCRI-SF) and the patient health questionnaire-9 (PHQ-9). The intervention group showed a significant reduction in FCRI-SF scores (F = 245.62, P < 0.001) and PHQ-9 scores (F = 407.42, P < 0.001), indicating greater improvement in psychological well-being compared to the control group. A 4-week yoga-based meditation intervention significantly alleviated FCR and depressive symptoms among cancer-affected individuals. These findings support yoga's role as an adjunctive therapy in psycho-oncology. Future studies should explore long-term outcomes and underlying mechanisms."
41951566,Understanding Primary Care Providers' Decisions to Recommend Complementary and Integrative Health Therapies: A Qualitative Analysis.,2026,Journal of integrative and complementary medicine,"Evidence-based complementary and integrative health (CIH) therapies are now in clinical practice guidelines for common pain and pain-related conditions. Primary care providers (PCPs) are often the first point of contact for discussing CIH therapies as non-pharmacological health management. Yet, little is known about their decisions to recommend CIH therapies. To understand: (1) which CIH therapies PCPs recommend and for what health conditions, (2) reasons for their recommendations or lack thereof, and (3) possible solutions to improve appropriateness of recommendations. Semi-structured qualitative interviews were conducted with 40 PCPs from eight Veterans Health Administration (VA) hospitals offering eight evidence-based CIH therapies (acupuncture, medical massage therapy, yoga, Tai Chi, meditation/mindfulness, biofeedback, clinical hypnosis, guided imagery). A rapid qualitative analysis was performed using a matrix approach. PCPs recommended patients use acupuncture, medical massage therapy, yoga, Tai Chi, and meditation/mindfulness the most and biofeedback, clinical hypnosis, and guided imagery the least. Pain was the main condition for referrals to all CIH therapies except clinical hypnosis and guided imagery, which were most recommended for smoking cessation and mental health, respectively. Decisions to recommend were largely driven by PCP's knowledge of CIH therapies' effectiveness for particular health conditions. Other factors were PCP's own beliefs about CIH therapies, their perceptions about patients' beliefs, patients' positive experiences, and organizational factors (e.g., understanding what therapies are covered for which conditions and the local referral process). PCPs wanted brief educational information containing many types of content, ranging from therapy descriptions to clinical practice guidelines and information on institutional policies on CIH therapy provision. Although some PCPs are appropriately recommending evidence-based CIH therapies, lack of knowledge is a critical barrier for many others. This could be addressed with the educational information tailored to the content and format that PCPs specifically requested."
41951553,"Mental Health Promotion Through Nursing Interventions Focused on Anxiety, Sleep and Well-Being: A Scoping Review.",2026,International journal of mental health nursing,"Anxiety is more prevalent than other mental disorders and maintains a bidirectional relationship with sleep disturbances, negatively affecting well-being and overall mental health. This scenario underscores the need to strengthen and qualify nursing practice in addressing these outcomes. This study aimed to map how nursing has developed care for adults and older people through interventions related to anxiety, sleep quality and well-being. A scoping review was conducted in accordance with the PRISMA-ScR checklist. Searches were performed between November and December 2025 across 11 data sources: CINAHL, Cochrane Library, LILACS, MEDLINE/PubMed, SciELO, Scopus, EBSCO Open Dissertations, Web of Science, CAPES Catalogue of Theses and Dissertations, ScienceDirect and Google Scholar, in addition to reference list screening. Sixty-four studies were included. Although the search covered the period from 2010 to 2025, eligible publications were identified between 2011 and 2025, predominantly clinical trials conducted in Iran and Turkey. Thirty-one occurrences of interventions were identified, representing different modes of application of a smaller set of nursing-implementable strategies targeting anxiety, sleep and well-being. Integrative and complementary therapies predominated, including aromatherapy, music therapy, reflexology, acupressure, therapeutic touch, massage, relaxation techniques, Reiki and yoga. Other interventions comprised spiritual support, environmental adjustments (lighting, noise, temperature control), guided imagery, group counselling and self-care programmes, reinforcing nursing's holistic approach. Sleep quality was the most investigated outcome, mainly through environmental control during hospitalisation. However, considering sleep, well-being and anxiety, multicentre studies, further investigation into spirituality and the nursing process and research prioritising well-being and anxiety disorders as primary outcomes are still needed."
41950785,"The effect of yoga on depression, anxiety, and stress during pregnancy and postpartum: A systematic review and meta-analysis.",2026,Best practice & research. Clinical obstetrics & gynaecology,"Common treatments for depression and anxiety include antidepressant medications and psychotherapy. However, concerns regarding medication side effects during breastfeeding and limitations of psychotherapy highlight the need for alternative approaches. This systematic review and meta-analysis aimed to rigorously evaluate the effects of yoga on anxiety, depression, and stress during pregnancy and the postpartum period by synthesizing evidence from existing studies. To enhance clinical relevance, outcomes were pooled based on validated perinatal mental health scales such as EPDS, STAI-S, CES-D, STAI, PSS, SCL-25, SRQ-20, HADS, HRSA, HARS, HDRS, SAS, SDS, PSRS and BDI-II, enabling clinicians to interpret findings using established screening tools. Interventional studies were identified through systematic searches in multiple databases, and data were analyzed using RevMan version 5.3. The risk of bias was assessed using the ROB1 tool for randomized controlled trials (RCTs) and the ROBINS-I tool for quasi-experimental studies. The quality of the included studies was evaluated using the GRADE approach. A total of 35 studies (23 RCTs and 12 quasi-experimental) were included. Meta-analysis showed that yoga may be associated with reductions in scores of prenatal depressions (SMD = -0.98), anxiety (SMD = -1.15), and stress symptoms (SMD = -0.88), particularly in women without prior depressive or anxiety symptoms (P < 0.00001). No statistically significant effects were found among women with existing symptoms. Yoga may be a feasible, safe, and acceptable intervention for reducing postpartum depression, anxiety, and stress in healthy pregnant women. However, methodological limitations, low to very low certainty of evidence and the small number of RCTs, particularly regarding postpartum outcomes, underscore the need for further research. PROSPERO REGISTRATION CODE: CRD42024618001."
41950501,Effectiveness of Ayurvedic Nutritional Supplements and Yoga Protocol in Reducing the Incidence and Severity of Acute Mountain Sickness (AYAMS Study): Study Protocol for an Open-Label Randomized Controlled Trial.,2026,JMIR research protocols,"Acute mountain sickness (AMS) poses a unique and formidable challenge to healthy personnel at high altitudes. This randomized controlled trial (RCT) protocol aimed to assess the effectiveness of Ayurvedic nutritional supplements in conjunction with a yoga protocol in reducing the incidence and severity of AMS among healthy personnel stationed in the challenging high-altitude landscapes of the western Himalayas. The proposed open-label, parallel-group RCT was conducted in apparently healthy individuals of any gender aged 18-50 years. The study was conducted at two distinct high-altitude stages within the western Himalayan region: stage I, situated at an elevation ranging from 9000 to 12,000 feet and stage II, spanning 12,000 to 15,000 feet. A total of 1660 participants (n=830 per stage) underwent random assignment in a 1:1 ratio to receive either the existing acclimatization schedule (AS) for high altitude (control group) or the Ayush intervention (Ayush group) in addition to the AS. The participants in the Ayush group received Ayurvedic nutritional supplements, including the Ayur-nutri kit (Ayush poshak yoga, 25 g, and Ayush cardiac care tea, 125 mL), twice daily, along with a yoga protocol (60 min daily) for 120 days. The primary outcome was the incidence of AMS, assessed using the 2018 Lake Louise Scoring System, and the proportion of participants with a Lake Louise Scoring System score of 6 or higher during the first 7 days from baseline. The secondary outcome measures included the proportion of participants with thromboembolic events; changes in coagulation and hemostasis activation markers and proinflammatory markers; and changes in self-reported negative emotional states (depression, anxiety, and stress), sleep quality, and overall quality of life (assessed through Depression Anxiety Stress Scale-21 items, Pittsburgh Sleep Quality Index, and 12-item short-form, respectively) on day 60 and day 120 from baseline. The study was funded in March 2023. The data collection was completed in December 2023. A total of 1660 participants were enrolled in the study. The analysis of the study data is in progress. The study outcomes are expected to be published by December 2026. This RCT was the first of its kind to explore the potential benefits of using Ayurvedic nutritional supplements and a yoga protocol in conjunction with the standard AS to reduce the occurrence and severity of AMS among healthy personnel. The outcomes of this trial can aid in better acclimatization and resilience among healthy personnel at high altitudes."
41950250,Strengthening TB care pathways: Integrating informal and AYUSH practitioners for early diagnosis and referral.,2026,PLOS global public health,"Tuberculosis (TB) continues to be the leading cause of death from infectious diseases, disproportionately affecting populations in low- and middle-income countries, where diagnostic and financial barriers impede timely care. While alternative treatments may offer symptomatic relief, the cornerstone of TB management remains anti-tubercular therapy (ATT) as recommended by the World Health Organization (WHO). Yet, many individuals with TB-like symptoms first consult traditional healers and AYUSH (Ayurveda, Yoga, Naturopathy, Unani, Siddha, and Homeopathy) practitioners, resulting in delays in diagnosis and treatment initiation. This quasi-experimental study evaluated the impact of strengthening linkages between non-allopathic and allopathic providers, through formal referral systems, alongside the implementation of a free chest X-ray (CXR) screening system for presumptive TB patients. A mixed methods design found the significant role of friends and family in influencing care-seeking patterns, while a regression analysis within a Difference-in-Differences approach found the intervention to reduce diagnostic delay by over eight days (-8.6, 95% CI: -16.6, -0.5). The accelerated pathway to diagnosis was observed irrespective of which provider was first visited by the patient, holding promise for future such interventions, especially in high-burden regions, with significant reliance on informal providers."
41948021,"Yoga and Tai chi: a cross-cultural comparative study of health benefits, cultural sustainability, and global public health implications.",2026,Frontiers in public health,"The escalating burden of non-communicable diseases (NCDs) demands cross-culturally adaptive interventions. Yoga (India) and Tai Chi (China) are both valuable mind-body practices. However, their distinct health governance pathways have not been systematically compared. This study aimed to: (1) decipher differential health promotion mechanisms (cardiopulmonary/pain/anxiety outcomes); (2) quantitative assessment of the different trade-offs in cultural sustainability (analyzing the communication characteristics under market-oriented and institutionalized models); (3) the implications of different policy integration models for global public health scalability are evaluated. We developed a comparative framework examining three interconnected dimensions: (1) Health Benefits-by synthesizing clinical trial evidence; (2) Cultural Sustainability-by analyzing patterns in global digital and academic discourse; and (3) Policy Integration-by reviewing official documents and modeling the relationships among all three dimensions. (1) Equivalent efficacy in cardiopulmonary function (<i>d</i> = 0.45), chronic pain (<i>d</i> = 0.62), and anxiety reduction (<i>d</i> = 0.51); (2) Cultural Sustainability Exhibits an Asymmetric Pattern: although yoga boasts a more extensive and well-established clinical evidence base (particularly in the field of mental health), its standardized movement retention rate in the process of global dissemination (68%) is significantly lower than that of Tai Chi (82%, <i>p</i> < 0.001). It should be noted that yoga's inherent philosophical tenet of Viniyoga (i.e., individualized adaptation) may lead to a systematic underestimation of its cultural authenticity when assessed using standardized metrics; (3) Structural equation model of health-culture-policy interactions. Key pathways: health benefits → policy inclusivity (β = 0.63); cultural transmission → policy inclusivity (β = -0.30); policy feedback → cultural transmission (β = 0.45). Yoga and Tai Chi represent two complementary paradigms in the modernization of mind-body practices. The former excels in market adaptability and rapid innovation diffusion, while the latter demonstrates strengths in institutional norms and community-based public provision. This study advocates that effective global health governance should avoid a single model and instead construct a contextualized hybrid framework. By selectively integrating the advantages of both approaches based on specific socio-cultural contexts and health system needs, we can simultaneously ensure the evidentiary validity, cultural relevance, and social accessibility of interventions."
41945650,E-Learning Modules Based on Bloom Taxonomy and the Miller Pyramid for First-Year Indian Medical Students: Randomized Controlled Study in Medical Education.,2026,JMIR human factors,"Competency-based medical education (CBME) in India emphasizes early competency formation, higher-order cognitive processing, and self-directed learning. Although e-learning is widely adopted, there is limited evidence on structured e-modules explicitly designed using Bloom taxonomy and the Miller pyramid for Indian MBBS students. This study aims to design, validate, implement, and evaluate CBME-aligned e-modules for first-year MBBS foundational subjects (anatomy, physiology, and biochemistry) and to compare their effectiveness with traditional teaching on cognitive, psychomotor, and affective learning outcomes using Kirkpatrick levels 1 and 2. A randomized controlled study was conducted among 690 first-year medical undergraduates (control: n=370; intervention: n=320). The intervention group received Sharable Content Object Reference Model-based interactive e-modules through Moodle (Modular Object-Oriented Dynamic Learning Environment) in addition to standard lectures, while the control group received lectures only. e-Modules were designed using Bloom taxonomy and the Miller pyramid, validated by internal and external experts, and implemented following Kern 6-step approach. Learning outcomes were assessed using structured feedback (Kirkpatrick level 1) and end-of-block internal assessments comprising multiple choice questions, short notes, and objective structured clinical examinations (Kirkpatrick level 2). Students in the intervention group performed significantly better across all cognitive levels compared with the control group: remember (mean 6.52, SD 2.24 vs mean 5.26, SD 2.89; P<.001), understand (mean 2.92, SD 1.45 vs mean 2.55, SD 1.13; P<.001), apply (mean 3.43, SD 1.06 vs mean 2.56, SD 1.08; P<.001), and analyze (mean 3.01, SD 0.83 vs mean 2.53, SD 1.11; P<.001). Psychomotor scores (objective structured clinical examination manipulation: mean 4.55, SD 1.12 vs mean 4.10, SD 1.42; P<.001) and affective domain scores (mean 3.02, SD 0.81 vs mean 2.03, SD 0.81; P<.001) were also significantly higher in the intervention group. Subgroup analysis showed the largest gains among medium achievers across domains. CBME-aligned e-modules significantly enhanced student performance in cognitive, psychomotor, and affective domains compared with traditional teaching alone, with particularly pronounced benefits for medium achievers. Well-designed e-modules represent a scalable, adaptable strategy to support CBME implementation across diverse medical education settings in India."
41944091,Successful integration of Yoga and Naturopathy with conventional medicine for health promotion: insights from the Tamil Nadu model in rural India.,2026,Journal of complementary & integrative medicine,
41943556,Evaluating the Efficacy of Ozone Therapy in Fibromyalgia.,2026,Annals of African medicine,"Fibromyalgia is a chronic disorder, characterized by widespread musculoskeletal pain, fatigue, sleep disturbances, and psychological distress, with limited efficacy from conventional treatments. Ozone therapy, a medical approach that induces controlled oxidative stress to enhance antioxidant defences and modulate immune responses, has emerged as a potential complementary intervention. Evidence suggests that ozone therapy improves pain, fatigue, and sleep quality by correcting oxidative imbalances, enhancing oxygen utilization, and regulating inflammatory pathways. Clinical studies, report significant symptom relief in up to 70% of patients, with minimal adverse effects when administered according to standardized protocols. Despite promising outcomes, the current literature is constrained by small sample sizes, heterogeneity in study designs, and limited long-term follow-up data. Future research should focus on large-scale, well-designed trials, standardized treatment protocols, and mechanistic studies to establish ozone therapy's role in fibromyalgia management."
41943407,"Prevalence of Oral Soft Tissue Lesions and Their Associations with Oral Hygiene Practices, Addictive Habits, and CD4 Counts Among Lesbian, Gay, Bisexual, Transgender, and Queer Individuals Living with Human Immunodeficiency Virus.",2026,Annals of African medicine,"Oral manifestations often reflect underlying immune suppression and disease progression. These lesions can profoundly affect the quality of life, leading to pain, difficulty in eating, and social stigma. In the lesbian, gay, bisexual, transgender, and queer (LGBTQ) population living with human immunodeficiency virus (HIV), additional sociobehavioral factors, such as discrimination, mental health challenges, and barriers to healthcare access, may exacerbate oral health issues. This cross-sectional study aimed to evaluate the prevalence of oral soft tissue lesions and their associations with oral hygiene practices, addictive habits, and CD4 counts in 56 LGBTQ adults with HIV (mean age 34.8 ± 7.2 years). Participants were recruited from an outpatient clinic and underwent comprehensive oral examinations using World Health Organization criteria, self-reported questionnaires on hygiene and addictions, and a review of recent CD4 counts. All participants reported addictions, predominantly smoking (44.6%), smokeless tobacco (37.5%), and alcohol (30.3%), with polyaddiction in 39.3% of the participants. Soft-tissue lesions were detected in 60.7% of patients, including candidiasis (26.8%), oral hairy leukoplakia (14.3%), aphthous ulcers (10.7%), linear gingival erythema (8.9%), and tobacco pouch keratosis (7.1%). Lesion prevalence was significantly higher among irregular brushers (100%, P = 0.034), poly-addicts (86.4%, P = 0.002), and those with CD4 counts <350 cells/mm 3 (78.9% vs. 42.3% for ≥350 cells/mm 3 , P = 0.011). Specific associations included tobacco use and leukoplakia/keratosis ( P = 0.029) and alcohol use and candidiasis ( P = 0.041). Multidisciplinary interventions emphasizing oral hygiene education, addiction cessation programs, and integrated dental-HIV care are essential to reduce morbidity and enhance the overall well-being of LGBTQ individuals with HIV."
41939546,"Anemia-Related Knowledge and Practices Among Mid-adolescents in Government Schools of Nadia District, West Bengal: A Cross-Sectional Study.",2026,Cureus,"Background Anemia is a major public health concern globally and in India, particularly among adolescents who are vulnerable due to rapid growth and increased nutritional requirements. Despite national programs such as Weekly Iron and Folic Acid Supplementation (WIFS), knowledge and preventive practices remain suboptimal. This study assessed anemia-related knowledge and practices among mid-adolescent (predominantly 14-16 years) school students and sociodemographic predictors of these outcomes. Methods A cross-sectional study was conducted among 464 students from selected government high schools in the municipal area of Nadia district, West Bengal, using a multistage random sampling approach. Data on sociodemographic characteristics, knowledge, and practices regarding anemia were collected using a locally developed questionnaire. Records of dietary intake, hygiene, and preventive services were reviewed. Data were analyzed using Jamovi software (v 2.6.26, jamovi project, Sydney, Australia). Descriptive statistics were summarized as frequencies and percentages, while multivariable logistic regression identified predictors of good knowledge and anemia-related practices. Results The mean age of participants was 14.7 ± 1.52 years, with 56% being male. The mean knowledge score was 3.61 ± 2.04 (Q1 = 3, median = 4, Q3 = 4), and more than half of the students (55.6%) demonstrated good knowledge of anemia. In multivariate analysis, class level (Class VIII: AOR 2.37; 95% CI 1.11-5.05) and family income showed a non-linear association with knowledge (<INR 20,000: AOR 2.30; 95% CI 1.08-4.88; >INR 70,000: AOR 4.26; 95% CI 1.20-15.08). The mean practice score was 6.20 ± 1.25 (Q1 = 5, median = 6, Q3 = 7), with 72.8% of students reporting good anemia-related practices, which were significantly associated with maternal education (≥middle school: AOR 1.65; 95% CI 1.10-2.46) and students' knowledge (AOR 1.81; 95% CI 1.16-2.83). Despite these findings, notable gaps remained in deworming coverage (11%) and adherence to weekly iron-folic acid supplementation (42.5%). Conclusions Despite moderate awareness, comprehensive knowledge and preventive practices remain suboptimal. Strengthening structured school-based health education, improving iron-folic acid supplementation and deworming program delivery, and engaging mothers are key strategies to enhance anemia prevention among adolescents."
41938920,"Effect of mind-body therapies on anxiety, depression and sleep quality in college students: a network meta-analysis.",2026,Frontiers in public health,"Mind-body therapies (MBTs) have demonstrated beneficial effects on anxiety, depression, and sleep quality in college students. However, few studies have compared the efficacy of different types of MBTs. Therefore, we conducted this study to compare and rank the relative effects of various MBTs on these outcomes. A systematic search was conducted across seven electronic databases (inception-July 8, 2025) for randomized controlled trials investigating the effects of MBTs on depression, anxiety and sleep quality among college students. Literature selection was performed in accordance with the PICOS framework, and data extraction was carried out independently by two reviewers. Risk of bias was assessed via the Cochrane risk of bias tool, version 2 (RoB 2.0) and the Grading of Recommendations Assessment, Development, and Evaluation (GRADE) framework. Both pairwise and network meta-analyses were performed via Stata software, which generated forest, network, and funnel plots. Furthermore, we adopted the surface under the cumulative ranking curve (SUCRA) to evaluate and rank the intervention effects of different MBTs on depression, anxiety and sleep quality among college students. Twenty-seven eligible studies with 2,664 participants were included. This network meta-analysis revealed significant differences in the impact of MBTs on sleep quality among college students compared with the control group. Baduanjin [SMD = -1.29, 95% CrI (-2.67, -0.02)] and Qigong [SMD = -2.24, 95% CrI (-3.85, -0.44)] demonstrated the most notable effects. Additionally, for anxiety, yoga [SMD = -3.72, 95% CrI (-6.26, -1.47)] was significantly more effective than the control. Furthermore, for depression, Qigong [SMD = -3.9, 95% CrI (-5.76, -1.37)] was significantly better than the control group. Furthermore, Qigong was significantly more effective than yoga [SMD = 3.78, 95% CrI (0.96, 5.99)] and Baduanjin [SMD = 3.35, 95% CrI (0.03, 5.27)]. The SUCRA ranking identified Qigong (SUCRA = 90.5%) as the best intervention for sleep quality, yoga (SUCRA = 89.0%) for anxiety, and Qigong (SUCRA = 95.0%) for depression. The current evidence indicates that Qigong is the optimal intervention for alleviating depression and improving sleep quality, whereas yoga is the most effective intervention for alleviating anxiety. Nevertheless, due to the limited number of studies included, further research is needed to enhance the reliability of the findings. https://www.crd.york.ac.uk/PROSPERO/view/CRD420251104941, identifier (CRD420251104941)."
41938918,Mind-body exercise for symptom management in cancer: a systematic review and meta-analysis.,2026,Frontiers in public health,"The aim of this study is to conduct a systematic review and meta-analysis and to evaluate changes in the mental health, physical symptoms, and health-related quality of life (HRQOL) in cancer patients following mind-body exercise training. As of February 2026, this study retrieved data from eight databases. Eventually, 19 randomized clinical trials using the mind-body exercise were conducted. This meta-analysis synthesized outcome indicators related to cancer symptoms to obtain pooled effect sizes. In this meta-analysis, interventions in mind-body exercise in terms of anxiety (standardized mean difference, SMD = -0.39, 95% CI -0.65 to -0.13), depression (SMD = -0.34, 95%CI -0.59 to -0.10), fatigue (SMD = -0.40, 95% CI -0.78 to -0.02), sleep (SMD = -0.60, 95% CI -1.15 to -0.05), and HRQOL (SMD = 0.38, 95% CI 0.17-0.60) are statistically significant when compared with usual care. The subgroup analysis indicated that a longer intervention period (≥ 8 weeks) might show stronger effects. Based on the intervention types, traditional Chinese exercise significantly improved anxiety, depression, sleep quality, and HRQOL, while yoga significantly reduced fatigue and also improved HRQOL. Mind-body exercise is an effective rehabilitation method for alleviating cancer symptoms, significantly improving mental health, physical symptoms and quality of life. They are suitable as non-pharmacological supplementary intervention measures for cancer patients and are recommended for wide application in clinical practice."
41938074,"Cultural Adaptation and Feasibility of an Inpatient Yoga Intervention for Patients Undergoing Hematopoietic Stem Cell Transplantation in Tanzania, India, and the United States: A Study Protocol.",2026,Global advances in integrative medicine and health,"Cancer is a global health challenge that continues to rise worldwide. People with cancer in low- and middle-income countries (LMIC) have less access to integrative oncology programs than their counterparts in high-income countries. This is especially true of countries on the African continent, such as Tanzania. LMICs have a disproportionately higher cancer burden than their counterparts. Hematopoietic Stem Cell Transplantation (HSCT) requires extended hospitalization, including social isolation. While yoga is often recommended to help manage symptoms in oncology patients, its use has not been systematically evaluated among hospitalized patients or those undergoing HSCT. To address this gap, we designed a pilot study to culturally tailor and implement a yoga program for HSCT inpatients across diverse settings in Tanzania, India, and the United States. Five patients with hematological malignancy who underwent HSCT within the past year from each of the 3 centers will participate in semi-structured interviews to explore cultural norms, culturally appropriate language, and factors specific to yoga and psychosocial support. After any modifications to the program, 15 patients from each center will participate in the yoga program 2 weeks before HSCT and for the first 30 days after HSCT via in-person, telehealth (Zoom), or in combination. We will declare the intervention feasible if (a) at least 50% of patients complete a minimum of 6 of the 12 YT sessions and (b) at least 60% of patients complete follow-up measures at 2 months after transplant. This trial will provide important information regarding the cultural sensitivity and feasibility of an inpatient yoga program provided during hospitalization for 3 different centers. This data is necessary before embarking on a multicenter randomized clinical trial."
41932675,Return to sport after shoulder arthroplasty: an ASES multicenter analysis of sport-specific predictors of performance in reverse shoulder arthroplasty and total shoulder arthroplasty.,2026,Journal of shoulder and elbow surgery,"Many patients undergoing shoulder arthroplasty-either reverse shoulder arthroplasty (rTSA) or anatomic shoulder arthroplasty (aTSA)-strongly desire to return to sport, yet return-to-sport (RTS) outcomes remain incompletely defined. This study aimed to determine RTS rates following rTSA and aTSA and to identify patient-specific and sport-specific factors associated with postoperative athletic performance. A multicenter retrospective analysis with prospective administration of RTS questionnaires was conducted among patients who underwent rTSA or aTSA between 1 and 3 years postoperatively. Twenty-four ASES surgeons from 17 U.S. institutions participated. Study design and parameters were defined using a Delphi consensus method. The RTS questionnaire assessed participation in seven sports: golf, pickleball, tennis, running, weightlifting, yoga, and swimming. Outcomes included RTS status, changes in performance, enjoyment, participation frequency, time to RTS, and shoulder satisfaction (0-10). Univariate ANOVA compared outcomes across sports. Two age- and gender-matched propensity score analyses compared (1) rTSA versus aTSA for glenohumeral osteoarthritis (GHOA) and (2) rTSA for GHOA versus rotator cuff arthropathy (RCA). Multivariate logistic regression identified predictors of worse postoperative performance. A total of 961 patients completed the questionnaire; 55.9% (n = 537) participated in at least one sport preoperatively and attempted RTS postoperatively, yielding 656 sport participations. Mean follow-up was 24.0 ± 8.1 months, mean age was 68.3 ± 8.2 years, mean BMI was 28.5 ± 5.8, and 65.6% were male. Across all sports, 89.2% of participants were still playing, and 80.2% reported improved or unchanged performance, with no differences between sports. Overall RTS rates were highest for running (92.9%), tennis (92.3%), and weightlifting (93.1%). Most patients returned within 3-6 months (44.7%). In matched GHOA cohorts (n = 165 each), rTSA demonstrated higher rates of improved or stable performance (87.9% vs 78.9%, P = 0.039) and greater satisfaction (P = 0.007) compared to aTSA, with similar RTS rates (93.3% vs 89.1%). Diagnosis of GHOA (OR, 0.20; P = 0.001) and post-capsulorrhaphy arthropathy (OR, 0.07; P=0.021) were independently associated with lower odds of worsened postoperative sport performance. Return to sport following shoulder arthroplasty is high, with most patients reporting maintained or improved performance. In patients with GHOA, rTSA was associated with higher rates of improved or stable sport performance and greater satisfaction compared to aTSA."
41929782,"Editorial: Deepening consciousness: what phenomenology, yogic, and Buddhist meditation can contribute from a psychological perspective.",2026,Frontiers in psychology,
41929369,Therapeutic exercise is associated with dose-dependent reductions in acute anxiety across psychiatric diagnoses.,2026,Frontiers in psychiatry,"Acute anxiety is common across psychiatric disorders and may interfere with treatment engagement. Although physical activity is known to improve long-term mental health outcomes, less is known about its immediate associations with anxiety reduction in real-world psychiatric settings. This study examined whether participation in therapeutic exercise sessions is associated with short-term changes in self-reported anxiety and whether greater program participation is related to larger reductions. We analyzed data from 179 adult psychiatric patients participating in a structured therapeutic exercise program including (i) 30-45-minute walking sessions, (ii) stretching/yoga-like sessions, and (iii) 5-10-minute diaphragmatic breathing exercises. Self-reported anxiety was assessed using the GAD-7 questionnaire administered immediately before and immediately after exercise sessions. Non-parametric tests evaluated pre-post changes, and Spearman correlations assessed associations between session counts and anxiety change. Self-reported anxiety scores were significantly lower after exercise sessions (median pre = 3; median post = 2; Wilcoxon P < 0.001). Improvement was observed in 81% of patients. Anxiety reductions did not differ significantly by sex, diagnosis, or age. Greater participation in walking, stretching/yoga, and breathing sessions was associated with larger decreases in anxiety (Spearman ρ = -0.63 to -0.66, all P < 0.001). Because exercise modalities were highly intercorrelated, these findings likely reflect overall program engagement rather than modality-specific effects. In this observational clinical sample, participation in exercise sessions was consistently associated with large, rapid short-term reductions in self-reported anxiety across diagnostic categories. The observed dose-response associations suggest that greater engagement may be linked to larger improvements. However, the absence of a control group and the use of a symptom questionnaire in a session-based format limit causal inference. Controlled trials are needed to determine the extent to which exercise itself, expectancy effects, or contextual factors contribute to these improvements."
41927240,Impact of aromatherapy neck massage on resting cardiovascular parameters in patients with chronic kidney disease and secondary hypertension: A self-controlled study.,2026,Journal of bodywork and movement therapies,"Chronic kidney disease (CKD) is characterized by kidney damage persisting for 3 months or more. Hypertension (HTN) is a common cause of CKD progression. Previous studies had shown that aroma massage can effectively reduce systolic blood pressure (SBP) and diastolic blood pressure (DBP) in HTN patients. However, no study has examined its impact on resting cardiovascular (CV) parameters. Thus, the objective of the study was to evaluate the impact of aromatherapy massage on resting CV parameters in patients with CKD associated with secondary HTN. Thirty participants with CKD-associated secondary hypertension received each of the three sessions in the repeated-measure design: [i] Neem, Ylang-ylang and Frankincense oil (NYF) massage on Day-1, [ii] Neem oil massage on Day-2, and [iii] a control rest session on Day-3. SBP, DBP and pulse rate (PR), Pulse pressure (PP), mean arterial pressure (MAP), rate pressure product (RPP), and double product (Do-P) were assessed immediate pre- and post-session changes (within-session analysis) and average values across sessions were compared (between-session analysis) before and after intervention. The results showed a significant reduction in RPP in NYF and Neem session compared with control with no significant changes in SBP, DBP, PR, PP, MAP and Do-P in between session analysis. Within-session analysis showed a significant reduction in SBP, DBP, PR, PP, MAP, Do-P and RPP in NYF and Neem session, whereas control session showed significant reduction in PR and Do-P with no significant changes in SBP, DBP, PP and MAP. The results of this exploratory study suggest that aromatherapy massage using NYF essential oil may induce short-term within-session reductions in resting CV parameters and may help reduce CV workload, as reflected by changes in RPP, in patients with CKD-associated secondary hypertension."
41927187,Effect of aroma shiatsu massage therapy on cognitive function in healthy adolescents: A non-randomized controlled trial.,2026,Journal of bodywork and movement therapies,"Cognitive functions are essential to daily life as they encompass the fundamental abilities required for any activity. Despite the importance of cognitive health in adolescents, the effects of aroma shiatsu massage therapy on cognitive function in this age group have not been previously investigated. Thus, the objective of the study was to assess the effect of aroma shiatsu massage therapy on cognitive function in adolescents aged 17-19 years. A total of 100 healthy adolescents were allocated into study group (SG) (n = 50) and control group (CG) (n = 50). The SG underwent a single 10 min session of aroma shiatsu massage therapy on selected acupuncture points, while CG underwent rest in sitting position for 10 min. Audio reaction time (ART), Visual reaction time (VRT) and Critical flicker fusion frequency (CFFF) were assessed before and immediately after the intervention. Within-group differences were analyzed using the Wilcoxon Signed Ranks Test, and between-group differences were assessed using ANCOVA. Results of the study showed a significant reduction in ART and VRT (p < 0.05 for both) with no significant changes in CFFF (p = 0.785) in SG, whereas CG showed a significant reduction in VRT (p < 0.05) with no significant changes in ART (p = 0.991) or CFFF (p = 0.648). Moreover, the between group analysis showed no significant change in CFFF, ART and VRT. A single 10 min session of aroma shiatsu massage therapy showed significant cognitive improvements within the treated group, but these were not significantly different from the control group. However, larger, longer-term studies are needed to confirm these findings."
41927179,Co-occurrence of Yoga and EMG in scientific literature: A bibliometric analysis.,2026,Journal of bodywork and movement therapies,"Yoga is widely practiced for integrating the mind, body, and spirit that ensures mental and physical well-being. The main aim of this bibliometric study was to investigate the intersection of Yoga and electromyographical analytical research facts by using established bibliometric techniques. This bibliometric analysis was conducted on articles discussing Yoga and EMG, utilizing the PubMed database as the primary source to examine facts and key areas of focus within the scientific literature. A comprehensive search from 2013 to 2023 yielded 135 relevant articles, further, the analysis employed keyword co-occurrence to map research trends and intellectual structures within this domain. The Data cleaning procedures were also applied to address the errors, and VOS viewer 1.6.20 software was used to visualize relationships between key terms. This bibliometric analysis was revealed a significant insight of ""Yoga,"" and ""Muscle Activity,"". Moreover, the findings of this study were indicated the ""Humans"" as keyword which was occurred maximally i.e., 135 counts with 934 as total link strength and ""Respiratory Muscles"" was occurred minimal i.e., 5 counts with 27 as total link strength respectively. Further, ""The Journal of Bodywork and Movement Therapies"" was reported the leading position journal by publication count i.e., 23 and ""Archives of Physiotherapy"" was reported the last position journal by publication count i.e., 01. Moreover, comprehensive network visualization mapping clusters were emphasized thematic areas i.e., 1) physiological aspects (exercise modalities, age categories, electromyography, muscle analysis, muscle responses during yoga practice), 2) psychological and therapeutic outcomes (quality of life, depression, anxiety, and clinical exercise therapy-showcasing the therapeutic breadth studied in yoga research), 3) demographic and clinical dimensions (female and aging populations, specific conditions - urinary incontinence and pelvic floor health, indicating an interest in population-specific interventions, and 4) physiological and fitness-related measures (blood pressure, heart rate, longitudinal studies, and risk factors, thereby linking yoga practice to metabolic and cardiovascular health outcomes). Findings were also indicated the year-wise studies on yoga and muscle activation, and the year 2014 and year 2021 were exhibited its peak respectively, and year 2015 and 2017 were exhibited its decline respectively. Present analysis finds the trend areas in scientific literature of yoga and muscle activity i.e. Yoga, Humans, Male, Electromyography, and Muscle Strength offering insights into its intellectual landscape and the evolving focus on Yoga therapeutic benefits."
41927024,Yoga in Fibrosing Interstitial Lung Diseases: a Feasibility Trial.,2026,"Pneumologie (Stuttgart, Germany)","Physical activity and quality of life (QoL) are reduced in patients with fibrosing interstitial lung diseases (fILD). Our aim was to assess the feasibility of a yoga intervention and an initial evaluation of effectiveness.Patients with fILD were randomized between yoga (2×/week, 12 weeks, n=9) and surveillance (n=7). The primary endpoint was change in QoL. Following the feasibility approach, we used a mixed method approach for assessing QoL. Qualitative data were collected in focus group interviews, quantitative data through established QoL questionnaires (K-BILD, HADS, LCQ, VAS) at baseline and at 12 weeks.Baseline characteristics in the yoga vs. surveillance groups were: median age 65 vs. 71 years, female 44% vs. 14%, forced vital capacity (FVC) 68% vs. 78%. The average participation rate was 82% and there was no evidence of a medical safety risk. After 12 weeks, there were no significant differences in FVC. However, results showed significant differences for K-BILD total and dyspnea score (p<0.05) favoring yoga, while HADS, LCQ and VAS showed no differences. Post intervention, health-related improvements and transfer of yoga practices into daily life to overcome dyspnea sensation were perceived as main benefits.The results suggest that yoga is feasible for patients with fILD. Moreover, yoga for fILD might be associated with significant benefits in QoL. Data interpretation is limited by imbalances in patient characteristics and small numbers due to its feasibility approach. However, this study provides valuable preliminary insights about acceptability, safety, and preliminary efficacy."
41926115,"Efficacy, Safety, and Functional Outcomes of Yoga Therapy in Diabetic Peripheral Neuropathy: A Systematic Review.",2026,Advances in mind-body medicine,"Diabetic peripheral neuropathy (DPN) is a common and debilitating complication of type 2 diabetes mellitus, affecting up to 50% of patients. Standard pharmacological treatments offer limited relief and do not address the underlying pathophysiology. Yoga is a mind-body practice combining physical postures, breathing techniques, and meditation, which has demonstrated potential benefits in improving metabolic parameters and psychological well-being in DPN. Emerging evidence suggests yoga may also improve functional outcomes and alleviate symptoms in individuals with DPN. This systematic review aimed to evaluate the safety, efficacy, and clinical relevance of yoga in the management of DPN. Following PRISMA guidelines, a comprehensive search of MEDLINE/PubMed was conducted from inception to May 19, 2025, with Google Scholar searched as a supplementary source to enhance completeness. Eligible studies included published randomized controlled trials, crossover trials, quasi-experimental studies, and single-group pre-post studies assessing the effect of yoga in DPN. This systematic review included seven studies: four RCTs, one quasi-experimental study, and two single-group pre-post studies. Studies were screened and reviewed independently by two authors. This systematic review included seven studies comprising a total of 227 participants. Yoga interventions ranged from 8 to 12 weeks. Patients with DPN reported improvements in neuropathic pain, balance, lower-limb strength, gait speed, and quality of life. No serious adverse events were noted. Yoga may be recognized as a safe and potentially effective adjunct therapy in improving symptoms and function of individuals with DPN. However, variability in study design, small sample sizes, heterogeneity in interventions and the overall high risk of bias in included randomized controlled trials, limited the ability to draw firm conclusions. Hence, larger, high-quality trials are recommended to validate the effect of yoga in DPN along with the underlying mechanisms. CRD420251241345. Balance, diabetic peripheral neuropathy, gait, neuropathic pain, quality of life, systematic review, yoga."
41925375,"Plants as silent teachers: bridging plant biology, human physiology, and eastern traditional practices through molecular insights.",2026,Plant signaling & behavior,"Plants lack a centralized nervous system, yet they exhibit sophisticated capacities for environmental perception, communication, stress adaptation, and forms of physiological memory. Increasing experimental evidence indicates that many of the molecular mechanisms underlying these processes-such as reactive oxygen species (ROS) signalling, calcium fluxes (Ca<sup>2+</sup>), nitric oxide (NO) pathways, mitogen-activated protein kinase (MAPK) cascades, and epigenetic regulation-are conserved across biological kingdoms. In this perspective article, we examine how plant systems, particularly <i>Arabidopsis thaliana</i>, may serve as experimentally tractable models for investigating conserved stress-related signalling processes that also operate in human physiology. We further review evidence for plant communication through volatile organic compounds, acoustic vibrations, bioelectrical signalling, and mechanical cues, highlighting mechanistic parallels in signal perception and response integration. Building on these shared molecular nodes, we cautiously explore whether plant-based experimental platforms could be used to test environmental variables-such as sound exposure, rhythmic mechanical stimulation, and oxygen-related modulation-that are also relevant to certain contemplative or lifestyle practices. This framework is hypothesis-generating rather than confirmatory and warrants further evaluation. It does not imply equivalence between plant and human experience, but instead proposes that conserved biochemical pathways offer a biologically grounded interface for interdisciplinary investigation. By situating traditional practices within measurable molecular parameters, plant systems may contribute to a more rigorously experimental dialogue among plant biology, stress physiology, and integrative health research."
41921919,Feasibility and preliminary effects of a yoga program developed for adults with post COVID-19 condition (Breathe Easy): Pilot randomized controlled trial.,2026,Complementary therapies in medicine,"Effective medical management of post COVID-19 condition (post COVID) remains challenging. Symptoms are heterogenous, debilitating, and impact health-related quality of life (HR-QoL). Complementary treatments are needed that can be self-managed and improve health. Yoga is a promising strategy that may help reduce post-COVID symptoms but remains understudied. We co-designed a unique yoga intervention for adults with post COVID and evaluated its feasibility and preliminary effects. Two-group parallel, pilot randomized controlled trial with blinded follow-up. Participants were randomized (1:1) to the 12-week yoga program or a health promotion (HP) intervention. All participants received usual medical treatment for post COVID. Twenty-nine participants aged 30-65 years were recruited and randomized (86% follow-up). The primary outcome was feasibility and the secondary outcome was HR-QoL (SF-36). Data were analysed as intention-to-treat using linear mixed modelling. The trial was prospectively registered and approved by the Swedish Ethical Review Authority (2023/06518-01). Through a consensus development process involving yoga experts in India and Sweden, post COVID researchers, and patient advocates, we successfully co-designed and pilot tested a yoga program developed for adults with post COVID. The intervention was feasible with high adherence (≥2 sessions/week = 65%; ≥1 session/week = 95%) and no serious adverse events reported. Preliminary (underpowered) analyses showed no pre-to-post intervention group differences (SF-36 physical health: B = -1.30, 95% CI = -3.60, 1.00, p = .269; mental health: B = 3.49, 95% CI = -0.06, 7.04, p = .054). Participation in a yoga program developed for patients with post COVID was feasible. Adequately powered trials are needed to assess whether yoga may help to improve symptoms associated with the condition."
41918993,G.A study protocol for a randomized controlled trial investigating the influence of Iyengar Yoga on biofunctional age and cardiovascular risk associated biomarker of postmenopausal women.,2026,Frontiers in global women's health,"Previous research has shown that women aged 45-54 experience a significantly faster rate of biological aging compared to the preceding or following decade. Exactly in this period of life women will experience the menopause. Menopause is defined as the last menstrual period in a women's life and is diagnosed retrospectively after 12 month of amenorrhea. The menopausal transition is associated with a reduced overall well-being. Practicing yoga has demonstrated beneficial effects on cardiovascular risk factors such as BMI, lipid profile, HbA1c, thus contributing to better overall well-being. Therefore, yoga may represent a promising intervention to support healthy aging in postmenopausal women and may positively influence cardiovascular-related biomarkers. The primary objective of this study is to assess the effect of Iyengar Yoga on the biofunctional age (BFA) of postmenopausal women, assessed using the biofunctional status (BFS). The secondary objectives are to evaluate its impact on the frequency of hot flushes, high-sensitivity C-reactive protein (hsCRP) levels, and oxidative stress. This paper describes the study protocol of a monocentric, randomized, controlled, open-labeled, two-arm, interventional study conducted at the University Hospital of Bern, Switzerland. A total of 72 postmenopausal women will be randomly assigned to either an intervention group or a control group. Participants in the intervention group will attend a 90-minute Iyengar yoga class once per week for 12 weeks, guided by a certified instructor. Additionally, they will perform two 45-minute home-based yoga sessions per week, including postures and relaxation techniques. The control group will not receive any intervention during this period. This protocol describes a randomized controlled trial evaluating whether Iyengar Yoga can reduce the biofunctional age (BFA), calculated using the BFS, of postmenopausal women aged 45-54 years in 12 weeks. Furthermore, yoga practice may have a positive impact on cardiovascular risk factors and overall vitality. The study has been registered at Clinicaltrials.gov (Identifier: NCT04705623) on December 30, 2020. https://clinicaltrials.gov/study/NCT04705623."
41914456,"Effects of a self-care-based education and laughter yoga on chronic stress, menopausal symptoms, and salivary cortisol: A randomized controlled trial.",2026,African journal of reproductive health,"Menopause and its symptoms significantly affect women's physical, psychological, and social well-being, often resulting in chronic stress. Education based on the self-care model's three components-maintenance, monitoring, and management-combined with laughter yoga, a proven stress-reducing practice, may effectively aid in managing menopausal symptoms and stress. This randomized controlled trial investigated the impact of a menopause education program grounded in the self-care model and integrated with laughter yoga on menopausal symptoms, perceived stress, coping styles, and salivary cortisol among postmenopausal women. Sixty-four participants were randomly assigned to either an intervention group (n=32) or a control group (n=32). Data were collected using a Descriptive Information Form, the Perceived Stress Scale, the Menopause Symptoms Assessment Scale, the Coping Styles Inventory, and salivary cortisol measurements. After the intervention, significant improvements were observed in the intervention group's scale scores and salivary cortisol levels compared to the control group (p=0.001). The program successfully alleviated menopausal symptoms and reduced stress, with lower cortisol levels indicating positive physiological adaptation. Primary healthcare nurses are encouraged to integrate self-care-based education and affordable stress-reduction methods, such as laughter yoga, into menopausal counseling. Future studies with larger samples and extended follow-up periods are recommended to confirm these results."
41908281,"Yoga, sexual dysfunction, and female concussions: a mind-body pilot intervention.",2026,Frontiers in neurology,"Sexual wellbeing is a key part of health and should be included in concussion recovery. While yoga can improve concussion outcomes, its effects on sexual wellbeing in women with post-concussion symptoms are unclear. We aimed to evaluate the feasibility (Aim 1) of a brain injury-tailored yoga program, and its impact on sexual function (Aim 2a) and mood correlates-depression, anxiety, PTSD (Aim 2b)-in women aged 18+. We also assessed sustainability (Aim 3) and acceptability/ participant satisfaction with the intervention (Aim 4). Participants were recruited from PINK Concussions, a social media support network for female concussion patients with symptoms lasting at least 1 month. Twelve participants were enrolled in a 6-week yoga program, and an additional 15 were assigned to a wait-list control condition. Participants received a self-report survey 1-week post- yoga intervention (week 7) and 5 weeks post-intervention (week 11). All participants were yoga novices, defined as practicing yoga once a month or less. Sessions were held over Zoom and led by a certified yoga instructor. The Female Sexual Functioning Index-6 (FSFI-6) was used to assess sexual dysfunction. Participants also completed measures of depression (PHQ-9), anxiety (GAD-7), and PTSD (PCL-5). We used difference in differences estimates to calculate the average treatment effects, and the counterfactual means of the intervention group. We also used Glass' Delta (<i>Δ</i>) to calculate effect sizes. (Aim 1) Fifty-seven eligible women expressed interest in the yoga program. Invitations were sent in two batches to limit sessions to 15 participants. For Group 1 (Yoga group), 27 women were invited; 16 (59%) confirmed interest, and 12 enrolled after exclusions due to scheduling constraints. Attendance varied, with 6/12 (50%) completing ≥3 sessions; 5 of these 6 (83%) completed both week-7 and week-11 follow-up surveys. For Group 2 (wait-list controls), 34 women were invited, including those unable to attend Group 1. 15 (44%) confirmed participation, and 11 (73%) completed both follow-up surveys. Outcomes were compared between the yoga and wait-list control groups. At 1-week post-yoga intervention (Aims 2a and 2b), participants reported substantial improvements in their sexual functioning and mood symptoms. Effect sizes: large for sexual function (<i>Δ</i> = -0.50), medium for anxiety (-0.30), small for PTSD (-0.15) and depression (0.05). At 5 weeks (Aim 3), scores declined slightly but stayed above baseline. Sexual function retained a medium effect size (-0.34). All other domains had small effect sizes. Acceptability was high, with mean satisfaction scores of 8.7/10 (Aim 4). Using open-ended text boxes, participants commented on the intervention's impact on their mental health, physicality, social connection/isolation/belonging; and provided suggestions for improvement. Yoga has the potential to improve women's sexual functioning after concussion and offers a non-pharmacological alternative for treating mood and other important correlates of women's sexual well-being. Larger randomized trials are needed."
41907996,Impact of heartfulness meditation on psychophysiological parameters among medical students.,2025,Bioinformation,"The shift from school to medical college is a demanding phase, during which many first-year MBBS students encounter stress, emotional strain and physiological imbalance that can hinder academic performance and personal well-being. In response, the Indian National Medical Commission has integrated yoga and meditation practices into the Foundation Course under the Competency-Based Medical Education framework to promote resilience and holistic growth. Hence, a cross-sectional observational study was conducted at GSVM Medical College, Kanpur, across five student cohorts, where participants engaged in a single 20-25-minute Heartfulness meditation session with yogic transmission. Following the intervention, nearly 90% of students experienced deep relaxation and statistically significant reductions (p < 0.001) in pulse and respiratory rates were observed, indicating immediate physiological and psychological benefits."
41907959,Management of type 2 diabetes mellitus using Yoga: Implications for immunological and autonomic dysfunction.,2025,Bioinformation,"Type 2 diabetes mellitus (T2DM) is characterized by chronic hyperglycaemia, insulin resistance and β-cell dysfunction, leading to systemic inflammation and autonomic nervous system impairment. Diabetic autonomic neuropathy and cardiac autonomic neuropathy significantly increase risks of cardiovascular morbidity and mortality. Metabolic disturbances such as oxidative stress, polyol pathway activation and AGEs contribute to progressive neuronal and microvascular injury. Emerging evidence shows that yoga improves glycaemic control, autonomic balance and neuro-endocrine functioning in individuals with T2DM. Thus, we show that yoga as a complementary therapeutic approach to mitigate neuro-immunological dysregulation and enhance cardiovascular health in T2DM."
41907889,Effect of parents' on menstrual hygiene in rural India.,2025,Bioinformation,"Parent's education on menstrual hygiene affects the practices of girls especially in the rural areas. Therefore, it is of interest to explore the relationship between parental and menstrual hygiene practices in rural areas of Etawah, Uttar Pradesh, India. Hence, a cross-sectional study was conducted among 165 school-going girls aged 10-19 years in rural Etawah. No statistically significant association was found between parental education and access to menstrual hygiene products or challenges faced. Inadequate hygiene facility was high among all groups irrespective of parent's education. Thus, we show that parental education alone does not significantly impact menstrual hygiene practices in this rural setting."
41907677,How recreational therapies impact physiological and psychosocial outcomes in cancer patients: a review.,2026,Oncology reviews,"Recreational Therapies (RecT) (e.g., art, dance, music, yoga, aromatherapy, Virtual Reality) are non-invasive interventions capable of enhancing the biopsychosocial wellbeing in patients, targeted to regenerate the existential dimensions of illness experience. While widely appreciated for their positive impact on quality of life, the specific biological and psychological mechanisms through which RecT exert their benefits remain underexplored in oncology. This review maps and critically discusses current evidence on the clinical impact of RecT across various stages of cancer and types of interventions, with a particular focus on targeted outcomes such as cortisol modulation, heart rate regulation, immune response, depression, anxiety, coping skills, and social support. Moreover, the review highlights how RecT may contribute to the mitigation of treatment-related side effects, including nausea, fatigue, and sleep disturbances. By synthesizing recent findings, we provide a comprehensive framework for understanding the role of RecT as integrated, evidence-informed components for oncology rehabilitation during and after therapy. This work aims to support the design of more personalized and effective supportive care strategies that resonate with patients' values and enhance treatment adherence, resilience, and overall health."
41903321,The design and validation of a complementary yoga therapy module based on patient-reported survey outcomes for migraine headache.,2026,Journal of clinical neuroscience : official journal of the Neurosurgical Society of Australasia,"Migraine is a neurological disorder and the second leading cause of years lived with disability (YLD). It is associated with a diverse range of comorbidities and impacts 1 billion people worldwide. The present study was undertaken to design and validate a yoga module to support migraine management. A survey of 66 migraine patients and a comprehensive review of yoga texts and scientific literature were conducted to understand migraine-related pathology, causes, symptoms, and current treatments. To establish the scientific validity and relevance of the selected yoga practices to be incorporated in the module, content validation was carried out through a standard evaluation method, followed by a pilot feasibility analysis.40 subject matter experts validated the module using a Likert scale. A content validity ratio (CVR) of 0.29 was considered a minimum for inclusion of the practice. The final yoga module consisted of a total of 21 practices, each with a 45-minute duration. The module was found to be safe and easy to implement in the daily routine after the pilot feasibility exploration study was done with 6 migraine patients who underwent 2 weeks of intervention. The study developed and validated a yoga module based on survey outcomes, contemporary scientific literature, and ancient texts. The module's feasibility has demonstrated its safety and adaptability. This study effectively combines conventional methods with a contemporary scientific viewpoint to improve migraine outcomes. This Yoga module, thus designed, can be potentially used in the clinical setting as an adjunct to conventional migraine treatment."
41897200,Mind-Body Medicine Training for Incarcerated Men and Women.,2026,"Healthcare (Basel, Switzerland)","<b>Background/Objective:</b> Mind-body programs teaching mindfulness-based techniques have benefits for incarcerated people, as do programs in which individuals teach yoga to their incarcerated peers. However, there are no studies of comprehensive programs that combine a variety of self-care techniques with group support and enable people in prison to enhance their own well-being and then share what they have learned with their peers. This study evaluated the effects of such a training program in the United States. <b>Methods:</b> Thirty-eight incarcerated men and women began the 8-day mind-body medicine training and 31 completed the training. Mind-body techniques taught included soft belly breathing, meditation, autogenics and biofeedback, guided imagery, mindful eating, self-expression through drawings and writing, and genograms. Outcomes included resilience, depression, anxiety, stress, coping self-efficacy, optimism, meaning in life, and purpose in life. Outcomes were measured before and after the training, and at a 6-month follow-up. <b>Results:</b> There were significant improvements in resilience, depression, anxiety, stress, coping self-efficacy, optimism, the presence of meaning in life, and purpose in life after the training. All of these improvements were maintained at follow-up. The most frequently practiced skills both after the training and at follow-up were soft belly breathing, meditation, and mindful eating. <b>Conclusions:</b> The training provided participants with skills that had a lasting positive benefit on numerous aspects of their own well-being and trained them to teach the skills to their incarcerated peers. The results of this uncontrolled study suggest that the mind-body medicine training program may be helpful to incarcerated people in other prison systems."
41892751,Mind-Body Movement-Based Interventions and Periodontal Health: A Scoping Review.,2026,Dentistry journal,"<b>Background</b>: Periodontitis is a highly prevalent chronic inflammatory disease characterized by a complex host-microbe interaction and modulated by systemic regulatory pathways, including stress-related neuroendocrine and immunological mechanisms. Mind-body movement-based interventions such as yoga, tai chi, and qigong have demonstrated beneficial effects on stress and inflammation in general medicine, yet their relevance for periodontal health has not been systematically mapped. <b>Methods</b>: A scoping review was conducted in accordance with the Joanna Briggs Institute methodology and the PRISMA-ScR guidelines. Eligibility criteria included studies conducted in adult human participants examining mind-body movement-based interventions in relation to periodontal health. Sources of evidence comprised peer-reviewed studies identified through systematic searches in CINAHL, BIOSIS, Embase, PubMed/MEDLINE, the Cochrane Library, Web of Science, and LIVIVO. Data were charted using a standardized extraction form capturing key study characteristics and outcomes. Eligible studies reported clinical periodontal parameters and/or biological or psychosocial outcomes related to stress or inflammation. <b>Results</b>: Eleven studies investigating mind-body movement-based interventions and periodontal health were included. Interventions comprised yoga, pranayama, tai chi, and qigong, with study designs ranging from one randomized controlled trial to non-randomized interventional and observational studies. Most studies reported clinical periodontal parameters and/or periodontal-related biological markers, including inflammatory, oxidative, and immune markers, and several also assessed stress-related outcomes. The interventions were applied both as adjuncts to conventional periodontal therapy and as stand-alone approaches. Overall, the included studies reported short-term changes in periodontal parameters and stress-related measures that were generally directed towards associated with improvement; however, long-term periodontal outcomes were rarely assessed. <b>Conclusions</b>: Mind-body movement-based interventions, such as yoga and pranayama, have been examined in relation to periodontal health, with studies reporting periodontal clinical parameters, biological markers, and stress-related outcomes. The available evidence is heterogeneous and largely limited to short-term observations. Further methodologically rigorous studies with standardized outcome measures and longer follow-up periods are needed to better characterize the relationship between mind-body interventions and their potential adjunctive relevance in periodontal care, as current evidence does not allow conclusions regarding their routine adjunctive use."
41892658,Inducing Lucid Dreaming Based on a Contemplative Practice of Compassion.,2026,Brain sciences,"Lucid dreaming-dreaming with the awareness that one is dreaming-has been explored from many perspectives, including those of cognitive neuroscience and various ancient cultural traditions. Lucid dreaming appears within the Tibetan-Buddhist literature together with dream yoga, a set of contemplative practices aimed at cultivating lucidity during dreams along with other qualities such as visual imagination, somatic awareness, and cognitive flexibility. These practices include deity visualization, which is the practice of bringing to mind a detailed image of a being whose qualities the practitioner wishes to cultivate. We examined whether it is possible to induce a lucid dream of Chenrezig, the ultimate embodiment of compassion in a Tibetan-Buddhist context. Five participants slept in the sleep laboratory for 7 overnight sessions with polysomnographic recording and auditory reminders to visualize Chenrezig during REM sleep. Lucid dreams were reported by two participants. A frequent lucid dreamer with no prior Tibetan-Buddhist training experienced a lucid dream that included a visualization of Chenrezig following auditory cueing during REM sleep. A monastic participant with no prior history of lucid dreaming reported their first-ever lucid dream on the night following their laboratory session. This exploratory study illustrates, via collaborative research including monastic scholars trained in neuroscience, that dream content can be intentionally shaped using an approach that integrates contemplative visualization practices with modern techniques of dream engineering."
41890458,Lung Function and Health Parameters in Children With and Without Visual Impairment: A Study Protocol for a Two-Phase Study of Comparative Assessment and Randomized Controlled Yoga Intervention.,2026,Cureus,"Background Lung function, a key indicator of physical fitness, is underexplored in children with visual impairment (VI) compared to sighted peers. Although physical activity is known to enhance respiratory function and psychological well-being, children with VI face multiple barriers to participation. This study aims to assess lung function and other health parameters in children with and without VI and to evaluate the effectiveness of yoga in improving these outcomes. Methodology The study will be conducted in two phases. Phase one involves a cross-sectional comparative assessment of lung function, autonomic function, muscular performance, postural alignment, and psychological health in children aged 11-18 years with and without VI. Phase two is a randomized controlled trial evaluating the impact of a 12-week yoga intervention on these outcomes in children with VI. Results The study is expected to generate comprehensive data on physical, physiological, and psychological health parameters in children with and without visual impairment. It will also evaluate the potential of a 12-week yoga intervention to improve these outcomes in visually impaired children. Conclusions This study will provide evidence on health disparities associated with VI in children and assess the role of yoga as a holistic intervention to enhance their overall well-being."
41889607,Integrated comprehensive care in short-stay psychiatric units: a yoga-based adjunctive intervention and its association with wellbeing and patient satisfaction.,2026,Frontiers in public health,"The treatment of patients in Short-Stay Psychiatric Units (SSPUs) requires a holistic approach that promotes overall health, enhances patients' personal resources, and supports adaptation to daily life, thereby contributing to a more humane inpatient experience. The role of mental health professionals must extend beyond a traditional symptom-focused approach, with the therapeutic relationship grounded in empathy to provide a safe and trusting environment that enables patients to enhance self-confidence and actively engage in recovery. Preliminary evidence suggests yoga may improve functional outcomes and hospitalization experience. This study examined the differential effect of a yoga intervention implemented as an adjunct to comprehensive patient care in the SSPU of the Insular Maternal and Child University Hospital Complex of Las Palmas de Gran Canaria, Spain. The sample comprised 100 patients (52 in the experimental group and 48 in the control group) who completed the Distress Thermometer, the EuroQoL EQ-5D-5L Health Questionnaire, the Client Satisfaction Questionnaire (CSQ-8), and an open-ended questionnaire assessing treatment satisfaction. Statistically significant improvements were observed following the comprehensive intervention, including reductions in perceived stress and health and functional problems, as well as improvements in self-rated overall health. At the between-group level, the experimental group showed significantly greater improvement in the self-care dimension of the EuroQoL EQ-5D-5L and higher overall treatment satisfaction on the Client Satisfaction Questionnaire. Patients' qualitative descriptions characterized yoga as a beneficial component of care, contributing to relaxation, emotional regulation, feelings of peace and safety, and improved communication and empathy. Co-occurrence analysis suggests that these experiences, together with body awareness, are closely interrelated, reflecting experiential patterns rather than distinct therapeutic mechanisms. This study shows that integrating a yoga-based intervention into comprehensive inpatient care is feasible, well-received, and valued by patients, supporting its potential as a complementary therapeutic activity."
41888066,Effects of Yoga-Based Interventions on Quality of Life and Psychosocial Variables in Caregivers: Systematic Review and Meta-Analysis.,2026,Rehabilitation nursing : the official journal of the Association of Rehabilitation Nurses,"This meta-analysis investigated the effects of yoga-based interventions on caregiver quality of life and psychosocial variables. This study was conducted as a systematic review and meta-analysis. A comprehensive literature search was conducted through September 2024 across Web of Science, CENTRAL, PubMed, and MEDLINE, identifying 926 records. After duplicate removal, 658 studies were screened by title and abstract, and 35 articles underwent full-text assessment. After exclusions due to reporting issues, insufficient data, or irrelevant outcomes, 12 studies were ultimately included in the meta-analysis. This meta-analysis demonstrated that yoga-based interventions were associated with a significant reduction in caregivers' anxiety [standardised mean difference (SMD)=-0.99, p=.003], depression (SMD=-0.69, p=.002), and stress levels (SMD=-0.35, p=.028). In addition, yoga-based interventions led to a significant improvement in psychological quality of life (SMD=0.82, p<.001) and overall quality of life (SMD=0.88, p=.007). In contrast, yoga-based interventions did not show a statistically significant effect on caregiver burden, physical quality of life, social relationships, or financial status (p>.05). Nurses may recommend yoga-based interventions to caregivers as a way to support their mental health, psychosocial well-being, and quality of life. Yoga-based interventions were effective in improving the quality of life and psychosocial variables among caregivers."
41887454,Cost-effectiveness of yoga vs. strengthening exercise for treating knee OA: Evidence from a randomized controlled trial.,2026,Osteoarthritis and cartilage,"This study aims to evaluate the cost-effectiveness of yoga vs. strengthening exercise for people with knee OA. A cost-utility analysis was conducted alongside a randomized controlled trial. Participants with symptomatic knee OA were randomized to 12 weeks of yoga or strengthening exercise. Costs were assessed from both societal and healthcare perspectives, including healthcare utilization, intervention delivery, medications, equipment, transport, and productivity losses. Health-related quality of life was measured using the EQ-5D-5L to calculate quality-adjusted life years (QALYs). Incremental costs and effects were estimated using seemingly unrelated regression with multiple imputation. The primary outcome was the incremental cost-effectiveness of the two interventions. Uncertainty was assessed through bootstrapping, and cost-effectiveness acceptability curves were generated. A total of 117 participants (mean age 62.5 years; 73% female) were randomized to yoga (n = 58) or strengthening exercises (n = 59). Over 3 months, yoga was associated with slightly lower societal costs (mean difference AUD$-129.1 (95% CI -257.3 to -0.8) and marginally higher QALYs (0.004, 95% CI -0.01 to 0.02). Results were similar from the healthcare perspective (cost difference AUD$-97.6; 95% CI -140.5 to -54.8). The probability that yoga was cost-effective at a willingness-to-pay threshold (WTP) of AUD$50,000 per QALY was 79% from a societal perspective and 77% from a healthcare perspective. A 3-month yoga program for knee OA was non-inferior to strengthening exercise and is likely to be cost-effective. Longer-term studies are needed to confirm sustainability and broader value. We anticipate that these findings will contribute further insights and add to the evidence base regarding the potential role of yoga as an alternative exercise modality in clinical practice for the management of knee OA."
41886938,Effectiveness of yoga training program as a pre-exercise activity on sport anxiety and athletic mental energy in adolescent football players.,2026,Acta psychologica,"This study examined whether embedding a brief pre-exercise yoga routine into warm-ups relates to lower sport anxiety and higher athletic mental energy in Chinese adolescent football players, and whether these links operate through mindfulness in sport and vary by weekly training load. In a multi-site sample (N = 468; Wuhan, Hangzhou, Nanjing, Xi'an), athletes completed validated instruments: Sport Anxiety Scale-2, Athletic Mental Energy Scale, Mindfulness Inventory for Sport, Yoga Self-Efficacy Scale, and a short form of interoceptive/body awareness; pre-exercise yoga engagement was modeled formatively (frequency, duration, adherence, intensity), and weekly training load was indexed as seven-day session-RPE × minutes. SmartPLS (v4) was used for PLS-SEM with 5000 bootstraps. The measurement model showed strong reliability and validity (composite reliability ≥0.91; AVE ≥ 0.58; HTMT <0.85; Fornell-Larcker satisfied; full-collinearity VIFs <3.3). Pre-exercise yoga practice was also linked with reduced sport anxiety (β = -0.16, p = 0.003), and increased athletic mental energy (2 = 0.14, p = 0.005); yoga self-efficacy was more strongly linked (2 = -0.20, and 2 = 0.24, both p = 0.001), and lower interoceptive/body awareness was more weakly correlated (2 = -0.11 and 2 = 0.12, both = 0.027). The indirect relationships between the predictors and the outcomes of mindfulness in sport were also significantly large, which is in line with the hypothesized mechanistic pattern. The weekly training load moderated a number of engagement and self-efficacy associations (|human| > Some associations between them were stronger under heavier load (=0.07-0.09, p = 0.048). These results indicate the existence of warm-up-compatible, formatively specified yoga exposure and practically significant load boundary, yet are still consistent with the cross-sectional design of the study… Demographic covariates were non-significant. The study's novelty lies in a warm-up-compatible, formatively specified yoga exposure, a single mechanistic mediator, and a practical load boundary, offering a scalable pathway to reduce anxiety and enhance mental energy without extending training time."
41886935,Effects of different exercise interventions on cognitive function in patients with breast cancer: A systematic review and network meta-analysis.,2026,Acta psychologica,"Cognitive impairment, often termed ""chemobrain,"" significantly impacts the quality of life in breast cancer survivors. While exercise is a recommended intervention, the relative efficacy of different exercise modalities remains unclear. This study aims to compare and rank the effects of various exercise types on cognitive function in breast cancer patients through a network meta-analysis (NMA). We conducted a systematic review of randomized controlled trials from six databases published up to January 2026. Methodological quality followed Cochrane guidelines, with data analyzed using Review Manager 5.3 and Stata 16.0. Evidence certainty was assessed via GRADE methodology. Nineteen RCTs involving 1440 participants were included. NMA results indicated that mind-body exercise (MBE) [SMD = 0.68, 95% CI: 0.30 to 1.06] and aerobic exercise (AE) [SMD = 0.40, 95% CI: 0.10 to 0.71] significantly improved self-reported cognitive function. SUCRA rankings identified MBE as the most effective intervention (88.4%), followed by multi-component exercise (ME) (69.2%) and aerobic exercise (AE) (55.5%). Subgroup analysis suggested that Yoga and Baduanjin were the primary contributors to the efficacy of MBE. Regarding cognitive domains, exercise significantly enhanced executive function [SMD = -0.35, 95% CI: -0.56 to -0.13, P = 0.002] and reduced cognitive fatigue [SMD = -0.22, 95% CI: -0.41 to -0.03, P = 0.02], whereas no significant effect was found for memory function [SMD = 0.11, 95% CI: -0.63 to 0.84, P = 0.77]. MBE and AE are effective interventions for mitigating cognitive decline in breast cancer patients, with MBE showing the highest probability of being the optimal intervention. Future research should prioritize large-scale, head-to-head trials to refine these rankings and explore objective cognitive assessments."
41886411,Effectiveness of a five-component multimodal intervention on executive function in children with Autism spectrum disorder: A study protocol for a randomized controlled trial.,2026,PloS one,"Autism Spectrum Disorder (ASD) is characterized by persistent deficits in social interaction, communication, and executive functions such as inhibitory control, cognitive flexibility, and working memory. These deficits hinder daily functioning and learning outcomes in children. Exercise-based interventions improve executive function; however, most previous studies have focused on single-modality programs with limited generalizability. This trial aims to evaluate the effectiveness of a structured, five-component multimodal intervention-comprising yoga, aerobic, strengthening, neurocognitive, and music-based mindfulness activities-on improving executive functioning in children with ASD. This assessor-blinded, double-center randomized controlled trial will enroll 130 children aged 4-18 years diagnosed with ASD in Bangladesh. Participants will be randomly assigned (1:1) to either the experimental group receiving the multimodal intervention or a wait-list control group receiving healthy lifestyle guidelines. The intervention will include five supervised sessions per week for 12 weeks, followed by a 12-week follow-up. An additional group of 65 typically developing children will serve as healthy controls. Primary outcomes will assess executive function domains: inhibitory control (Go/No-Go Task), cognitive flexibility (Trail Making Test A-B), and working memory (Corsi Block Tapping Task; Forward and Backward Digit Span). Secondary outcomes include social responsiveness (Social Responsiveness Scale-2) and ASD-related behaviors (Autism Treatment Evaluation Checklist). Outcomes will be evaluated at baseline, 12 weeks, and 24 weeks by blinded assessors. Data will be analyzed using SPSS following the intention-to-treat principle. This trial will address an important evidence gap by evaluating a comprehensive, low-cost, non-pharmacological multimodal intervention targeting multiple domains of executive function in children with ASD. The findings may help clinicians, educators, and policymakers adopt structured exercise-based programs within rehabilitation, school, and community settings. Although limited to two centers, the results could guide future large-scale studies and support the development of standardized multimodal intervention guidelines for ASD. This trial is prospectively registered with the Clinical Trial Registry of India: CTRI/2025/11/096943 [Registered on: 06/11/2025]. Link: https://ctri.nic.in/Clinicaltrials/pmaindet2.php?EncHid=MTQ1NDEy&Enc=&userName=."
41884678,Body Image and Body Awareness Interventions in Chronic Pain: A Systematic Review of Effects on Pain-Related Variables and Emotional Distress.,2026,Journal of pain research,"Growing evidence highlights the high prevalence of body image (BI) and body awareness (BA) disturbances in individuals with chronic pain. Moreover, these constructs appear to play a significant role in pain experience. Despite a growing number of interventions targeting BI and BA in chronic pain populations, no systematic review has synthesized their effects. This systematic review was conducted in accordance with PRISMA guidelines and included 24 randomized controlled trials (RCTs). Studies were identified through four databases (PubMed, APA PsycNET, Scopus, and Web of Science), searched on November 14, 2022, and updated on February 26, 2025. Inclusion criteria were: (1) adults (≥18 years) with chronic pain; (2) BI or BA-based interventions; (3) RCTs; and (4) outcomes assessing BI, BA, pain intensity, disability, interference, catastrophizing, kinesiophobia, or emotional distress. Quality assessment was carried out with The Panacea Project Quality Assessment Tool for Quantitative Studies and the results were synthesized narratively. Most studies involved female participants (20 out of 24 RCTs). The most studied conditions were fibromyalgia (N=8) and chronic low back pain (N=4). Interventions including physical activity (N=4) (e.g. aerobic exercise, dance, Pilates) consistently showed positive effects on BI and pain intensity. Evidence on kinesiophobia, catastrophizing, and emotional distress was limited and heterogeneous. Overall, while BI appears to be a relevant therapeutic target in chronic pain, the evidence remains modest. In contrast, BA-focused interventions yielded more robust effects. Taken together, these findings highlight the effects of interventions targeting body image and body awareness and support their integration into multidisciplinary chronic pain management."
41880825,Comparative effects of nonpharmacological interventions on sleep quality of institutionalized older adults without dementia: A systematic review and network meta-analysis.,2026,Sleep medicine reviews,"Sleep disturbances are common among institutionalized older adults, yet the optimal nonpharmacological intervention remains unclear. We performed a systematic review and network meta-analysis of randomized controlled trials to compare nonpharmacological interventions for sleep quality. Five databases were searched from inception to March 30, 2025. Treatment effects were synthesized using random-effects models, and certainty of evidence was evaluated using the Confidence in Network Meta-Analysis framework. Eighteen RCTs (1208 participants; 12 interventions) were included in the systematic review, with 15 RCTs contributing to the network meta-analysis. Compared with whole-body vibration training, acupressure (MD = -3.47, 95% confidence interval = -5.24 to -1.70), reminiscence therapy (-3.22, -5.42 to -1.02), aromatherapy (-2.78, -4.95 to -0.61), vitality acupunch (-2.63, -4.77 to -0.49), wheelchair-based elastic-band exercise (-2.22, -4.08 to -0.35), and yoga (MD -2.19, 95% CI -4.32 to -0.05) significantly improved sleep quality. Relative to reading, acupressure, reminiscence therapy, and yoga were superior; acupressure also outperformed sham acupressure and regular daily activity. Meta-regression analyses indicated no effect modification by trial country, proportion of female participants, or comorbidity prevalence. Overall, acupressure, reminiscence therapy, aromatherapy, vitality acupunch, wheelchair-based elastic-band exercise, and yoga appear to be a feasible and non-invasive options to improve sleep quality in long-term care settings."
41878119,Non-pharmacological approaches for migraine management: a mini-review.,2026,"Frontiers in pain research (Lausanne, Switzerland)","Migraine is a neurological condition resulting from intricate connections among cerebral excitability, the nervous system, muscular function, and the body's stress response. For various reasons, complementary and non-pharmacological interventions were explored for the management of migraine. We conducted a targeted review of existing research using PubMed. Our search focused on studies that use various non-drug approaches, such as yoga, acupuncture, manual therapy, exercise, and behavioural therapies (e.g., biofeedback, cognitive behavioural therapy), that affect migraine sufferers. Our main goals were to determine whether these methods reduced the frequency of migraines, their duration, or the severity of pain, and to assess any adverse side effects based on high-quality studies, such as randomised controlled trials. The studies we examined consistently showed that these non-drug interventions significantly cut down on how often people get migraines, how severe they are, and how much they disrupt daily life. Practices like yoga improve the autonomic stability, while acupuncture provided lasting relief from headache days. Regular exercise and manual therapy helped reduce muscle tension and headache frequency. Behavioural techniques, such as relaxation training and biofeedback, were particularly effective at helping patients cope with stress and improve their overall function. Importantly, these treatments had very few negative side effects. Evidence from controlled studies indicates that traditional, behavioral, and manual non-pharmacological therapies offer effective, well-tolerated options for migraine management. These therapies may provide a vital alternative or addition to medication, helping us move toward a more personalised and holistic approach to migraine care."
41871229,Evidence-Based Nutritional Management of Menopausal Symptoms: A Pathophysiological Reasoning Approach to Personalized Nutrition Practice.,2026,Journal of the American Nutrition Association,"This case report presents the methodology and the outcomes of a Personalized Nutrition intervention with a menopausal female over seven weeks and two online consultations. The report details the pathophysiological reasoning approach to the patient assessment and the recommendation of interventions with the supporting clinical evidence and learnings. A 47 year old working mother (Patient A) with maternal family history (FH) of osteoporosis (OP), a body mass index (BMI) of 24.2 kg/m<sup>2</sup> and a waist-to-hip ratio (WHR) of 0.86. Patient A had seen her medical practitioner (MP) regarding fatigue, lack of concentration and low mood and was prescribed hormone replacement therapy (HRT). Patient A's sleep and mood remained unstable, and she presented with late afternoon fatigue, lower belly bloating and mild headaches. A chiropractor had diagnosed scoliosis. Patient A was seeking support for energy and bone health. Analysis of dietary recall and frequency data indicated that her current macronutrient intake was contributing to blood sugar imbalance, influencing energy levels and impacting hypothalamic-pituitary-adrenal (HPA) axis function, potentially exacerbated by a change in estrogen levels. A FH of OP encouraged the practitioner to promote bone health. Adjusted macronutrient intake was recommended to support blood sugar balance, increase and sustain energy and promote muscle synthesis. A supplementation plan with regular weight-bearing exercise aimed to support bone mineral density. Caffeine reduction, yoga and meditation to help rebalance the HPA axis. Patient A reported an increase in energy, a reduction in snacking and improved sleep. There was no change to her mood and bloating persisted. Her headaches worsened and the MP prescribed amitriptyline (10 mg) toward the end of the therapy period. Her bone health was not measured. This case provides observational evidence of the potential efficacy of personalized nutrition utilizing pathophysiological reasoning to assess health status, an evidence-based approach to support intervention decisions and coaching skills to embed dietary change."
41870842,Comprehensive Safety Evaluation of Ekangveer Rasa: A Herbo-Metallic Ayurvedic Formulation in Wistar Rats Following Acute and Sub-Chronic Oral Administration.,2026,Biological trace element research,
41867275,A Technical Note on Bibliometric Analysis by Biblioshiny and VOSviewer.,2026,The Indian journal of radiology & imaging,"Bibliometric analysis is a powerful tool for mapping and evaluating scientific research publications across various dimensions. Several databases support bibliometric analysis, such as Web of Science and Scopus. However, these are subscription-based resources, which may limit access in resource-constrained settings. In contrast, PubMed is freely accessible and specifically focused on biomedical literature. However, PubMed offers limited analytics, primarily restricted to article types and year-wise publication trends. Despite the limitations, data from PubMed can help in basic bibliometric analysis. This review article provides a basic technical guide to key methods used in bibliometric analysis. The analysis can be conducted for a research topic (e.g., yoga and mental stress), an institution's research output, a journal's publication trends, or an individual author's contributions. For any bibliometric analysis, two components are essential-data and analysis software. For data source, PubMed was used, and two free-to-use tools-Biblioshiny and VOSviewer-were used for analysis. Basic technical procedures are explained with examples. This guide serves as an introductory resource for those seeking to perform bibliometric analysis using freely available tools and data sources."
41867132,Utilization of Complementary and Alternative Medicine Among Patients with Cancer: A Cross-Sectional Study.,2026,"Inquiry : a journal of medical care organization, provision and financing","The use of complementary and alternative medicine (CAM) is rapidly increasing for various non-communicable diseases, including cancer, presenting a complex challenge. However, few studies have examined CAM utilization in Nepal. A cross-sectional, quantitative, descriptive study design was conducted in a cancer-specialized hospital in Nepal to determine the use of CAM using a 29-item survey questionnaire designed to collect data on demographic and clinical characteristics and CAM utilization practices, based on the existing literature. Descriptive statistics and multivariate binary logistic regression were conducted in SPSS version 29 to identify significant influencing factors, with <i>P</i>-values < 0.05 considered statistically significant. Out of 101 participants, more than half (56.4%) used it for over a year. The commonly observed CAM was naturopathy and herbal products (such as <i>amala, tulushi</i>, aleovera, barley & wheat grass) (53.4%) and dietary supplements (43.6%). Majority of CAM users perceived it as effective (88.1%) and helpful in mostly alleviating nausea (76.4%). In multivariate analysis, only the use of yoga and meditation was independently associated with planning to continue CAM use (AOR: 8.939; 95% CI: 1.68-47.567). Majority of the patients with cancer were using CAM for more than a year, with naturopathy and herbal products among the highest modalities of CAM. The prolonged use of CAM among patients underscores the need to further educate patients on its long-term consequences, along with patient safety."
41864708,Emotional management interventions for nursing students: A systematic review and network meta-analysis of randomized controlled trials.,2026,Archives of psychiatric nursing,"Nursing students exhibit a high prevalence of anxiety and depression, which negatively affect their well-being. This study aimed to compare the effects of various emotional management interventions to identify the optimal strategies for this population. A systematic search of the Cochrane Library, ProQuest, Embase, PubMed, and Web of Science was conducted from the inception of each database to January 19, 2025, using keywords such as ""nursing students,"" ""stress,"" and ""anxiety."" The ROB2 tool was used to assess the quality of the included studies (22 trials, 1946 participants). Primary outcomes (stress scores) and secondary outcomes (anxiety and depression scores) were analyzed using random- or fixed-effects models in R software. Standardized mean differences (SMDs) with 95 % credible intervals (CrIs) were calculated. The surface under the cumulative ranking curve (SUCRA) was employed to rank the effect of different interventions. All statistical analyses were performed using the R software (version 4.4.1). A total of 22 studies involving 1946 nursing students were included. The network meta-analysis demonstrated that, compared with standard care, laughter yoga was the most effective intervention for reducing stress (SMD = -1.2; 95 % CrI: -1.5 to -0.88; SUCRA = 97.40 %). Laughter therapy showed the greatest effect in lowering anxiety scores (SMD = -0.95; 95 % CrI: -1.2 to -0.72; SUCRA = 87.24 %). Cognitive behavioral therapy was identified as the most effective intervention for mitigating depression (SMD = -1.1; 95 % CrI: -1.7 to -0.57; SUCRA = 94.54 %). Laughter yoga, laughter therapy, and CBT are the optimal strategies for reducing stress, anxiety, and depression, respectively, in nursing students."
41863279,The Role of Non-Pharmacological Interventions in Attenuating Anxiety and Stress Symptoms in PTSD: A Systematic Review.,2026,Current neuropharmacology,"Pharmacological treatments for Post-Traumatic Stress Disorder (PTSD), a disorder that affects emotions and mental health and is thought to be therapeutically deficient, either appear to have a number of adverse effects or cause patients to not take their medications as directed. The effectiveness of non-pharmacological treatments for PTSD-related anxiety, depression, and trauma-related discomfort is examined in the current systematic review. Fifty-five relevant studies that reported on the randomized controlled trials and metaanalyses published between 2008 and 2025 were found through a thorough search of a total of 12 databases. Mindfulness-Based Stress Reduction (MBSR), Cognitive Behavioral Therapy (CBT), Eye Movement Desensitization and Reprocessing (EMDR), laughter therapy, acupuncture, dietary modifications, and yoga are among the interventions of interest that were studied. The severity of PTSD symptoms has been reported to be reliably reduced by MBSR, CBT, and EMDR; some trials of MBSR and CBT have shown improvements of up to 45%. Acupuncture, yoga, and laughter therapy all demonstrated positive impacts; the outcomes varied significantly. Dietary and lifestyle changes appeared to help stabilize mental health, but further research is needed. Results highlight the benefits of non-pharmacological therapies as highly effective and preferable PTSD treatment options, especially for individuals who are sensitive to pharmacotherapy. The strongest, most reliable results were obtained by MBSR and CBT in particular, highlighting the significance of cognitive restructuring and present-moment concentration. While nutrition, yoga, acupuncture, and laughter therapy all contributed to stress alleviation or emotional regulation, EMDR was particularly effective at processing memories without the requirement for verbalization. These tactics encourage resilience, self-control, and empowerment, but future research must address methodological variation, sample size, and intervention standardization. Non-pharmacological approaches offer promising complementary or standalone strategies for PTSD management. Further large-scale, standardized trials are warranted to strengthen the evidence base and optimize treatment protocols."
41861455,"Mind-Body Interventions for People With Cancer: Evidence, Innovation, and Implementation.",2026,Seminars in radiation oncology,"Many people with cancer (PWC) continue to experience persistent biopsychosocial and existential challenges across the cancer care continuum. Symptoms such as anxiety, depression, cancer-related fatigue and pain, sleep disturbance, fear of cancer recurrence, cognitive impairment, and reduced quality of life remain highly prevalent during and after treatment, underscoring the need for interventions that address both psychological and physiological dimensions of distress. Mind-body interventions encompass a diverse group of practices that explicitly target the bidirectional relationship between mental and physical processes and are increasingly incorporated into integrative oncology as adjuncts to standard care. This narrative review synthesizes current evidence on mind-body interventions for improving biopsychosocial outcomes in adult PWC. We review guideline-recommended interventions including mindfulness-based interventions, yoga, tai chi and qigong, relaxation therapies, hypnosis, music therapy, acupuncture, acupressure, massage, reflexology, and aromatherapy; as well as emerging modalities such as psychedelic-assisted therapy, biofield therapies, nature-based interventions, and mindfulness-based approaches for sexual dysfunction. For each intervention, we summarize target symptoms, treatment-phase considerations, and the quality and limitations of the supporting evidence. Finally, we discuss future directions with an emphasis on improving methodological rigor, elucidating mechanisms of action, expanding implementation and access, and extending research across diverse populations and all stages of cancer care, including survivorship and end-of-life contexts."
41860666,Chronic mind-body exercises for executive functions in middle-aged and older adults: a systematic review and meta-analysis of randomized controlled trials.,2026,Aging clinical and experimental research,"OBJECTIVE: Executive functions (EFs) declines with age in middle-aged and older adults, and mind-body exercises (e.g., Tai Chi, Yoga, Qigong) are believed to improve these functions. This meta-analysis aimed to evaluate the effects of chronic mind-body exercises on EFs in middle-aged and older adults and to examine whether intervention characteristics are associated with differential effects. METHODS: A systematic search was conducted across six databases in both English and Chinese to collect RCTs on the effects of mind-body exercises on EFs in middle-aged and older adults. Data analysis was performed using metafor in R. RESULTS: The meta-analysis revealed a small to moderate effect size for mind-body exercises on EFs (g = -0.35, 95% CI = -0.48 to -0.21, p < 0.001). Subgroup analyses revealed significant effects for interventions with a session duration of less than 60 min (g = -0.40, 95% CI = -0.77, -0.03, p = 0.035) and exactly 60 min (g = -0.31, 95% CI = -0.43, -0.19, p < 0.001), a frequency of 3–4 sessions per week (g = -0.39, 95% CI = -0.53, -0.24, p < 0.001), and a total intervention duration of 12 weeks (g = -0.38, 95% CI = -0.51, -0.25, p < 0.001). CONCLUSION: Mind-body exercises significantly improve EFs compared to control conditions. Furthermore, the effects of mind-body exercises are moderated by session duration, frequency, and total intervention period."
41859685,"Safety, feasibility and impact of a 12-week yoga program in adults Fontan patients: a pilot study.",2026,International journal of cardiology. Congenital heart disease,"Reduced exercise capacity and compromised pulmonary function are common findings following Fontan palliation. Although yoga practice has been associated with improved respiratory function in individuals with acquired heart disease, little is known about the potential impact in the Fontan population. We assessed the safety, feasibility, and efficacy of a 12-week in-person yoga program in adult Fontan patients. Participants with stable Fontan physiology and without limiting comorbidities were included. Study patients were encouraged to continue yoga practice regularly after study completion. Study outcomes included cardiopulmonary exercise testing (CPET) and pulmonary function testing (PFT). Comparisons were made within group (pre/post intervention) at 12 weeks and between group (study patients compared with non-intervention controls) at last follow-up. Ten patients were enrolled and 5 completed the program. No adverse events were reported. There were no statistically significant changes in CPET or PFT measures after the 12-week intervention. At last follow-up [median 77 months (IQR 61-91)], delta forced vital capacity (FVC) differed between the yoga and usual care groups (-0.1L [-0.1, 0.2]) versus -0.2L [-0.4, -0.2], p = 0.032). There were no other significant between-group differences. A 12-week yoga program was well-tolerated in adult Fontan patients. While there was no apparent short-term improvement in CPET or PFT parameters, regular yoga practice may contribute to stabilization of FVC at longer term follow-up. Further studies are warranted to evaluate the clinical impact of yoga post Fontan palliation."
41859253,Turning toward mortality: yoga's <i>savasana</i> as a salutogenic practice for engaging with death anxiety.,2026,Frontiers in public health,"Death anxiety is prevalent across many modern cultures and is associated with significant psychological, social and economic costs, including avoidance of advance care planning and the overuse of life-prolonging medical interventions at the end of life. From a yogic perspective, this pervasive clinging to life reflects <i>abhinivesha</i>, one of the five <i>kleshas</i> (mental afflictions) described as a potent contributor to human suffering. This Perspective proposes a conceptual shift from pathogenic models focused primarily on life-extension and symptom reduction toward a salutogenic approach that emphasizes meaning-making and adaptive engagement with mortality across the lifespan. Antonovsky's salutogenic framework highlights Sense of Coherence (SOC)-comprehensibility, manageability and meaningfulness-as a psychosocial resource that supports wellbeing even in the face of profound existential stressors. We suggest that cultivating conscious mortality awareness may strengthen SOC by supporting individuals to relate to death with greater understanding and existential coherence. Drawing on yoga philosophy, contemplative practice and public health scholarship, we propose <i>savasana</i> (corpse pose) as an embodied contemplative practice that may offer a structured experiential engagement with impermanence. Rather than positioning <i>savasana</i> as a treatment for death anxiety, we frame it as a salutogenic practice that can surface existential concerns and support reflective meaning-making over time. When practiced intentionally and upstream across the lifespan, <i>savasana</i> may provide an accessible, low-cost compassionate approach to facing death anxiety through embodied conscious awareness of our own mortality."
41858857,"Mind-body exercise for improving balance, aerobic capacity, walking ability, muscle strength, and mental health in patients with type 2 diabetes: a network meta-analysis.",2026,Frontiers in endocrinology,"To compare and rank the effects of different mind-body exercise interventions on psychological and physical outcomes in individuals with type 2 diabetes mellitus using a network meta-analysis. This study systematically searched PubMed, Embase, Web of Science, and the Cochrane Library, and conducted a frequentist network meta-analysis using Stata with SUCRA-based ranking; risk of bias was assessed using RoB 2.0, certainty of evidence evaluated with CINeMA, and robustness examined through sensitivity analyses and publication bias assessment using funnel plots. This study provides preliminary, outcome-specific evidence based on 13 randomized controlled trials involving over 500 individuals with type 2 diabetes mellitus. Network meta-analysis suggested that Pilates significantly improved balance ability (SMD = 1.52, 95% CI 0.77-2.28) and walking ability (SMD = 1.20, 95% CI 0.28-2.12) compared with control. Walking Meditation showed a favorable effect on aerobic capacity (SMD = 1.40, 95% CI 0.44-2.37), while yoga improved muscle strength (SMD = 0.79, 95% CI 0.26-1.33). Mindfulness-based interventions were associated with reduced anxiety (SMD = 1.05, 95% CI 0.46-1.63). Sensitivity analyses indicated that physical function outcomes were generally robust, whereas psychological outcomes were sensitive to influential studies. The certainty of evidence was predominantly very low according to CINeMA assessment. This network meta-analysis provides preliminary, outcome-specific evidence that mind-body exercise may improve physical function in type 2 diabetes, while effects on psychological outcomes remain uncertain and warrant further high-quality research. https://www.crd.york.ac.uk/prospero/, identifier CRD420251133289."
41858455,Neuromuscular control strategies underpinning motor expertise in yoga: a biomechanical analysis of twisting poses in expert and novice practitioners.,2026,Frontiers in psychology,"This study investigates the neuromuscular control strategies and motor expertise underlying complex yoga movements by comparing expert (<i>n</i> = 17) and novice (<i>n</i> = 17) female practitioners during two twisting poses: the Standing Twist (ST) and the Semi-Triangle Twist (STT). Utilizing musculoskeletal modeling and surface electromyography (sEMG), we examined how internal coordination adapts to varying task demands. While the STT imposed significantly higher mechanical demands-evidenced by greater peak trunk rotation (<i>p</i> < 0.001), higher peak moments (<i>p</i> = 0.020), and increased erector spinae activation-the external kinematic performance did not distinguish experts from novices. Crucially, expertise was manifested at the neuromuscular level: experts exhibited a refined recruitment pattern characterized by higher rectus abdominis activation compared to novices (unadjusted <i>p</i> < 0.05), suggesting a more targeted core stabilization strategy. Furthermore, the lower-load ST pose induced a significantly higher lumbar co-activation ratio (<i>p</i> = 0.015), indicating that muscular coordination efficiency is non-linearly related to task difficulty. These findings suggest that motor expertise in yoga is not defined by observable movement outcomes, but by the optimization of internal motor representations and the strategic recruitment of musculature to manage spinal stability."
41858016,Integrating yoga into anatomy and clinical medicine education: A holistic approach to learning.,2026,Anatomical sciences education,"Anatomical knowledge is fundamental for success in clinical settings. Unfortunately, anatomy education within professional health programs has experienced a continual decrease in contact hours and curricular content over the previous two decades, leading to deficits and potential gaps in anatomical science knowledge. Additionally, there is a common misconception among students that anatomy education is simply a collection of facts that require memorization. Thus, there is a need for innovative teaching methods to help reinforce such knowledge and support students' wellness. This report outlines a series of novel yoga-based workshops in anatomy education with clinical medicine applications, embodied learning, and a holistic pedagogical approach which engages the mind, body, and spirit. Three yoga workshops focused on (i) musculoskeletal anatomy, (ii) spinal and peripheral nerves, and (iii) neuroanatomy and the neurological exam were developed. Each workshop included a warmup, sun salutations (a series of yoga poses performed in a continuous sequence), asanas (individual poses), a vinyasa (flow of poses), a cooldown, savasana (resting pose), and a closing meditation. The workshops also examined the etymology of Sanskrit and Latin that underpin anatomical and medical terminology. The workshops have been taught to medical students, physical therapy students, and medical residents. A pretest was administered before each session, while a posttest and wellness survey were distributed following the yoga workshops. These workshops offer a template for educators to provide an alternative approach to learners by offering a yoga session that reinforces anatomical knowledge, highlights relevant clinical correlates, and improves overall well-being."
41855360,Erratum.,2026,Complementary medicine research,"The article ""Yoga Nidra and Pain: A between-, within-Group Meta-Analysis and Dose Response Meta-Regression"" [Complement Med Res. 2025;32:495-521; https://doi.org/10.1159/000549416] by Ghai and Ghai was published with the wrong open access license. The correct license of the article is CC-BY.The original article has been updated."
41853396,Beyond Metformin: A Review of Non-pharmacological Treatments for Polycystic Ovary Syndrome.,2026,Cureus,"Polycystic ovary syndrome (PCOS) affects reproductive-aged women through hereditary, biological, environmental, and lifestyle factors including stress, poor diet, and oxidative stress. This narrative review aims to systematically synthesize evidence on non-pharmacological naturopathic treatments (yoga, hydrotherapy, diet, and acupuncture) for improving insulin sensitivity, reducing obesity, and alleviating PCOS symptoms. While conventional treatments like metformin increase insulin sensitivity and clomiphene promote ovulation, they fail to address underlying causes and carry side effects, necessitating complementary approaches. The objective of this review is to investigate databases, including Web of Science, PubMed/MEDLINE, and Scopus were searched from October 1, 1998, to January 16, 2025, using Boolean combinations of keywords such as ""PCOS,"" ""naturopathy,"" ""complementary and alternative medicine,"" ""chromotherapy,"" ""metformin,"" ""insulin sensitivity,"" ""obesity,"" and ""diabetes."" Naturopathic interventions consistently demonstrated favorable effects on PCOS outcomes across reviewed studies. Yoga therapies improved insulin sensitivity, reduced inflammatory responses, and enhanced quality of life, with only minimal adverse effects reported. Hydrotherapy and dietary approaches effectively addressed obesity parameters and PCOS clinical symptoms. Combined non-pharmacological modalities showed synergistic benefits over pharmacological treatments alone, characterized by high patient adherence and excellent safety profiles. Complementary therapies provide safer ways to manage PCOS compared to using medication alone. Combining these methods needs clinical guidelines and randomized controlled trials."
41853023,"The Effects of Mind Sound Resonance Technique (MSRT) on Anxiety, Sleep Quality, and Quality of Life in Adults: A Systematic Review Protocol.",2026,Journal of pharmacy & bioallied sciences,"Mind Sound Resonance Technique (MSRT) is a structured yogic intervention that uses specific sound vibrations and meditative awareness to promote psychological well-being. Increasingly applied in clinical and wellness contexts, MSRT is being explored for its potential benefits in reducing anxiety, improving sleep quality, and enhancing quality of life. However, evidence remains fragmented and lacks comprehensive synthesis. This systematic review aims to evaluate the effects of MSRT on anxiety, sleep quality, and overall quality of life in adults by synthesizing data from randomized controlled trials (RCTs). The review will follow PRISMA-P guidelines and is registered with PROSPERO (CRD42025646661). Databases including MEDLINE (via PubMed), Embase, CENTRAL, and PsycINFO will be searched for English-language RCTs published up to December 2024. Eligible studies must evaluate MSRT in adult populations (≥18 years), with or without clinical diagnoses, against no intervention, waitlist, or active controls. Primary outcomes include changes in anxiety (e.g., GAD-7, STAI), sleep quality (e.g., PSQI), and quality of life (e.g., WHOQOL-BREF). Risk of bias will be assessed using the Cochrane RoB 2 tool. Data will be synthesized narratively and meta-analyzed when feasible. This review will inform researchers, clinicians, and policymakers on MSRT's efficacy as a complementary therapy in integrative mental health care."
41853017,The Role of Yoga in HIV Care: A Narrative Review.,2026,Journal of pharmacy & bioallied sciences,"Human Immunodeficiency Virus (HIV) is still a global health issue, and millions of HIV-positive people are afflicted with various physical, psychological, and social impacts. Antiretroviral therapy (ART) has also increased survival and viral suppression but individuals living with HIV (PLWH) still experience chronic inflammation, psychiatric issues, tiredness, and stigma. Practice of yoga using physical postures, breath regulation, and meditation has been used as an adjunct treatment of HIV. This review article discusses the function of Yoga in enhanced quality of life, immune capability, and affective hardiness in PLWH."
41850784,"Post-acute coronary syndrome cardiovascular rehabilitation: insights into endpoints, biomarkers and clinical practice.",2026,Heart (British Cardiac Society),"Cardiac rehabilitation (CR) is a multidisciplinary intervention central to secondary prevention after acute coronary syndromes (ACSs), combining medical management, structured exercise, psychological support and lifestyle modification. CR reduces mortality, recurrent events and hospitalisations, while improving quality of life and functional capacity. Its benefits extend beyond physical recovery to include mitigation of systemic inflammation, attenuation of adverse cardiac remodelling and promotion of long-term behavioural change. Recent advances have expanded the scope of CR. Digital health tools, telemedicine and hybrid delivery models have improved accessibility and adherence, particularly in resource-limited settings. Pharmacological innovations, such as PCSK9 inhibitors, inclisiran and agents targeting lipoprotein(a) and inflammation, contribute to residual risk reduction when integrated into CR. Mind-body interventions, including yoga, tai chi and Qigong Baduanjin, offer additional physiological and psychological benefits, especially in elderly or deconditioned patients. The use of advanced functional assessments, including cardiopulmonary exercise testing and ventilatory thresholds, facilitates personalised risk stratification and training prescription. Despite these developments, access to CR remains limited, with significant variability in implementation and participation across regions. Addressing these gaps requires harmonised referral systems, multidisciplinary coordination and patient-centred strategies. Ongoing research should focus on integrating emerging therapies and technologies to enhance personalisation, promote equity and expand CR applications across broader patient populations."
41850611,Heated yoga thaws depression: A dose-response analysis from a randomized controlled trial.,2026,Journal of affective disorders,"Heated yoga has promise as an adjunctive and standalone treatment for depression, yet the dose-response relationship is not well understood. This secondary analysis of a randomized controlled trial evaluated the relationship between yoga ""dose"" and change in depressive symptoms. Eighty adults with moderate-to-severe depression (Inventory of Depressive Symptomatology-Clinician Rated [IDS-CR] ≥23) were randomized to an 8-week (1) community-based heated yoga intervention (90 min per session, encouraged at least twice weekly) or (2) a waitlist-first control group that subsequently received the same intervention after their waitlist period. Data from both intervention phases were pooled to examine the relationship between class attendance (""dose"") and change in depressive symptoms using linear regression and mixed-effects models. Most variability in symptom change occurred within, rather than between, groups, indicating that the yoga-first and waitlist-first groups' yoga periods could be combined (between-group variance = 18.07; residual variance = 93.36). Greater class attendance predicted larger reductions in clinician-rated depressive symptoms, demonstrating a significant linear dose-response relationship ( β=-0.72, SE=0.24, t(52)=-2.94, p<.005), with each additional class corresponding to an estimated 0.72-point improvement in IDS-CR scores. Reductions in depressive symptoms increased proportionally across the observed dose range, with no evidence of a benefit plateau. Exposure to heated yoga was linearly associated with reductions in depression severity, with no evidence of a plateau across the observed dose range. Future studies that randomize participants to different attendance prescriptions are needed to define optimal dosing thresholds and longer-term saturation effects. NCT02607514."
41850268,Adding Yoga to Physical Activity Guidelines Reduces Mortality Risk Compared With Meeting Guidelines Alone.,2026,Journal of physical activity & health,"This study examined associations of yoga participation and prospective all-cause mortality risk in the United States' nationally representative National Health Interview Survey. Data were from the National Health Interview Survey samples from 2007, 2012, and 2017. A subset of participants were asked about their weekly physical activity (PA; min/wk) and if they practiced yoga in the past year (yes/no). Participants were ≥18 years, had eligible mortality follow-up, and answered PA and yoga questions (N = 26,055). Participants were followed up using the National Death Index (a resource that provides mortality data from death certificates) through 2019 to determine participant mortality status (n = 815 deaths). Participant activity level was categorized as meeting (active) or not meeting (inactive) combined aerobic and strength training PA guidelines (≥150 min/wk of moderate-to-vigorous PA and ≥2 d/wk of strength training) based on their reported activity. Participants were categorized into 4 groups by their yoga participation and meeting combined PA guidelines (inactive/no yoga, inactive/yoga, active/no yoga, and active/yoga). Survey weighted Cox proportional hazard models computed hazard ratios mortality during follow-up between the 4 groups with active/no yoga as the reference. In the fully adjusted models, the active/yoga group had 51% lower risk of mortality compared with active/no yoga (hazard ratio: 0.49; 95% CI, 0.26-0.91), whereas the inactive/no yoga group had 77% higher risk compared with active/no yoga (hazard ratio: 1.77; 95% CI, 1.12-2.80). Yoga participation and meeting the combined PA guidelines may provide additional and independent protective mortality benefits compared with meeting PA guidelines without yoga."
41850046,The neurophysiological effects of yogic meditation observed in electroencephalography patterns and neurotransmitter levels: A narrative review of scientific evidence.,2026,Journal of Ayurveda and integrative medicine,"Yogic meditation, involving focused awareness, is gaining scientific attention for its impact on brain function and neurochemical balance. It enhances autonomic control and influences neurotransmitters related to emotional and cognitive health. This narrative review explored scientific studies on the effects of yogic meditation on EEG patterns and neurotransmitter levels. 21 peer-reviewed articles were selected through a structured search of PubMed, PubMed Central, and Google Scholar. The findings indicate that yogic meditation promotes coherent brainwave activity and modulates neurotransmitters, such as gamma-aminobutyric acid, thereby reducing anxiety, improving emotional regulation, and providing pain relief and autonomic stability. The studies literature suggest that yogic meditation may enhance brain function and emotional well-being, but these findings remain preliminary and require more well-designed confirmation."
41849140,Deciding to Retire From Psychiatric Practice.,2026,Psychodynamic psychiatry,"I share my personal journey toward retirement, grappling with feelings of loss, relevance, and legacy, and finding renewed purpose through teaching yoga and learning <i>kirtan.</i> I review core findings about happiness from the Harvard Study of Adult Development, emphasizing that meaningful social connections are central to a good life and healthy aging. Despite having moments of self-doubt and inevitable experiences of loss, I highlight the lasting impact of even small acts of human connection, underscoring the profound importance of social relationships and shared humanity in giving life meaning."
41848128,Beyond the basics: exploring non-conventional treatment for fatigue in post-acute COVID-19 syndrome.,2025,La Tunisie medicale,"Post-acute 2019 coronavirus disease syndrome (PACS) is a multifaceted, multisystem disorder affecting an estimated 75 million individuals globally (in May 2024). Defined by symptoms persisting beyond four weeks post-infection, PACS manifests in subacute (4-12 weeks) and chronic (>12 weeks) phases, with fatigue being a prominent and debilitating feature. Comprehensive management of PACS-associated fatigue needs diverse therapeutic strategies extending beyond conventional rehabilitation. This narrative review explored non-conventional interventions for PACS-related fatigue, focusing on treatments involving nutritional rehabilitation, physical modalities, and other innovative therapies. Narrative review. Treatments reported in the literature include melatonin, QingjinYiqi, nutritional supplements, aromatherapy, antioxidants, Tai Chi, acupuncture, yoga, singing, hyperbaric oxygen therapy (HBOT), pulsed electromagnetic field therapy, and whole-body vibration. Melatonin and QingjinYiqi have shown notable improvements in fatigue and overall health. Nutritional supplements such as vitamin-minerals combinations have demonstrated enhancements in muscle strength, physical performance, and quality of life. Tai Chi, acupuncture, and yoga have shown positive effects on fatigue, muscle strength, and overall well-being. Aromatherapy, singing, HBOT, pulsed electromagnetic field therapy, and whole-body vibration effectively reduce fatigue while enhancing physical and cognitive functions. These non-conventional treatments offer promising supplementary benefits to conventional rehabilitation."
41846846,Effect of an eight-week yoga program on adolescents with Internet Gaming Disorder in an Indian school setting: a randomized controlled trial.,2026,Frontiers in public health,"Internet Gaming Disorder (IGD) is increasingly prevalent among adolescents, leading to psychological, social, and academic challenges. Yoga has demonstrated benefits in stress reduction, emotional regulation, attentional control, and overall well-being. This study aimed to evaluate the effectiveness of an eight-week Integrated Yoga Module in reducing Internet Gaming Disorder symptoms and associated psychological distress among adolescents in a school setting. In this randomized controlled trial, 120 adolescents meeting criteria for IGD were allocated to either yoga group (<i>n</i> = 60) or a control group (<i>n</i> = 60) that continued routine academic activities. Assessments were conducted at baseline and post-intervention using the Internet Gaming Disorder Scale (IGDS-20), Parental Internet Gaming Disorder Scale (PIGDS), Internet Addiction Test (IAT), Depression Anxiety Stress Scale (DASS-21), WHO Quality of Life-BREF (WHO QOL-BREF), UCLA Loneliness Scale, and Mind Wandering Questionnaire (MWQ). Data were analyzed using mixed factorial ANOVA with Group (yoga vs. control) as the between-subjects factor and Time (pre vs. post) as the within-subjects factor, with Bonferroni-adjusted <i>post hoc</i> comparisons. Significant Group × Time interactions were observed across all IGDS symptom domains (salience, mood modification, tolerance, withdrawal, conflict, and relapse; all <i>p</i> < 0.001), indicating greater reductions in the yoga group relative to controls. A interaction effect was also observed for parent-reported IGD severity (<i>p</i> < 0.001). Significant interaction effects favoring the yoga group were found for internet addiction, depression, anxiety, stress, quality of life (physical, psychological, social, and environment domains), loneliness, and mind wandering (all <i>p</i> < 0.001). No significant between-group differences were observed at baseline. An eight-week Integrated Yoga practice demonstrated significant improvements in IGD symptoms, emotional distress, quality of life, and cognitive-emotional functioning compared with a control group. Yoga may represent a feasible and scalable complementary intervention for adolescents with IGD. Future trials incorporating active comparators and long-term follow-up are warranted. http://ctri.nic.in/Clinicaltrials/login.php, Identifier (CTRI/2022/06/043063)."
41846811,"Burden of Disability, Poverty, and Unmet Needs Among Persons Affected by Hansen's Disease: Insights from Antulya Nagar, Pune- A Cross-Sectional Study.",2025,Journal of pharmacy & bioallied sciences,"Persons affected by leprosy (PAL) continue to face socio-economic deprivation and unmet health needs despite advances in treatment. Understanding their living conditions, health practices, knowledge, and felt needs is essential for planning effective interventions. A cross-sectional survey was conducted among 138 PAL residing in a resettlement colony. Data were collected on demographic characteristics, housing conditions, health practices, knowledge regarding leprosy, and perceived needs. All participants belonged to the Below Poverty Line (BPL) category. Most resided in semi-pakka houses (77.5%), with 60.1% reporting unsafe construction and 46.4% inadequate living space. 73.2% reported no knowledge about the disease causation. The most common felt needs were free medical services (61.6%), housing support (19.6%), and livelihood opportunities (15.9%). PAL face multiple vulnerabilities arising from poverty, inadequate housing, risky health practices, and poor disease knowledge. Addressing these requires integrated strategies that combine medical care, health education, livelihood opportunities, and social security measures to improve quality of life and rehabilitation outcomes."
41846790,"Development and Validation of a Questionnaire to Assess Social Perspectives Among Leprosy-Affected Individuals in a Rehabilitation Colony in Pune, Maharashtra, India.",2025,Journal of pharmacy & bioallied sciences,"Leprosy persists as a social and health issue in India, requiring validated tools to evaluate perspectives on stigma, knowledge, and needs. This study developed and validated a questionnaire with domains: sociodemographics, living conditions, health status and practices, knowledge about leprosy, and felt needs and priorities. Cross-sectional validation with 138 participants from Antulay Nagar, Pune, January-June 2024. Content validity via expert panel (I-CVI, S-CVI/Ave). Construct validity using EFA (KMO = 0.82, Bartlett's χ² = 1265.4, <i>P</i> < 0.001). Reliability with Cronbach's alpha. I-CVI 0.75-1.00, S-CVI/Ave 0.90; three items revised. Five factors emerged with loadings >0.60. Cronbach's alpha 0.79-0.88. The questionnaire is valid and reliable for assessing social perspectives in leprosy settings."
41846736,A Legacy of Holistic Healing: Prof. Pratapkumar J. Toliya's Journey with the Pioneers of Indian Naturopathy.,2025,Journal of pharmacy & bioallied sciences,"This review brings into focus the life and works of Prof. Pratapkumar J. Toliya an academic, sitar maestro, lifelong champion of Nature Cure who provides a personal point of view on the development of naturopathy in contemporary India. Influenced by Mahatma Gandhi and Balkoba Bhave, his early life experience with the nature Cure Clinic of Dr. Dinshah K. Mehta, in Pune, during the independence movement, made him commit his life to natural healing. He had a major role to play in institutionalizing naturopathic education as an administrator of Bharatiya Prakritik Vidyapeeth, the first naturopathy college in India. Based on Jain philosophy and the precept of nonviolent healing (Nirdosh Paddati), Prof. Toliya combined the academic rigor, expression of art and holistic health appreciation into a unique life journey. His narrative explains how Nature Cure was absorbed, lived, and passed on by the generation that saw its establishment."
41845334,Randomized feasibility trial of tele-yoga versus in-person yoga for treating chronic musculoskeletal pain in veterans.,2026,BMC complementary medicine and therapies,"BACKGROUND: Chronic pain impacts approximately 20% of the United States adult population and 50–75% of Veterans. It is treatment-resistant, and medications include the risk of addiction or overdose. The VA is promoting complementary and integrative health (CIH) for use along with existing treatments. Yoga can provide effective treatment for many health problems, including pain. Some of the challenges of providing yoga in healthcare include barriers such as space, time, and transportation. We studied the feasibility of conducting a randomized controlled trial (RCT) treating Veterans with chronic musculoskeletal pain with yoga delivered online versus in-person. METHODS: We developed a yoga protocol for treating chronic musculoskeletal pain online using online cohorts (n = 9, 15) with chronic musculoskeletal pain. Optimal treatment parameters were established. The resulting yoga protocol consisted of 12 weekly 75-minute classes with home-practice on 5 non-class days/week. The second phase of the study established the feasibility of conducting an RCT comparing in-person and online yoga. Thirty-four participants (30 male) were randomized to in-person (n = 16) or online yoga (n = 18). Measures were collected at baseline and end-of-treatment. RESULTS: We successfully met our Veterans participant recruitment goals for the study. Furthermore, the retention rates were 83% for tele-yoga and 68% for in-person yoga, which exceeded our a priori feasibility target of 65%. Protocol adherence was 8.62 classes (71.8%, range = 2–12) in the tele-yoga group and 9.25 classes (77.1%, range = 4–12) for in-person yoga, again exceeding our feasibility rate of 65%. Treatment satisfaction was measured using a 33-item questionnaire where each item was rated on a 0–4-point scale. Average treatment satisfaction was 3.2 in the tele-yoga group and 3.6 in the in-person group, exceeding the feasibility target of ≥ 2. There were no serious adverse events. Yoga fidelity was assessed by scoring 20% of the classes and was 91% overall. Analysis of secondary outcome measures showed that only the tele-yoga group experienced a statistically significant reduction in pain. CONCLUSION: It is feasible to conduct an RCT comparing tele-yoga to in-person yoga to treat chronic musculoskeletal pain in Veterans. Treatment may provide a reduction in pain severity and pain interference. TRIAL REGISTRATION: clinicaltrials.gov NCT04074109, August 29, 2019."
41844044,Acceleration corridors of small female post-mortem human subjects in near-side and far-side frontal oblique impacts.,2026,Journal of biomechanics,"The objective of the study wasto develop acceleration-timeresponsecorridors of small female post-mortem human subjects (PMHS) in frontal near-side and far-side oblique impacts. The restrained specimens were seated on a sled and tested at a velocity of 8.40 ± 0.05 m/s. Accelerometers were attached tothehead, upperthoracic spine, lower thoracic spine, lumbar spine,and sacrum. Using the equal-stress equal-velocity approach, data were normalized to5th-percentilefemale total body mass of 50 kg. Acceleration-time response corridors were obtained using normalized data from each specimen. Ten specimens were tested with a sample size of five each in the near-side and far-side conditions. The mean age, stature, total body mass, sitting height, and bone mineral density (BMD) of the combined dataset of specimens were 72 years, 1.58 m, 47.4 kg, 0.88 m, and 121 kg/m<sup>3</sup>, respectively. Acceleration magnitudes of the upper thoracic spine and head were significantly greater (p < 0.05) in the near-side than in the far-side condition. The following are given the body paper and/or supplementary materials: demographics and BMD data for each condition, acceleration time histories and their maximum magnitudes, and the set of 40 corridors (3 components, 1 resultant acceleration, 2 conditions, 5 regions) with peaks and times of occurrences for both conditions. Because biomechanical response corridors were developed using only small females, they can be used to validate human body models and evaluate the biofidelity of small female anthropomorphic test devices for crashworthiness studies."
41841440,"The Impact of Mindfulness Interventions on the Well-Being of Intensive Care, Emergency Department and Anaesthesia Staff: A Systematic Review.",2026,Nursing in critical care,"Critical care staff face unique stressors, including high patient acuity and intense work environments, leading to high rates of burnout and emotional fatigue. While mindfulness-based interventions (MBIs) are increasingly recognised for reducing stress among healthcare workers, no prior review has specifically examined their impact within critical care settings. To evaluate the effectiveness of individual and workplace-delivered MBIs on improving well-being and reducing stress and burnout among critical care staff. This systematic review was conducted starting with a literature search using MeSH terms across EBSCOhost platforms. Studies involving doctors, nurses and allied health professionals working in ICUs, EDs, CCUs and perioperative units were assessed. Clinical and non-clinical trials were included if they reported outcome data on burnout, stress, job satisfaction or overall well-being. Studies were assessed for bias using validated tools (RoB2, ROBINS-I, JMI, MMAT). The thirty studies included in this review indicate meditation-based interventions, particularly those combining in-person and app-guided formats, showed the most consistent benefits across measured data. Yoga and aromatherapy demonstrated improvements, though feasibility was often limited by space and schedule. Studies employing multiple modalities often resulted in the strongest outcomes. Qualitative findings supported improved emotional regulation and workplace satisfaction but highlighted participation barriers such as work guilt and time constraints. This review highlights the potential of MBIs in enhancing resilience and well-being among critical care staff, offering a targeted synthesis not previously available. Implementing flexible, scalable MBIs in critical care environments may help mitigate burnout and support workforce sustainability. Future high-quality trials are needed to validate and optimise these interventions. This review was prospectively registered on PROSPERO (CRD42022323286)."
41840094,Effects of psychosocial interventions on cancer-related fatigue in patients with colorectal cancer: a systematic review and meta-analysis of randomised controlled trials.,2026,Supportive care in cancer : official journal of the Multinational Association of Supportive Care in Cancer,"This review aimed to scrutinise and critically appraise the evidence on the effects of psychosocial interventions in alleviating CRF for colorectal cancer patients. MEDLINE, EMBASE, Cochrane Central Register of Controlled Trials, Web of Science, CINAHL Ultimate, APA PsycInfo, CNKI, and WANFANG Database were electronically searched from inception to 31st August 2025 for randomised controlled trials examining psychosocial interventions for CRF in colorectal cancer patients. Meta-analyses were performed for short-term (immediately post-intervention to 1 month), medium-term (> 1 to 3 months), and long-term (> 3 months) follow-up periods. The certainty of evidence was evaluated using the Grading of Recommendations Assessment, Development and Evaluation (GRADE) approach. The Review Manager Software (Version 5.4.1) was used for data analysis. Nine studies with 1426 participants were included. Interventions were categorised as psychotherapies, psycho-behavioural interventions, and yoga. Meta-analyses indicated that compared to controls, psychosocial interventions significantly reduced CRF at short-term (standardised mean difference (SMD) = -0.53, 95% confidence interval (CI) = -0.82 to -0.23), medium-term (SMD = -0.51, 95%CI = -0.73 to -0.29), and long-term (SMD = -0.24, 95%CI = -0.46 to -0.01) follow-up. Subgroup analyses indicated that psycho-behavioural interventions were effective (SMD = -0.39, 95% CI = -0.76 to -0.01), while psychotherapy and yoga showed no significant effects. The certainty of evidence ranged from very low to moderate. Psychosocial interventions, particularly psycho-behavioural approaches, appear effective in reducing CRF among patients with colorectal cancer; however, effects were consistent at medium-term and long-term follow-up, while short-term findings showed substantial heterogeneity. More rigorous, adequately powered trials are needed to strengthen and extend the current evidence base."
41835883,The effects of yoga exercise on stress relief capacity and emotional changes: a systematic review and meta-analysis.,2026,Frontiers in psychology,"Emotional stability is a central pillar of mental health, and prolonged exposure to negative emotions (depression, anxiety) and stress can lead to impaired social functioning and disruptions in the emotion regulation system, which in turn affects psychological well-being. The purpose of this study is to examine the combined benefits of yoga practice for emotional regulation and stress reduction through meta-analysis, while exploring the effects of various moderating factors. This study was searched through Pubmed, Embase, Ovid MEDLINE and Cochrane library databases in January 2026. Randomized controlled studies using yoga as an intervention and anxiety, depression, and stress as indicators were included. Risk of bias was reported faithfully according to the Cochrane risk of bias rating requirements and labeled with the GRADE system evaluation level of evidence. Random-effects models were employed to perform effect size (ES) pooling, examine publication bias, and conduct subgroup analyses and regression analyses. Included 30 controlled experimental studies involving 2,288 participants (age: 13 to 82 years). Compared with control groups, yoga interventions improved stress (ES = -0.54, Low-level Evidence), anxiety (ES = -0.52, Low-level Evidence), and depression (ES = -0.50, Low-level Evidence). Subgroup analyses and regression analyses indicated that age was a significant moderator of stress levels. Yoga practice has been proven effective in reducing stress and alleviating symptoms of depression and anxiety. As age increases, yoga interventions yield greater effectiveness in stress reduction. In the future, yoga should be considered as a complementary therapy for promoting mental health. PROSPERO, identifier (CRD420251044568)."
41833700,"A pilot study of an 8-week, group-based, chakra-informed kundalini yoga intervention for adolescents and young adults with diabetes: Feasibility, youth outcomes, and caregiver distress.",2026,Complementary therapies in medicine,"Adolescents and young adults (AYA) with diabetes experience significant biopsychosocial burden linked to hormonal shifts, HPA‑axis dysregulation, autonomic imbalance, metainflammation, and socio‑emotional stress, with heightened challenges among marginalized populations and those with ""double diabetes."" This pilot evaluated the feasibility of an eight‑week integrative, chakra‑informed yoga program for AYA with type 1 or type 2 diabetes and included caregiver assessments to explore preliminary multidomain outcomes. To assess feasibility and explore preliminary psychological, physiological, relational, and biomarker changes following a developmentally attuned Kundalini yoga program for AYA with diabetes and their caregivers. A prospective, single‑arm pilot delivered weekly 90‑minute sessions integrating chakra‑aligned movement, breathwork, mantra, mudras, meditation, journaling, and peer dialogue. Psychological indicators, stress‑regulation markers, relational measures, inflammatory and cardiometabolic biomarkers, glycemic indices, and anthropometrics were collected pre‑intervention, post‑intervention, and three‑month follow‑up. Within‑subject changes were assessed using Wilcoxon signed‑rank tests and Friedman tests. Thirteen AYA (mean age 17.9 ± 1.8 years; 77% Black/African American; 92% type 1 diabetes) and 12 caregivers completed all assessments. Feasibility was high (attendance 84%; retention 100%). Adolescent diabetes distress decreased pre‑to‑post (p < 0.05); caregiver distress decreased pre‑to‑post and at follow‑up (p < 0.01). Adolescent perceived stress (p = 0.03) and serum cortisol (p = 0.02) declined across timepoints. Total cholesterol (p = 0.01) and LDL (p = 0.01) also decreased. This single‑group pilot supports feasibility and was associated with improvements in psychological distress, stress‑regulation markers, and cardiometabolic indices. Larger controlled trials are warranted to evaluate potential additive benefits alongside standard diabetes care."
41831285,"Dawn vs. Dusk: Yoga practice timing shapes sleep, mood and well-being in young adults - results of a randomized controlled trial.",2026,Journal of Ayurveda and integrative medicine,"Yoga is recognized as a holistic practice promoting multidimensional well-being. However, the influence of practice timing in alignment with circadian rhythms remains underexplored despite its potential to optimize therapeutic outcomes. To assess the differential effects of morning versus evening tele-yoga on quality of life, sleep, psychological health and lifestyle behaviours among young adults. A randomized controlled trial with a three-arm, pre-post design was conducted at a business school in Bengaluru from May 2022 to March 2023. A total of 156 postgraduate students were randomized into morning yoga (6:00 am to 7:00 am), evening yoga (6:00 pm to 7:00 pm) and wait-list control groups. Eighty-two participants (42 males, 40 females; mean age = 22.54 ± 1.67 years) completed a four-week tele-yoga intervention (1 h/day, 5 days/week). Assessments included WHOQOL-BREF, PSQI, DASS-21, Vedic Personality Inventory, Morningness-Eveningness Questionnaire and lifestyle behaviour measures. Linear mixed-effects models with Bonferroni correction were used to analyse repeated measures and missing data. Morning yoga group showed significant benefits over evening yoga as well as control in reducing sleep disturbances (p = 0.03), enhancing morningness (p = 0.004), increasing sattva (positive mental health) traits (p = 0.02) and reducing junk food intake (p = 0.03). Both yoga groups outperformed controls in improving quality of life, psychological health, sleep and lifestyle measures (p < 0.001-0.031). As compared to the controls, morning yoga group uniquely improved energy (p = 0.007) and restfulness (p = 0.006), while evening yoga reduced sadness (p = 0.021). Lifestyle benefits emerged without explicit behavioral advice. Morning yoga yields superior benefits for sleep, chronotype, sattva traits, and dietary choices. Aligning yoga practice with circadian rhythms may optimize health outcomes in young adults."
41830314,"Exploring Pain Researcher and Clinician Perceptions of Complementary, Alternative, and Integrative Medicine: A Large-Scale, International Cross-Sectional Survey.",2026,Pain practice : the official journal of World Institute of Pain,"Complementary, alternative, and integrative medicine (CAIM) has gained popularity among patients experiencing pain, used alongside conventional medical treatments. This study aimed to explore the perceptions of pain clinicians and researchers on CAIM interventions. An anonymous, online survey was distributed to 46,223 authors who had published pain-related research in MEDLINE-indexed journals. The survey included multiple-choice questions and open-ended sections to gather detailed opinions. A total of 1024 participants responded, 900 of which were eligible to participate; most identified as either pain researchers (n = 435/900, 48.33%) or both researchers and clinicians (n = 398/900, 44.22%). Many held senior positions (n = 549/892, 61.55%). Among the CAIM modalities, mind-body therapies such as meditation, yoga, and biofeedback were viewed as the most promising for pain prevention, treatment, and management, with 68.47% (n = 569/831) of participants endorsing these approaches. While (n = 341/777, 43.89%) of the respondents believed that most CAIM therapies are safe, only 25.55% (n = 198/775) disagreed with the idea that such therapies are effective. There was broad agreement on the need for more research into CAIM therapies, with 45.88% (n = 356/776) agreeing and 42.53% (n = 330/776) strongly agreeing that further investigation is valuable. Additionally, many respondents supported the inclusion of CAIM training in clinician education, either through formal programs (n = 361/778, 46.40%) or supplementary courses (n = 409/776, 52.71%). Mind-body therapies received the most positive feedback, while biofield therapies were met with the most skepticism. These findings highlight the interest in CAIM among pain researchers and clinicians and emphasize the need for more research and education tailored to this area."
41827720,The Effectiveness of a Multidisciplinary Integrative Survivorship Program for Cancer-Related Cognitive Impairment: A Prospective Cohort Study.,2026,Cancers,"<b>Background</b>: Cancer-related cognitive impairment (CRCI) affects quality of life, daily functioning and return-to-work. However, CRCI remains under-addressed in cancer care. Since cognitive complaints often co-occur with fatigue and psychological distress, a multimodal approach is warranted. We developed Integrative Neuro-Cognitive Remediation Therapy (INCRT), a multidisciplinary survivorship program combining personalized cognitive function and strategy training with group-based psychoeducation, cognitive-behavioral therapy and Acceptance and Commitment Therapy, and onco-yoga. <b>Methods</b>: Cancer survivors suffering from CRCI were eligible. Assessments included neuropsychological testing, patient-reported outcomes, and daily functioning at baseline (T0), post-intervention (T1), and 6-month follow-up (T2). Primary outcomes were objective and subjective neurocognitive functioning (NCF); secondary outcomes were psychological distress, fatigue, metacognition, and daily functioning. Changes were analyzed using linear mixed models. <b>Results</b>: Between November 2022 and January 2025, 44 of 56 eligible survivors enrolled; 38 completed the program (71.1% female; median age 53.5). Objective and subjective NCF improved significantly at T1 and T2 (<i>p</i>s < 0.001). Psychological distress, fatigue, and unhelpful metacognitions decreased over time (<i>p</i>s < 0.05). Participants reported greater emotional and cognitive insight and improved daily functioning. <b>Conclusions</b>: INCRT improves cognitive functioning, reduces psychological distress and fatigue, and enhances daily functioning, with benefits maintained at follow-up. The integrative design supports sustained effects by promoting internalization and daily application of learned strategies."
41825056,Organizational perspectives on fall prevention exercise services in Ontario: a qualitative analysis.,2026,"Applied physiology, nutrition, and metabolism = Physiologie appliquee, nutrition et metabolisme","Approximately 30% of all older adults fall every year, contributing to major healthcare costs. Although high quality evidence suggests exercise can prevent falls, we do not know the contextual factors influencing their delivery. Our work aims to better understand the context of service delivery from the perspective of organizational representatives in Ontario to inform future interventions that improve the dissemination and implementation of evidence-based exercise services in the community. We conducted a qualitative description by performing interviews with representatives of organizations that deliver fall prevention exercise services in Ontario. We informed our semi-structured interview guide using the Consolidated Framework for Implementation and conducted a thematic analysis from a post-positivist perspective. We found that organisations delivered exercise in three ways: (1) kinesiologists to support trained instructors; (2) hiring kinesiologists to provide exercise services directly; or (3) outsourcing providers with varying qualifications (such as kinesiologists, personal trainers, or yoga instructors). We also present three major themes: funding, capacity, and location were key concerns that limited access to services; networking between organizations existed and was perceived as helpful; and good intentions but major roadblocks to collaboration<b>.</b> In conclusion, funding, location, and capacity shape service delivery in Ontario, limiting provider access and space availability. While networking helps, barriers influence the ability for organizations to collaborate with other organizations. Future research should explore more innovative funding models and organization context in more detail, especially for rural service providers."
41823414,Effects of yoga posture and slow deep breathing interventions on ambulatory blood pressure in adults with hypertension.,2026,Journal of hypertension,"Hypertension (HTN) is an insidious disease with increasing mortality rates in the United States. While yoga and slow, deep breathing could serve as alternative approaches, their usefulness in the treatment of HTN is not well established. The current study investigating the effects of these interventions on ambulatory blood pressure in adults with HTN showed evidence of a protective effect."
41822417,Mapping the relationship between flow experience and music performance anxiety: a scoping review.,2026,Frontiers in psychology,"This scoping review systematically mapped and synthesized the literature examining the relationship between Flow Experience (FE) and Music Performance Anxiety (MPA) in musical performance and educational contexts. Examining their interaction is crucial to understand how musicians balance emotional activation and attentional focus to achieve optimal performance states. Following PRISMA-ScR, a comprehensive search across Scopus, Web of Science, PubMed, PsycINFO, and SAGE databases identified 18 empirical studies. These were systematically analyzed according to author(s) and year, main aim, sample characteristics, measurement instruments, study design, FE-MPA interaction, mediating or moderating factors, performance setting, analytical or procedural approach and main findings. Findings reveal a predominant negative correlation between FE and MPA across dispositional, situational, and psychophysiological measures. However, moderate anxiety levels can coexist with or even facilitate flow when they are interpreted as a challenge rather than a threat. Emotional self-regulation, self-efficacy, and self-esteem emerged as key mediating factors, while interventions involving yoga, mindfulness, and self-regulation training consistently reduced MPA and enhanced FE propensity. Overall, the findings highlight a dynamic continuum between FE and MPA, suggesting that anxiety regulation is not merely inhibitory but can function as a potential precursor to flow. Despite substantial empirical work examining FE and MPA as individual constructs, the present synthesis demonstrates that an integrated understanding of their interaction remains methodologically fragmented. Future research should therefore prioritize multimodal and longitudinal designs to clarify underlying mechanisms and support the development of evidence-informed approaches to performance preparation and emotional regulation in musicians."
41822365,A Qualitative Study of the Phoenix Exercise and Activity-Based Mutual-Help Program.,2026,Alcoholism treatment quarterly,"The Phoenix is a novel alternative to traditional substance use disorder (SUD) mutual-help programs, offering individuals with SUD and co-occurring mental disorders free access to physical activities and social events (e.g. CrossFit, yoga, rock climbing, and meditation). Despite rapid growth, little research has examined its potential role in recovery. We conducted five focus meetings: three with Phoenix members (<i>n</i> = 5, 3, 2) and two with instructors (<i>n</i> = 3, 1), totaling <i>N</i> = 14. Participants were drawn to The Phoenix's inclusive, supportive community and its emphasis on positivity, safety, and non-judgmental engagement. They highlighted the program's strengths-based, destigmatizing approach, contrasting it with more confrontational models. Reported benefits included building resilience, learning healthier ways of coping with stress and negative affect, enhancing positive emotions, fostering meaning and purpose, and connecting with pro-recovery peers. While instructors and members endorsed similar themes, members emphasized community, connection, and shared purpose as especially impactful. The Phoenix's unique blend of peer-based community and physical activity creates an engaging, strengths-oriented environment. By promoting connection, resilience, and emotional catharsis, it may help sustain recovery and support long-term remission."
41822243,Non-participation Rate and Recruitment Barriers in Offering Yoga Intervention for Depression: A Scoping Review.,2026,Annals of neurosciences,"Depression is a common mental health condition that globally affects legions of people, though interventions such as yoga have emerged as a complementary treatment for treating it. Despite its potential therapeutic benefits, recruitment and retention in yoga-based interventions still remain a challenge, resulting in limiting their use in clinical settings. This scoping review aimed to identify and categorise the barriers contributing to non-participation and recruitment challenges in implementing yoga-based interventions for depression. Major databases such as PubMed, Embase, and Scopus were used for identifying the studies reporting on recruitment challenges in yoga interventions for depression. (a) in which yoga served as the primary intervention, that measure any health outcomes, (b) which studied adults aged ≥18 years with mild/moderate depressive condition, and (c) RCT studies published in English were included. Of the 445 studies screened, only five met the eligibility criteria. Across studies, the yoga intervention varied in type, duration, method of delivery, and several key barriers like stigma about mental health, limited awareness of therapeutic benefits of yoga, cultural perceptions, and physical limitations that hindered the rate of participation were identified. Addressing the recruitment barriers is essential to enhance the utilisation of complementary treatments like yoga for treating depression. Strategies like culturally sensitive community outreach with a flexible mode of delivery are required, and awareness of alternate treatment approaches like yoga with its potential benefits should be created to improve the participation rate. The review provides a foundation for designing inclusive and easily accessible yoga-based mental health programmes for treating depression and related conditions."
41822051,Effect of a Novel Somatic Avatar Training on Distress Tolerance Among Unhoused Men Recovering from Substance use Disorders: A Pilot Study.,2025,Journal of technology in behavioral science,"Unhoused individuals with substance use disorders (SUDs) and in recovery, who face environment-specific stress and challenges in tolerating negative affect, will likely benefit from brief, accessible interventions that target somatic awareness of emotions. This pilot study aimed to test the feasibility of somatic avatar (SA), a novel, movement-based interoceptive training, in improving distress tolerance among unhoused individuals with SUDs. Twenty-four males residing in a substance treatment facility were assigned to two conditions: SA (<i>n</i> = 12) and education control (EC; <i>n</i> = 12). The SA condition consisted of 1) two-hour emotion-focused yoga training, 2) each participant creating an avatar that visually represented their bodily/emotional states, which was then animated with their pre-recorded yoga movements, and 3) participants watching the animated avatar video. EC participants viewed emotion regulation educational videos of equivalent duration. Participants' responses to the Distress Tolerance Scale and embodiment questions were collected at baseline and post-intervention. A mixed-model ANCOVA controlling for age, primary drug of choice, and negative feelings in the past week revealed a significant effect of SA in improving overall distress tolerance compared to EC, <i>F</i>(1,18) = 6.87, <i>p</i> = 0.017, partial <i>η</i> <sup>2</sup> = 0.28, with more improvements in the lower alexithymia subgroup. Exploratory analyses suggested avatar embodiment as a potential mechanism of SA. The current study provided preliminary evidence for the effect of SA in improving distress tolerance among individuals recovering from SUDs. Future studies with a larger, more diverse sample and more follow-ups are needed to extend the current findings."
41821577,Illuminating Insomnia: A Scientometric Exploration of Complementary and Alternative Medicine in Treatment Research.,2026,Journal of lifestyle medicine,"Insomnia is a prevalent sleep disorder characterized by difficulty initiating or maintaining sleep, resulting in significant daytime impairment and frequently co-occurring with depression and anxiety. Although cognitive-behavioral therapy for insomnia is the standard intervention, its accessibility remains limited. Consequently, complementary and alternative medicine (CAM) therapies including yoga, Ayurveda, acupuncture, and melatonin have gained interest, despite the lack of robust supporting evidence. This study provides a scientometric evaluation of global research on CAM for insomnia, mapping publication trends, major contributors, and emerging research themes. A total of 2,204 articles and reviews published between 1970 and August 2024 were retrieved from the Scopus database. Data were analyzed using Scopus analytics, R, and VOSviewer to assess publication growth, subject areas, international collaborations, and contributions from journals, authors, and institutions. Publication output has steadily increased, with a marked rise since 1998. Research activity is primarily concentrated in medicine, pharmacology, and nursing. The USA leads global output and maintains extensive collaborations with the United Kingdom, China, and India. Harvard Medical School is a key institution, while the <i>Journal of Alternative and Complementary Medicine</i> serves as a major outlet. Emerging research foci include Ayurveda, yoga, and acupuncture, particularly in relation to cancer and chronic pain management. Overall, CAM research for insomnia continues to expand and shows potential; however, rigorous, high-quality clinical trials are still needed to establish efficacy and safety. Enhanced collaboration and increased funding are essential to further advance this field."
41821133,"Self-compassionate engagement among older adults living with chronic diseases in Kathmandu, Nepal: a qualitative descriptive study.",2026,BMC psychology,"BACKGROUND: Older adults with chronic diseases often suffer from age-related challenges as well as the effects of their diseases. High self-compassionate engagement can help older adults cope with chronic diseases and may promote physical and mental health. However, there is little attention being paid to exploring self-compassionate engagement among older adults with chronic diseases in the Nepalese context. Thus, this study aimed to explore the meaning of self-compassion and self-compassionate engagement among older adults with chronic diseases. METHODS: A qualitative descriptive research design was employed with 15 purposively selected older adults residing in Kathmandu, Nepal, in consideration of data saturation. Face-to-face in-depth interviews [IDI] were conducted using an IDI question guideline. The data were analyzed using thematic analysis. The findings of this study were reported using the Consolidated Criteria for Reporting Qualitative Research (COREQ) guidelines. RESULTS: Three key themes emerged regarding self-compassionate engagement in chronic disease management by older adults. The first theme, self-kindness in action, encompasses six subthemes reflecting practical approaches, which consists of adapting to health limitations, seeking timely healthcare, medication adherence, dietary discipline, exercising, and utilizing self-care practices. The second theme, mindful engagement for self-awareness and balance, includes eight subthemes involving cognitive and emotional strategies such as reframing negative thoughts, nurturing inner strength, practicing yoga, engaging in recreational and spiritual activities, seeking support, and fostering self-awareness and emotional resilience through capacity-based actions. The third theme, viewing chronic disease as a shared human experience, emphasizes the role of common humanity. This study further identified significant barriers to self-compassionate engagement among older adults, encompassing denial of illness, fear of dependency, self-neglect, age-related limitations, and the perception of self-kindness as selfish. CONCLUSION: Self-compassionate engagement among older adults with chronic diseases in Nepal encompasses practical self-care, mindful awareness, and acknowledgment of shared human experiences. Therefore, integrating self-compassion strategies into healthcare practice, community programs, and family support systems is recommended to enhance coping and overall health outcomes, while further research is warranted to explore self-compassionate engagement in multicultural and multinational contexts."
41819984,The preventive effects of different interventions on gestational hypertension: incidence and network meta-analysis.,2026,"The journal of maternal-fetal & neonatal medicine : the official journal of the European Association of Perinatal Medicine, the Federation of Asia and Oceania Perinatal Societies, the International Society of Perinatal Obstetricians","A network meta-analysis based on randomized controlled trials was conducted to investigate the effects of different interventions in preventing gestational hypertension (GHT). A comprehensive search of English databases was performed from database inception to March 1st, 2025 to identify randomized controlled trials (RCTs) evaluating different interventions for the prevention GHT. The methodological quality and risk of bias for the included trials were appraised according to the Cochrane Handbook tool. A network meta-analysis was conducted using Stata version 15.1 software, and pooled effect estimates were expressed as the odds ratio (OR) with 95% confidence interval (CI). A total of 50 randomized controlled trials involving 57,836 pregnant women were included in the network meta-analysis. For all included trials, 12 interventions were evaluated, resulting in 66 direct pairwise comparisons. The network meta-analysis demonstrated that compared with Placebo, Aspirin (OR = 0.68, 95% CI [0.48, 0.95]), Calcium (OR = 0.55, 95% CI [0.38, 0.80]), and the combination of Aspirin plus Calcium (OR = 0.12, 95% CI [0.03, 0.47]) were associated with a significantly reduced risk of gestational hypertension. Moreover, exercise (OR = 0.39, 95% CI [0.19, 0.82]) and aspirin plus calcium (OR = 0.12, 95% CI [0.03, 0.42]) were superior to usual-care in the prevention of GHT. Exercise includes yoga and walking. Ranking analysis based on the surface under the cumulative ranking curve (SUCRA) indicated that aspirin plus calcium had the highest probability of becoming the most effective intervention. Maternal exercise (such as yoga and walking) or combined aspirin plus calcium supplementation might be promising interventions for the prevention of GHT. However, due to the limited number of available trials and the presence of potential heterogeneity, further large-scale, high-quality randomized controlled trials are warranted to validate these findings."
41819018,"Knowledge, Attitude and Practice of selected Dinacarya practices among BAMS Students in Kerala - A Cross Sectional Study.",2026,Journal of Ayurveda and integrative medicine,"Ayurveda students in India learn Dinacarya practices (daily routines) during BAMS course (Undergraduate Ayurveda medical education course), with limited research on its awareness and adoption. A valid database on Knowledge-Attitude Practice (KAP) status of Dinacarya practices is ideal for self-evaluation and further student improvement. To assess the KAP status of selected Dinacarya practices among BAMS students in Kerala. Cross-sectional study among 216 students aged 18-27 years, using stratified two-stage sampling from two strata - Government/Aided and Private Ayurveda colleges in Kerala (7 colleges). Semi constructed KAP questionnaire on selected ten Dinacarya developed through literature review, focus group discussion (FGD),content and face validity checking. Population estimates calculated using survey weights and Multiple linear regression (MLR) to identify predictors of KAP components and composite scores was used. Population-weighted mean K, A, P and total KAP scores of Dinacarya came to 6.65 (SE=0.48), 3.25 (SE=0.22), -5.01 (SE=0.29) and 4.89 (SE=0.61) respectively. MLR analysis revealed that knowledge was primarily determined by institutional factors, attitude reflects lifestyle pathways and Practice projects multilayered predictors encompassing environmental and institutional factors. Weighted KAP analysis revealed knowledge scores exceeding attitude and practice scores, indicating a knowledge-practice gap. Institutional entity emerged as overall determinant, residence type and psychological disposition are crucial factors.Health behaviors practice progressively decline with advancement in academic years."
41818908,Interventions for preventing or reducing nurse burnout: A systematic review and meta-analysis.,2026,International journal of nursing studies,"Nursing burnout, recognised in the International Classification of Diseases 11th Revision (ICD-11) as emotional exhaustion, depersonalisation, and reduced professional efficacy, threatens staff retention, patient safety, and quality of care, and also undermines the psychological wellbeing and overall quality of life of nurses themselves. Although numerous interventions exist, it is unclear which approaches (individual-level vs. organisational-level) yield the greatest and most durable reductions in burnout. Guided by Maslach's tripartite burnout model and the Job Demands-Resources framework, to quantify the effects of nurse-targeted interventions on global burnout, and its three dimensions (emotional exhaustion, depersonalisation, and professional efficacy/personal accomplishment), and to explore durability and moderators (intervention type) across both individual- and organisational-level strategies. Systematic review and meta-analysis. Six databases (MEDLINE, CENTRAL, PsycINFO, CINAHL, Scopus and Web of Science) were searched from inception to October 2025. Randomised, quasi-experimental or controlled before-after studies targeting registered nurses were eligible. Risk of bias was assessed with RoB 2 (RCTs) or ROBINS-I (non-randomised). Random-effects meta-analyses generated Hedges g; heterogeneity was explored with I<sup>2</sup> and subgroup tests. GRADE informed certainty ratings. The review followed PRISMA 2020 and was prospectively registered (PROSPERO CRD420251041394). Sixty-three studies met inclusion criteria; forty-six contributed to quantitative synthesis. Interventions produced significant reductions in global burnout (g = -0.71, 95% CI -1.27 to -0.14; k = 11). Effects were strongest for emotional exhaustion (g = -1.46, 95% CI -2.64 to -0.27) and depersonalisation (g = -0.89, 95% CI -1.54 to -0.24), whereas personal accomplishment showed small, imprecise, and inconsistent changes. By intervention type, mindfulness and yoga programmes produced the most consistent improvements in exhaustion and depersonalisation; workshop-based approaches yielded smaller but favourable effects. Sensitivity analyses restricted to randomised controlled trials confirmed the direction of benefit and attenuated extreme values. No evidence of publication bias was detected. Mindfulness-based and brief positive-psychology interventions offer the most reliable and scalable pathway to mitigating nurse burnout, particularly emotional exhaustion. Hybrid relational formats (Balint groups, reflective supervision) show additional promise when paired with protected time and managerial endorsement, whereas passive educational packages are insufficient. Health-system leaders should integrate accessible digital mindfulness or gratitude-based micro-interventions into routine wellness platforms and reinforce these with team-level reflective structures. Future research should include head-to-head trials, cost-effectiveness analyses, and studies in resource-constrained settings with follow-up beyond six months."
41817603,Toward a strengths-based approach to evidence-based psychotherapy for PTSD: A qualitative comparison of veterans' and clinicians' perspectives.,2026,"Psychological trauma : theory, research, practice and policy","To explore and compare veteran and clinicians perspectives on veterans' strengths and ways strengths are used in care to promote engagement and recovery. We recruited veteran-clinician dyads from a rural Veterans Affairs Medical Center for qualitative interviews with veterans (<i>n</i> = 15) who had initiated a trauma-focused evidence-based psychotherapy (TF-EBP) with the dyad clinician (<i>n</i> = 8; some were interviewed about two veterans). They were interviewed about four types of veterans' strengths: coping skills, external supports, internal assets, and values/sources of meaning. We summarized and compared within-dyad responses. Both veterans and clinicians reported discussing strengths at least once, but they were often underutilized. Psychotherapy coping skills, internal assets, and values/sources of meaning were most commonly integrated into TF-EBPs. External supports and complementary coping skills (e.g., yoga, walking) were infrequently integrated. Differences were observed between veteran and clinician perspectives: (a) some veterans identified relationships as supportive that clinicians believed worsened TF-EBP engagement and posttraumatic stress disorder recovery, and (b) clinicians noted many internal assets that veterans did not see in themselves. Veterans bring many strengths to posttraumatic stress disorder therapy, yet these are often underused. There is a need to develop resources and adjunctive interventions for integrating strengths into TF-EBP delivery and to implement family involvement in care. (PsycInfo Database Record (c) 2026 APA, all rights reserved)."
41816531,Breath restored: yoga-based training lowers estimated lung age among individuals with opium dependence in a residential pre-post study.,2026,Frontiers in psychiatry,"Chronic opium use is associated with respiratory impairment and increased risk of respiratory-related mortality. We evaluated whether a structured, breath-centred <i>yoga</i> programme could improve pulmonary function in men with opium dependence. In this single-arm pre-post feasibility study, 38 men were enrolled during a 1-month residential de-addiction programme and 30 completers (mean age 43.5 ± 12.2 years) underwent spirometry at baseline and after a month of twice-daily, instructor-led breath-based <i>yoga</i> (<i>pranayama</i>, <i>asana</i>-linked breathing, and relaxation). Primary outcomes were within-group changes in forced vital capacity (FVC), forced expiratory volume in 1 s (FEV<sub>1</sub>), FEV<sub>1</sub>/FVC, peak expiratory flow rate (PEFR), mid-expiratory flows, and estimated lung age; paired t-tests and Cohen's d were used for inference. The intervention was associated with statistically significant increases in FVC (2.76 ± 0.94 to 3.37 ± 0.73 L; mean change +0.61 L; p < 0.001; d = 0.88) and PEFR (4.45 ± 1.95 to 6.09 ± 1.97 L·s<sup>-</sup>¹; +1.64; p < 0.001; d = 0.84), and a moderate increase in FEV<sub>1</sub> (2.34 ± 0.88 to 2.71 ± 0.79 L; +0.37; p = 0.011; d = 0.49). FEV<sub>1</sub>/FVC did not change significantly (85.65 ± 9.41% to 82.15 ± 17.55%; p = 0.404). Estimated lung age decreased by a mean of 6.72 years (47.96 ± 16.87 to 41.24 ± 14.00 years; p = 0.003; d = 0.59). No serious adverse events were reported. A month of structured breath-based <i>yoga</i> produced clinically and statistically meaningful improvements in lung volumes, expiratory flow, and estimated lung age in men with chronic opium dependence. These pilot data support testing this culturally acceptable, low-cost intervention in larger, randomized trials to confirm efficacy, explore mechanisms, and determine durability. CTRI/2025/07/089999."
41816145,A traffic light approach to lifestyle change: Health building guideline for NCD outpatients in India.,2026,Journal of family medicine and primary care,"To develop and describe a simple, culturally appropriate, evidence-based lifestyle intervention tool and administration protocol for stable NCD outpatients. A multidisciplinary team synthesized global (WHO) and national (ICMR-NIN) guidelines, behaviour-change principles (COM-B, Health Belief Model, self-efficacy), and patient/provider feedback to create a one-page bilingual handout containing 21 evidence-based recommendations classified using a traffic-light system (red: avoid; green: consume safely; yellow: lifestyle actions). A structured 7-step protocol was designed for administration by nurses/dietitians, physicians, and yoga instructors, incorporating motivational interviewing, lifestyle scoring (0-21), goal setting, practical demonstration, and follow-up. The ""Health Building Lifestyle Guideline"" and protocol were successfully piloted in an integrative health clinic serving industrial workers. Patients and providers reported high acceptability, improved comprehension, and enthusiasm for the visual traffic-light format, numeric lifestyle score, and team-based reinforcement. This novel, low-cost, replicable traffic-light lifestyle guideline with a structured 7-step delivery protocol effectively bridges the knowledge-practice gap and empowers NCD outpatients to adopt and sustain healthier behaviours. Wider implementation and formal outcome evaluation are recommended."
41812772,Effectiveness of aerobic exercise in fibromyalgia: A systematic review and network meta-analysis.,2026,Complementary therapies in medicine,"Fibromyalgia is a chronic syndrome characterized by widespread musculoskeletal pain, fatigue, depressive symptoms, and sleep disturbances, with substantial impairment in quality of life. Aerobic exercise is widely recommended as a non-pharmacological management strategy, and evidence supports benefits for both physical and psychological outcomes. However, comparative evidence on different exercise modalities remains limited. This study aimed to compare the effects of various exercise interventions on overall health status, pain intensity, depressive symptoms, and sleep quality in patients with fibromyalgia using a network meta-analysis (NMA). PubMed, Embase, the Cochrane Library, and Web of Science were systematically searched from inception to February 7, 2025, for randomized controlled trials (RCTs). An NMA was conducted to compare Baduanjin, dance, Pilates, swimming, Tai Chi, walking, yoga, and Liuzijue in patients with fibromyalgia. Effect sizes were estimated using random-effects models, and risk of bias was independently assessed using the Cochrane Risk of Bias tool. Statistical analyses were performed using Stata 15.0 and R 4.4.0. Twenty randomized controlled trials involving 1196 patients with fibromyalgia and eight aerobic exercise interventions were included. In relative-effect comparisons versus control, swimming showed the greatest improvement in overall health status (MD = -23.36; 95% CI [-40.77, -4.32]). Liuzijue showed the greatest benefit for pain intensity (MD = -3.69; 95% CI [-5.37, -2.02]) and was also most likely to improve sleep quality (MD = -5.29; 95% CI [-8.98, -1.64]). For depressive symptoms, walking had the highest treatment-ranking probability; however, its estimated effect versus control was not statistically significant (MD = -5.99; 95% CI [-14.67, 2.74]). Among single-form aerobic exercise interventions for fibromyalgia, swimming appeared to provide the greatest improvement in overall health status, while Liuzijue showed favorable effects on pain reduction and sleep quality. Walking ranked highest for depressive symptoms, but the evidence for its effect was uncertain. These findings support consideration of selected aerobic exercise modalities as complementary non-pharmacological options in fibromyalgia management, while further high-quality RCTs are needed to strengthen the evidence."
41812552,"Contributions of yoga and aerobic exercise to acute changes in state affect, circulating BDNF and eCB concentrations, and memory.",2026,Psychoneuroendocrinology,"Acute exercise modulates circulating exerkines and affective states, yet it remains unclear whether mind-body exercise modalities, such as yoga, elicit responses observed in aerobic exercise. This study examined the acute effects of yoga, stretching, moderate-intensity aerobic exercise, and low-intensity aerobic exercise on exerkines and affect. Eighty-eight adults (52% female; mean age = 23.3 ± 5.79 years) were randomized to one of two study arms: aerobic exercise (moderate-intensity = 70-75% heart rate max and low-intensity = 40-50% heart rate max) or mind-body exercise (yoga and stretching). At two laboratory visits, participants completed 30-minutes of each condition within their assigned arm in a counterbalanced order. Venous blood collected immediately before and after exercise was analyzed for brain-derived neurotrophic factor (BDNF) and endocannabinoids (N-arachidonoylethanolamine [AEA], 2-arachidonoylglycerol [2-AG]). State anxiety and positive and negative affect were assessed pre- and post-exercise. Linear mixed-effects models tested pre-to-post changes and condition interactions. Moderate-intensity aerobic exercise increased circulating concentrations of AEA (b = 0.10, p = .005), while 2-AG and BDNF concentrations were unchanged across conditions. All four exercise conditions decreased state anxiety and negative affect, whereas only yoga, stretching, and moderate-intensity aerobic exercise increased positive affect. Pre-to-post AEA increases were correlated with changes in positive affect (b = 0.18, p = .041). In this randomized study-arm design, moderate-intensity aerobic exercise uniquely increased AEA, whereas affective improvements were observed across modalities. These findings implicate cardiovascular intensity in the endocannabinoid response to exercise, while diverse forms of acute exercise are associated with short-term affective benefits."
41809163,Role of lifestyle modifications in glaucoma: A systematic review.,2026,World journal of methodology,"Glaucoma is a group of eye diseases that lead to irreversible damage to the optic nerve and gradual vision loss. Although it can occur at any age, it is most commonly seen in people over 40. Globally, around 60.5 million people are currently affected, and this number is expected to rise to over 110 million by 2040. Often called the ""silent thief of sight"", glaucoma typically progresses without noticeable symptoms until significant vision has already been lost, making it a major cause of visual disability worldwide. Despite advancements in research, lowering intraocular pressure (IOP) remains the only proven way to slow or halt disease progression. To explore the potential role of lifestyle modifications in the prevention and management of glaucoma, particularly as complementary strategies alongside traditional IOP-lowering treatments. An extensive review of existing literature was carried out to examine the effects of various lifestyle factors-including diet, physical activity, yoga practices, sleep posture, and the use of nutritional supplements-on the development and progression of glaucoma. Several studies suggest that lifestyle changes may have a positive impact on glaucoma outcomes. Regular physical exercise, balanced nutrition, certain yoga postures, and proper sleep positioning have been associated with benefits for eye health. Additionally, some supplements may support the optic nerve and contribute to slowing disease progression. These approaches, which are already recognized in the management of other chronic conditions like diabetes and hypertension, show promise in glaucoma care as well. While lowering IOP remains the cornerstone of glaucoma treatment, there is growing interest in the role of lifestyle choices in influencing disease progression. Adopting healthier habits may serve as a valuable addition to existing treatment plans. More clinical research is needed to better understand these connections and to guide practical recommendations for patients and clinicians alike."
41807980,Investigating complementary and alternative medicine in Norwegian hospitals: a cross-sectional study with process evaluation.,2026,BMC complementary medicine and therapies,"BACKGROUND: Hospitals worldwide have expanded their offerings of Complementary and Alternative Medicine (CAM) in recent years. However, there is a lack of updated data about CAM services offered in Norwegian hospitals. This study aimed to investigate the prevalence of CAM in Norwegian hospitals and explore how CAM is practiced within these hospitals. METHODS: This study employed a mixed-methods approach, including a cross-sectional survey administered to all Norwegian hospitals (response rate, 74%; n = 215) and a process evaluation with healthcare providers (n = 11) practicing CAM at these hospitals. Survey data were analyzed using descriptive statistics, Pearson chi-square test, Fisher exact test, and binary logistic regression. Content analysis was employed to analyze the process evaluation data. RESULTS: More than half of the hospitals (54%, n = 115) reported offering CAM to patients, and the highest prevalence was reported at clinics for substance abuse (77%, n = 27) and psychiatric hospitals (75% n = 41). Acupuncture (21%, n = 45), expressive art therapy (21%, n = 45), and yoga (21%, n = 45) were the most used modalities. In a process evaluation, four main themes were identified: the incorporation of CAM at hospitals, Reasons for offering CAM at hospitals, Advantages of offering CAM at hospitals, and the Safety of CAM. CONCLUSION: This study demonstrates that CAM is widely offered in Norwegian hospitals, consistent with previous research. While participants in the process evaluation viewed CAM as a holistic and beneficial approach to care, its adoption remains inconsistent across institutions. This variability, likely due to the lack of defined CAM roles and job descriptions, may pose indirect risks to both healthcare providers and patients. Standardized guidelines are needed to ensure safe and fair implementation."
41807881,Integrative medicine for pain among adolescent and young adult patients with cancer: a scoping review.,2026,Journal of cancer survivorship : research and practice,"Pain is common and debilitating among adolescents and young adults (AYAs, aged 15-39 years) with cancer. Conventional pain management is often insufficient and carries risks, particularly opioid misuse. Integrative medicine (IM) interventions offer promising nonpharmacological strategies, but evidence for AYAs remains unclear. This scoping review mapped the existing literature on IM interventions for pain management in AYAs with cancer and identified gaps to guide future research. We searched PubMed, Embase, and Scopus from database inception through August 31, 2025. Eligible studies included AYAs with cancer receiving IM interventions where pain was an outcome. Data were extracted on study characteristics, populations, interventions, pain outcomes, and qualitative findings. From 3,494 records, 22 studies met inclusion criteria, with only 7 (31.8%) being randomized clinical trials (N were all less than 150). Interventions included acupuncture, massage, yoga, mindfulness, music therapy, exercise, osteopathic manipulation, aromatherapy, and multimodal approaches. Pain was a common reason for IM use in descriptive studies. Ten of 15 studies reported that IM interventions improved pain outcomes either quantitatively or qualitatively. Evidence was limited by few prospective studies, small sample sizes, heterogeneous measures, and short follow-up. IM interventions may improve pain for AYAs, but evidence is extremely limited. Rigorous prospective research is needed to build the evidence base and inform integration of IM into AYA pain management. IM interventions show promise in reducing pain for AYAs, but AYA-focused intervention development and clinical trials are needed to guide evidence-based integration into routine care."
41805563,Mapping Tridosha Prakriti to Anthropometric Somatotype and Body Composition: A Cross-sectional Study.,2026,Advances in mind-body medicine,"Ayurveda prioritizes prevention and personalized treatment based on Tridosha composition. Very few studies have adopted the transdiagnostic approach of associating Tridosha with anthropometric and body composition parameters, especially in the Indian population. To map Tridosha with anthropometric somatotypes and body compositions, and develop regression models for predicting Vata, Pitta, and Kapha from physical parameters. This cross-sectional study assessed 57 healthy male Indian university students who underwent anthropometric and body composition assessments including Heath-Carter somatotyping, and Tridosha profiling (using Ayusoft®). Chi-square tests with Cramer's-V statistics evaluated associations between Tridosha, somatotype, and body mass index (BMI) categories. Least absolute shrinkage and selection operator (LASSO) regression models were developed to predict Vata, Pitta, and Kapha from physical parameters. Vata and Kapha showed significant (P < .001) negative and positive correlations, respectively, with weight, BMI, lean body mass, soft lean mass, mean body fat, body fat%, waist and hip circumference, waist-height ratio, endomorph, and mesomorph. Pitta showed a similar trend as Kapha in waist circumference, BMI, waist-height and height-weight ratio, mesomorph, and ectomorph only; however, the correlations were weak (|r| < 0.32). LASSO regression identified that anthropometric and body composition parameters significantly predict Vata (R2 = 0.77, RMSE = 4.92) and Kapha (R2 = 0.60, RMSE = 6.77), while Pitta (R2 = 0.24, RMSE = 6.45) appeared independent of these measurements. This transdiagnostic relationship between Tridosha, body composition, and somatotype maps traditional Ayurvedic knowledge with contemporary science, and has potential implications for integrative healthcare applications. Anthropometry, Ayurveda, Ayusoft, Body Fat, Prakriti, Somatotype."
41805562,Effect of Sookshma Meditation on Cognition and Mental Health Among Students: A Pilot Study.,2026,Advances in mind-body medicine,"Meditation is increasingly recognised for its potential to enhance cognitive function and mental well-being, particularly among students experiencing academic stress. Sookshma Meditation, a practice that integrates subtle physical movements with breath awareness, offers a unique approach to enhancing mental health and cognitive performance. This pilot study aimed to evaluate the effects of Sookshma Meditation on cognitive functions and mental health among students. A pilot randomized controlled trial was conducted with 42 students, aged 19-25 years, and randomly assigned to a study group (n=20) and a control group (n=22). Both interventions lasted 30 minutes, five days a week for 4 weeks. The study group practised Sookshma Meditation, a structured technique incorporating subtle physical movements to release tension, breath awareness, heart-centred self-compassion affirmations, and silent chanting. The control group engaged in 10 minutes of slow mindful walking followed by 20 minutes of seated simple breath observation. Cognitive parameters were assessed pre- and post-intervention using the Mini-Mental State Examination (MMSE), Trail Making Tests A and B, and P300 event-related potential latency and amplitude. The Sookshma Meditation group exhibited significant within-group improvements, including reduced P300 rare stimuli (P= .032), increased P300 amplitude (P = .036), reduced Trail Making Test B scores (P < .001), and increased MMSE scores (P < .001). The control group showed significant within-group improvement only in reduced Trail Making Test B completion time (P = .009), without significant changes in P300 parameters or MMSE scores. Comparison of change scores between groups revealed significantly higher improvements in the Sookshma Meditation group for Trail Making Test B (P < .001) and MMSE (P = .012). Sookshma Meditation is associated with positive effects on cognitive function in students, including improved attention, cognitive flexibility, and global cognition. These preliminary findings suggest its potential as a practical intervention for enhancing academic performance through better cognitive abilities. Further studies with larger sample sizes, multicentric designs, and longer follow-up are warranted. Yoga, Meditation, Cognition, Mindfulness, Adult."
41805561,"Improvement from Irritable Bowel Syndrome and Anxiety Through Integrative Yoga, Meditation and Naturopathy: A Case Report.",2026,Advances in mind-body medicine,"Irritable bowel syndrome is a major disorder of the gut-brain axis commonly caused by psychological distress. We report the case of a 21-year-old patient with a long-standing history of IBS-related symptoms. The diagnosis was established in accordance with the Rome IV criteria. Despite prolonged pharmacotherapy, the patient experienced minimal symptomatic improvement. Consequently, an integrative approach incorporating Sudarshan Kriya Yoga, Sahaj Samadhi Meditation and naturopathy, was introduced alongside standard-of-care treatment. Both clinical and psychological assessments were conducted. Following nine months of intervention, the patient demonstrated marked improvement in stool consistency (approximately 80% formed stools), a reduction in stool frequency, and a significant decrease in anxiety levels. Irritable Bowel syndrome, Gut health, Generalized anxiety disorder, Sudarshan Kriya, Sahaj Samadhi Meditation, Naturopathy."
41804524,Understanding the Link Between Spirituality and Neurorehabilitation: A Narrative Review.,2026,NeuroRehabilitation,"BackgroundSpirituality is an essentially universal human experience and is incorporated into concepts of health and well-being in many cultures. The spiritual domain of quality of life, spared in the disability paradox, may be harnessed for recovery through internal adaptation and coping skills. This can help the individual attain his/her full potential while optimizing health-related quality of life. This narrative review explored the role of spirituality in neurorehabilitation.MethodsWe conducted a narrative review of relevant articles published between 2000 and 2024 using the following search terms: ""spirituality"", ""spiritual care"", ""neurorehabilitation"", ""stroke rehabilitation"", ""brain injury rehabilitation"", ""spinal cord injury"", ""Parkinson's disease"", ""recovery"", ""neuroplasticity"", ""music therapy"". Similar articles were harmonized to avoid redundancy.ResultsWe retrieved 9,200 articles. After the removal of non-relevant duplicates, 50 articles were reviewed. We observed that many cultures have recognized the experience of spirituality and its impact on health for centuries. Recent advances in neuroradiology have enabled us to map such experiences to specific brain pathways. Their activation is associated with increased neuronal activities that potentially lead to the strengthening of existing synapses, the formation of new synapses, and spatial re-orientation of neuronal networks, suggesting that spiritual activation may favorably contribute to neuroplasticity. There is emerging evidence that supports the benefits of spiritually-based interventions such as meditation, prayer, singing, dancing, yoga, and others for improvement in patients.ConclusionWhile observational data are strong, more randomized controlled trials (RCTs) are needed to establish the role of spiritual interventions and inclusion in neurorehabilitation guidelines towards achieving holistic restoration."
41800211,Baicalein downregulates kinase-based and estrogen signaling pathways in breast cancer stem cells: an integrated bioinformatics and gene expression study.,2026,Cytotechnology,"Breast cancer stem cells (BCSCs) are one of the causes of drug resistance and disease recurrence due to their capacity for self-renewal and heterogeneity induction. A new BCSC-targeting agent has become a prospective approach to overcome resistance. Baicalein (5,6,7-trihydroxyflavone), a flavonoid extracted from <i>Scutellaria baicalensis</i>, has demonstrated anticancer activities in several models, including breast cancer. However, further elucidation of its effects on BCSCs is required. This study utilizes integrative bioinformatic approaches to identify the potential targets of baicalein in overcoming BCSC. <i>In vitro</i> experiments confirmed the top ten target genes recognized during a previous bioinformatic analysis of MCF-7 as a mammosphere for cytotoxicity and gene expression assays. We identified the potential baicalein target genes in BCSCs, which include <i>CTNNB1</i>, <i>STAT3</i>, <i>BCL2</i>, <i>HIF1A</i>, <i>ESR1</i>, <i>TNF</i>, <i>CCND1</i>, <i>IL6</i>, <i>JUN</i>, and <i>MAPK3</i>. Gene annotation and Kyoto Encyclopedia of Genes and Genome (KEGG) pathway analysis revealed a possible attenuation of the estrogen signaling pathway by baicalein and its involvement in cell cycle regulation. We successfully constructed a three-dimensional (3D) mammosphere culture and characterized it to possess higher levels of ""stemness-associated"" factors (<i>OCT4</i> and <i>SOX2</i>) compared to two-dimensional (2D) cultures. Baicalein did not demonstrate any significant effects on cell viability in both 2D and 3D cultures, although a decline was observed in 2D cultures. qRT-PCR revealed that baicalein suppressed all hub genes. Furthermore, molecular docking confirmed the gene expression patterns and that baicalein had better binding affinity to CTNNB1, STAT3, TNF, JNK1, and mitogen-activated protein kinase (MAPK) than the respective native ligands. In addition, other proteins also interacted with baicalein, as reflected by the docking scores. Baicalein was identified to interact with ten potential targets through a bioinformatics study, although it did not exhibit cytotoxicity in 2D and 3D MCF-7 cultures. However, a downward trajectory was observed in the expression levels of hub genes related to kinase pathways, like Wnt/β catenin, PI3K/Akt, and MAPK, as well as inflammation-associated genes that correlate with BCSC survivability. One of the most prominent was the estrogen signaling pathway, which was supported by the molecular docking results. Future research directions included confirmation of baicalein's efficacy and toxicity through <i>in vivo</i> approaches, as well as to understand its efficacy as a combination chemotherapeutic agent. The online version contains supplementary material available at 10.1007/s10616-026-00917-9."
41799771,"Effect of Virtual Reality-Based Mindfulness Program vs Audio-Guided Mindfulness on Depression, Sleep, and Quality of Life in Dementia Family Caregivers: An Exploratory Randomized Controlled Trial.",2026,International journal of medical sciences,"Family caregivers of individuals with dementia often experience significant psychological and physical burdens. While mindfulness-based interventions have shown potential in improving caregiver well-being, the effects of integrating virtual reality (VR) technology into these interventions remain underexplored. This study compared a VR-based mindfulness program with an audio-guided mindfulness program on depression, sleep quality, and quality of life among family caregivers of people with dementia. An exploratory randomized controlled trial was conducted with 16 dementia family caregivers. Participants were randomly assigned to a VR-based mindfulness intervention group or an audio-guided mindfulness active control group. The six-week intervention included practices such as mindful breathing, body scanning, and yoga. The primary outcome was depression (Center for Epidemiologic Studies Depression Scale, CES-D). Secondary outcomes were sleep quality (Chinese Pittsburgh Sleep Quality Index, CPSQI) and quality of life (WHOQOL-BREF Taiwan version). Outcomes were assessed at baseline and post-intervention. Within-group changes were assessed using the Wilcoxon signed-rank test, and between-group differences in change scores were compared using the Mann-Whitney U test. Both groups showed significant within-group improvements in depression (VR: -4.50, <i>p</i> = .012; audio: -4.00, <i>p</i> = .012), sleep quality (VR: -1.50, <i>p</i> = .012; audio: -1.50, <i>p</i> = .017), and quality of life (VR: +2.00, <i>p</i> = .012; audio: +3.00, <i>p</i> = .012). Although between-group differences were not statistically significant, no VR-related adverse symptoms were reported, and the findings support further evaluation of VR-delivered mindfulness in larger trials. Both VR-based and audio-guided mindfulness interventions were associated with within-group improvements in depression, sleep, and quality of life in dementia caregivers. VR offers an engaging alternative for mindfulness delivery, with potential to enhance user experience. Given the small sample size, these findings should be interpreted cautiously, and larger studies are needed to examine VR's added benefits."
41796643,Feasibility and preliminary efficacy of an online yoga program for managing symptoms of post-treatment lyme disease syndrome.,2026,Complementary therapies in medicine,"We evaluated the feasibility and efficacy of a 12-week synchronous online yoga program for managing post-treatment Lyme disease syndrome (PTLDS) symptoms, focusing on pain, physical functioning, and cognitive performance. Thirteen participants with PTLDS (aged 21-60 years; 92% female) participated in 75-minute weekly sessions led by certified yoga instructors, with 15-20 min of daily homework on five non-treatment days. Outcome measures included the Health-Related Quality of Life - Short Form (SF-36), Brief Pain Inventory (BPI), and the Cambridge Neuropsychological Test Automated Battery (CANTAB). The primary feasibility goals were met with a retention rate of 92.50%, treatment adherence of 82.70%, and a treatment satisfaction score of 3.4/4. The missing data rate was low at 3.90%. Significant improvements were observed in pain levels, as indicated by the SF-36 pain scale (t[11] = -3.19, p = 0.01, d = -0.92), and pain interference significantly decreased during daily activities, as measured by the BPI (t[11] = 2.61, p = 0.02, d = 0.75). Participants also reported fewer physical limitations during personal activities (t[11] = -2.46, p = 0.03, d = -0.71; SF-36). Cognitive improvement was indicated by a significant reduction in errors on the CANTAB Spatial Working Memory task (t[8] = 3.11, p = 0.02, d = 1.04). Online yoga is feasible and associated with significant reductions in pain, improved physical functioning, and enhanced cognitive performance among participants with PTLDS. These findings suggest that online yoga may be a scalable, accessible, and effective intervention for managing PTLDS symptoms."
41791601,Effects of different mind-body interventions for pregnant women on mental health: A systematic review and network meta-analysis of randomized controlled trials.,2026,Journal of affective disorders,"Maternal mental health is a key determinant of maternal well-being, fetal development, and family harmony. Although various antenatal mental health interventions exist, their comparative efficacy needs further investigation. To evaluate Mindfulness-Based Childbirth and Parenting (MBCP), Mindfulness-Based Stress Reduction (MBSR), Mindfulness-Based Cognitive Therapy (MBCT), Cognitive-Behavioral Therapy (CBT), Music, and Yoga on maternal mental health outcomes to guide targeted intervention strategies. A systematic search of PubMed, Web of Science, Cochrane Library, Embase, Science Direct, and Medline was conducted from inception to May 1, 2025, to identify RCTs on six mind-body interventions in pregnant women. The primary outcome was depression and anxiety. The secondary outcomes were stress, pain, mindfulness, and self-efficacy. This study followed the Preferred Reporting Items for Systematic Reviews and Meta-analysis (PRISMA) and was registered in PROSPERO (CRD420251030950). Fifty-three RCTs (n = 10,167) were included. Compared with the control group, MBSR showed a significant reduction in depression [SUCRA = 93.07%, SMD = -1.66, 95%CI = (-2.25, -1.07)], anxiety [SUCRA = 87.79%, SMD = -1.94, 95%CI = (-2.77, -1.12)], and stress [SUCRA = 88.3%, SMD = -2.03, 95%CI = (-2.66, -1.40)]. Yoga showed significantly reducing on pain [SUCRA = 66.03%, SMD = -0.79, 95%CI = (-1.24, -0.35)] and enhancing self-efficacy [SUCRA = 80.13%, SMD = 0.85, 95%CI = (0.34, 1.37)]. MBCP showed a significant improvement in mindfulness [SUCRA = 87.10%, SMD = 0.72, 95%CI = (-0.15, 1.59)]. Different mind-body interventions may be associated with improvements in specific outcome domains. MBSR showed more consistent associations with reductions in depressive, anxiety, and stress, whereas yoga was more commonly associated with improvements in pain and self-efficacy, and MBCP with mindfulness. These findings should be interpreted cautiously given limited sample sizes and the lack of direct comparisons."
41791179,"Effects of a nurse-led yoga program on cancer-related fatigue, psychological distress, and health-related quality of life among women with gynecological cancer: A single-blind randomized controlled trial.",2026,International journal of nursing studies,"Cancer-related fatigue and psychological distress are highly prevalent and impose a substantial burden on women with gynecological cancer receiving chemotherapy or chemoradiotherapy, yet they are often undertreated. Yoga, as a holistic intervention, has shown promise in alleviating these burdens and enhancing health-related quality of life among patients with breast cancer. However, evidence supporting its effectiveness in women with gynecological cancer remains limited. To evaluate the effects of a nurse-led yoga program, compared with usual care, on cancer-related fatigue, psychological distress, and health-related quality of life among women with gynecological cancer undergoing chemotherapy or chemoradiotherapy. An assessor-blinded, two-arm randomized controlled trial with a 1:1 parallel-group design. Women with gynecological cancer receiving chemotherapy or chemoradiotherapy were recruited from a tertiary cancer hospital in Jinan, China. Participants were randomly assigned to receive either a 6-week nurse-led yoga program plus usual care (intervention group) or usual care alone (control group). The primary outcome was cancer-related fatigue, and the secondary outcomes were psychological distress (distress, anxiety, and depressive symptoms) and health-related quality of life. Outcomes were assessed at baseline (T0), immediately after the 6-week intervention (T1), and 1 month after the 6-week intervention (T2). The effects of the intervention were analyzed using generalized estimating equations models. Participants in the intervention group reported significantly greater reductions in cancer-related fatigue (T1: β: -0.92, 95% CI: -1.50, -0.35, p = 0.002; T2: β: -0.71, 95% CI: -1.40, -0.03, p = 0.042) and distress (T1: β: -1.20, 95% CI: -2.05, -0.34, p = 0.006; T2: β: -1.19, 95% CI: -2.23, -0.16, p = 0.024) compared with the control group at T1 and T2. Despite no significant between-group differences being observed in overall health-related quality of life, significant improvements were noted in the subscales of physical well-being at T1 (β: 1.89, 95% CI: 0.31, 3.47, p = 0.019) and functional well-being at T2 (β: 2.67, 95% CI: 0.34, 5.00, p = 0.025) in the intervention group relative to the control group. The nurse-led yoga program was effective in alleviating cancer-related fatigue and distress in women with gynecological cancer undergoing chemotherapy or chemoradiotherapy. Yoga may be considered a part of routine care for this population where resources permit. Chinese Clinical Trial Registry (ChiCTR2400083352, registration date: 22/04/2024, first recruitment: 29/04/2024)."
41791008,"Adapting Yoga Therapy to Meet the Needs of Inpatients Undergoing Hematopoietic Stem Cell Transplantation: Insights From an International, Multisite, Qualitative Study.",2026,JCO global oncology,"Yoga therapy (YT) is a growing mind-body approach in oncology. However, its integration into hematopoietic stem cell transplantation (HSCT) remains limited, particularly in non-Western and resource-constrained settings. This formative qualitative study aimed to explore the lived experiences of HSCT patients in the United States, India, and Tanzania to inform the development of a culturally adapted YT protocol. Fifteen post-HSCT adult participants were recruited from three international cancer centers using purposive sampling. Semistructured interviews were conducted in participants' preferred languages, transcribed, and thematically analyzed by an interdisciplinary team. Themes were mapped to domains of the Adaptome framework to guide adaptation decisions. Across sites, fatigue, sleep disruption, isolation, and emotional distress were common. Participants expressed interest in supportive, noninvasive interventions like yoga, but familiarity varied by region. Cultural adaptations included neutral, nonreligious language for meditation, flexible session timing, caregiver inclusion, same-language preference, and same-sex therapist. Contextual adaptations addressed environmental limitations (eg, space constraints, infection precautions), such as bed- and chair-based modules. Participants recommended short (20-30-minute), afternoon sessions with hybrid delivery options. Trust in the person introducing yoga (eg, physician <i>v</i> therapist) emerged as a culturally relevant factor. This formative study offers critical insights into adapting (YT) for patients undergoing HSCT across diverse global contexts. Using the Adaptome framework, we applied a systematic, culturally, and contextually responsive approach that preserved core therapeutic elements while enhancing feasibility and relevance. These evidence-based adaptations directly informed the design and implementation of a single-arm, phase II trial of adjunct yoga in HSCT patients."
41790706,The effects of structured aerobic exercise and mind-body exercise on cognitive function in older adults with MCI: Systematic review and meta-analysis.,2026,Medicine,"Global aging has increased the prevalence of dementia, with mild cognitive impairment (MCI) representing a critical window for intervention. While exercise is recognized for mitigating cognitive decline, the comparative effectiveness of mind-body versus structured aerobic exercise remains unclear. Search sources included PubMed, Web of Science, and the Cochrane Library. Randomized controlled trials (RCTs) assessing mind-body exercise (tai chi, yoga, and dance) or structured aerobic exercise (walking and cycling) in patients with MCI aged over 50 years were included. The Mini-Mental State Examination (MMSE), Montreal Cognitive Assessment (MoCA), and Alzheimer's Disease Assessment Scale-Cognitive Subscale (ADAS-Cog) were used as outcome measures. Random- or fixed-effects meta-analyses were conducted using RevMan 5.4.1. Heterogeneity was assessed using the I2 statistic. Subgroup analyses examined intervention parameters. Twenty-six randomized controlled trials (n = 2,555) were included. Mind-body exercise significantly improved MMSE (mean difference [MD] = 1.27, 95% confidence interval [CI]: 0.99-1.55, P < .01), MoCA (MD = 1.89, 95% CI: 0.78-3.00, P = .0008), and ADAS-Cog (MD = -2.09, 95% CI: -2.94 to -1.25, P < .00001) versus controls. Structured aerobic exercise showed non-significant effects on MMSE (MD = 0.37, P = .21) and MoCA (MD = -0.49, P = .26), with modest improvement on ADAS-Cog (MD = -1.41, P = .002). Optimal mind-body parameters include ≥20 weeks' duration, ≥60 minutes per session, and ≥3 times per week. Mind-body exercise demonstrates superior cognitive benefits compared with structured aerobic exercise in older adults with MCI. It is advised to prioritize mind-body exercise interventions at least 3 times per week, for 60 minutes per session, for at least 20 weeks. Limitations include heterogeneity and geographic bias; these findings warrant confirmation through multicenter trials."
41783263,Sound-based Meditation Alters Brain Activity: EEG Evidence for Power Reduction and Enhanced Conscious Alertness.,2026,Annals of neurosciences,"Meditation is known to modulate neural activity and enhance cognitive and emotional well-being. While previous studies have largely reported increases in alpha and theta activity, the neurophysiological effects of structured sound-based meditation practices remain underexplored. This study investigated the neurophysiological and subjective effects of rhythmic sound meditation (RSM) compared to a resting state (RS) condition. We aimed to identify EEG spectral patterns and changes in subjective alertness during this meditation protocol. Fifteen healthy adults (mean age = 24.8 ± 3.6 years) participated in two 26-minute sessions (RSM and RS) in a randomised, counterbalanced design. EEG data were recorded using a 64-channel actiCHamp system, and power spectral density was analysed across delta, theta, alpha, beta, and gamma bands. Subjective alertness was assessed before and after the sessions using the Stanford Sleepiness Scale (SSS). Statistical analyses were conducted using Yuen's paired <i>t</i>-test with FDR correction. RSM reduced EEG power across all frequency bands, particularly in prefrontal and frontocentral regions, compared to RS (<i>p</i> < .05, FDR-corrected). Power reductions were observed across delta, theta, alpha, beta, and gamma bands, with the most pronounced effects in frontal areas. SSS scores showed increased alertness post-RSM (93.3% alert) versus decreased alertness post-RS (73.3% alert). RSM induced distinct neurophysiological changes, characterised by widespread EEG power suppression in frontal regions and heightened subjective alertness. These findings support its potential for promoting altered states of consciousness, contributing to the neuroscientific understanding of sound-based meditation."
41782516,Effect of Yoga Intervention for Health Care Workers During the COVID-19 Pandemic: A Systematic Review.,2026,Journal of integrative and complementary medicine,"Health care workers (HCWs) faced unprecedented stress, anxiety, and burnout during the COVID-19 pandemic. Yoga, a mind-body practice combining physical postures, breathing, and meditation, has demonstrated benefits for mental and physical resilience. This systematic review evaluated the effectiveness of yoga interventions in addressing mental health challenges and promoting overall well-being among HCWs during the pandemic. This review adhered to Preferred Reporting Items for Systematic Reviews and Meta-Analyses guidelines. Comprehensive searches of PubMed, EMBASE, and Cochrane CENTRAL were conducted up to November 2024 using terms including ""yoga,"" ""COVID-19,"" and ""health care workers."" Eligible studies involved HCWs receiving yoga interventions compared with nonyoga controls. Outcomes included stress, anxiety, depression, sleep quality, and physiological parameters. Randomized controlled trials, cohort studies, and observational studies were included. Quality assessment was performed using the Cochrane Risk of Bias Tool (RoB 1.0). Certainty of evidence assessment was conducted with Grading of Recommendations Assessment, Development and Evaluation. Of 134 studies identified, 11 met the inclusion criteria. Participants included HCWs from India, Turkey, and the United States, with intervention durations ranging from 2 to 12 weeks. Yoga consistently reduced stress, anxiety, and depression, with improvements in sleep quality and quality of life. Physiological benefits included enhanced autonomic function and reduced levels of inflammatory markers. App-based and tailored yoga protocols showed potential for scalability and accessibility. The overall quality of the included studies was moderate. Yoga interventions demonstrated significant benefits in mitigating mental health challenges and enhancing overall well-being in HCWs during the COVID-19 pandemic. These findings underscore the value of yoga as a holistic support for HCWs in high-stress environments."
41782111,"Effects of yoga interventions on Anti-Müllerian hormone, androgen levels, and metabolic parameters in women with polycystic ovary syndrome: a systematic review.",2026,BMC complementary medicine and therapies,"INTRODUCTION: Polycystic Ovary Syndrome is among the most prevalent endocrine disorders in women. Yoga has been suggested to affect hormonal and metabolic pathways, with implications for PCOS. To systematically review the effect of yoga on Anti-Müllerian hormone (AMH), androgen level, and metabolic parameters in women with PCOS. METHODS: The search was carried out in Scopus, Embase, PubMed, Web of Science, Cochrane Trials, and Clinical Trials to identify randomized controlled trials (RCTs). Females with confirmed diagnoses (Rotterdam criteria), undergone yoga intervention were included to explore its effects on AMH, androgen levels, and metabolic parameters. The Revised Cochrane risk-of-bias tool for randomized trials (RoB 2) was used to assess the risk of bias. Due to the limited number of included studies and data heterogeneity, a meta-analysis was not performed; However, descriptive summaries of included studies are presented. RESULTS: Five publications were included; however, three were identified as linked reports from a single clinical trial. Consequently, the review represents data from 258 unique participants. Only one reported result for AMH level with a mean difference and (95% CI) of changes of -2.03 ng/mL (-4.08 to 0.02), testosterone level, -8.61 ng/dL (-21.80 to 4.58), LH level -7.10 mIU/mL (-12.26 to -1.93), FSH 0.08 mIU/mL (-1.52 to 1.36). Two studies showed a mean difference and (95% CI) of changes for FBG level -4.50 mg/dL (-6.61 to -2.39) and -4.90 mg/dL (-12.34 to 2.54). Three studies showed a low risk of bias, one study had a moderate risk, and one exhibited a high risk of bias. CONCLUSION: The present review suggests that yoga may influence AMH level, androgen level, and insulin levels in PCOS; the evidence is limited, but it is still recommended to have robust RCTs on the long-term effect of yoga on PCOS. The visual presentation of the current systematic review is presented in Fig. 3. TRIAL REGISTRATION: PROSPERO Trial Registration number: ID: CRD42022342913 (10/07/2022)."
41781312,"The Effect of Yoga and Relaxation Techniques on Anxiety, Stress Levels, and Quality of Life in Parents of Children Diagnosed with Cancer: A Systematic Review and Meta-analysis.",2026,Seminars in oncology nursing,"This systematic review and meta-analysis aimed to synthesize the available evidence on the effectiveness of yoga and relaxation-based interventions in improving psychological well-being, coping capacity, and quality of life among caregivers of children with cancer. A comprehensive literature search was conducted across seven electronic databases (PubMed, Cochrane Library, MEDLINE, ScienceDirect, CINAHL Complete, EBSCOhost, and Scopus) for studies published between January 2010 and July 2025. Outcomes of interest were anxiety, depression, stress, and quality of life, assessed using validated instruments. Data were extracted independently by two reviewers, and pooled effect sizes were calculated using Hedges' g with random- or mixed-effects models depending on heterogeneity. Six studies were included in the meta-analysis, with sample sizes ranging from 15 to 60 participants. The yoga and relaxation-based interventions showed favorable tendencies but did not yield statistically significant effects across psychological outcomes. For state anxiety, five studies were analyzed, resulting in a non-significant effect size under the mixed-effects model (Hedges' g = -1.687, P = .092). Similarly, four studies examining trait anxiety reported a non-significant pooled effect (Hedges' g = -1.701, P = .089). Two studies assessed depression, which also demonstrated a non-significant effect size (Hedges' g = 0.747, P = .455). For stress, two studies indicated a non-significant pooled effect (Hedges' g = 0.973, P = .331). Three studies investigating quality of life found no significant effect (Hedges' g = 0.714, P = .475). Yoga and relaxation-based interventions may provide psychological benefits for parents of children with cancer, although the current evidence remains insufficient and inconsistent due to small sample sizes, methodological variability, and substantial heterogeneity. Given their feasibility, safety, and low cost, yoga and relaxation-based interventions should be considered as supportive strategies to help parents cope with the psychological demands of caregiving."
41777780,The effect of exercise interventions on mental health in children and adolescents with attention-deficit/hyperactivity disorder: a meta-analysis.,2026,Frontiers in psychology,"Mental health issues such as anxiety and depression are common comorbidities in individuals with Attention-Deficit/Hyperactivity Disorder, exacerbating functional impairments. Exercise interventions show promise as a non-pharmacological approach, but their specific efficacy on mental health in the ADHD population remains controversial. This study aimed to evaluate the effect of exercise interventions on mental health in children and adolescents with ADHD and to explore potential moderating factors. This meta-analysis adhered to the PRISMA guidelines and was registered with PROSPERO (CRD420251162082). We systematically searched five electronic databases, including PubMed and Web of Science, from inception until October 2025. Randomized or quasi-randomized controlled trials evaluating the impact of exercise interventions on mental health (depression, anxiety, emotion regulation) in individuals with ADHD were included. Study quality was assessed using the Cochrane Risk-of-Bias tool (ROB 2) and the PEDro scale. The standardized mean difference (SMD) was calculated as the effect size using random-effects models. Data analysis was performed using Stata 18.0. Eighteen studies were included in the meta-analysis. The results demonstrated that exercise interventions had a significant positive effect on improving depressive symptoms (SMD = 0.42, 95% CI: 0.13-0.71) and emotion regulation ability (SMD = 0.47, 95% CI: 0.06-0.92) in individuals with ADHD. Exercise interventions also significantly alleviated anxiety symptoms (SMD = 0.43, 95% CI: 0.006-0.84). Exploratory subgroup analyses suggested that mind-body exercises (e.g., yoga) may be associated with particularly larger improvements in depression (SMD = 0.46) and anxiety (SMD = 0.80), while moderate-intensity exercise appeared to show favorable efficacy for depression (<i>SMD</i> = 0.54). Meta-regression indicated a potential, though statistically non-significant, trend for the effect on depression to diminish with increasing age. This meta-analysis provides evidence supporting exercise interventions, particularly mind-body and moderate-intensity exercise, as an effective adjunctive approach for improving mental health in individuals with ADHD. Exploratory findings suggest that mind-body and moderate-intensity exercises may offer specific benefits; however, further high-quality studies are warranted to confirm these specific parameters. The findings provide preliminary insights for developing individualized exercise prescriptions, emphasizing the need for caution in generalizing specific exercise types and intensities. https://www.crd.york.ac.uk/prospero/, identifier CRD420251162082."
41773357,A Comparative Study of Yoga and Physical Exercise on Visual Reaction Time in Healthy Individuals: A Randomized Controlled Trial.,2026,La Clinica terapeutica,"Reaction time (RT) is a prime measure of how quickly the brain is able to process information and coordinates a physical response through neuromuscular pathways. It depicts both cognitive processing speed and motor execution efficiency. Enhancing reaction time is vital for academic, athletic, and daily activities, yet direct comparisons of yoga and physical exercise on visual reaction time in healthy young adults are limited. The present study was designed to evaluate and compare the influence of a structured 12-week yoga program with that of a standard physical exercise regimen on VRT. A randomized controlled trial was conducted at with 66 healthy medical students (18-25 years), randomly assigned to yoga (n = 33) or physical exercise (n = 33) groups. Both interventions were supervised, five days a week for 12 weeks. VRT was measured at baseline and post-intervention using a simple reaction timer, and data were analysed with Lab Scribe software to compare within- and between-group changes. Both groups showed significant post-intervention reductions in mean VRT (p < 0.05). The reduction in VRT was significantly greater in the yoga group compared to the exercise group. Both interventions significantly improve VRT, indicating enhanced cognitive and neuromotor performance. Yoga may offer broader benefits in mental clarity and sustained attention, while physical exercise may facilitate quicker psychomotor gains. Integrating both approaches could maximize benefits for students, athletes, and the general population thereby contributing to SDG 3: Good Health and Well-being."
41773289,"Letter to the editor regarding to ""autonomic recovery following submaximal exercise in yoga practitioners versus aerobic and strength-trained individuals"".",2026,Annals of medicine,
41771006,"Adding Self-Care Complementary and Integrative Health Therapies to Care for Chronic Pain: The Assessing Pain, Patient Reported Outcomes and Complementary Health (APPROACH) Study.",2026,Medical care,"Health care systems and insurers are expanding coverage for practitioner-delivered and self-care complementary and integrative health (CIH) therapies for chronic pain. To determine if combining practitioner-delivered and self-care CIH therapies (PD/SC-CIH) improves pain outcomes more than practitioner-delivered CIH (PD-CIH) therapies alone. Pragmatic nonrandomized trial. Structural nudges and the availability of CIH therapies were used as a surrogate to randomization. Of 3306 veterans with chronic musculoskeletal pain at 18 medical centers in the Veterans Health Administration between March 2021 and March 2023. PD-CIH therapies included acupuncture, chiropractic care, or massage therapy. Participants in the PD/SC-CIH arm also received yoga, mindfulness/meditation, and/or Tai Chi/Qigong. The primary outcome was the change in pain-related functional interference at 6 months. Pain interference improved in both arms (-0.62 and -0.70), with 39.5% and 41.1%, respectively, achieving clinically meaningful improvement with no difference between arms in improvement in pain interference: -0.12 (-0.28 to 0.05). At 6 months, more participants in the PD/SC-CIH arm reported their use of CIH therapies specifically led to perceived improvements across 4 global patient-centered measures: pain (11%; 5%-18%); fatigue (28%; 17%-40%); mental health (24%; 14%-35%); and overall well-being (27%; 18%-35%). Both approaches to offering CIH therapies were equally associated with improvements in pain interference among this large cohort with real-world CIH therapy engagement. More patients in the PD/SC-CIH arm perceived that their use of CIH therapies improved multiple health dimensions. Patients with chronic musculoskeletal pain should be encouraged to add self-care CIH therapies and health care systems should expand their availability. ClinicalTrials.gov Identifier: NCT05097521."
41769512,Association Between Stress Management Interventions and Symptom Severity in Adults With Irritable Bowel Syndrome (IBS) in Saudi Arabia.,2026,Cureus,"Psychological stress is a major contributing factor to irritable bowel syndrome (IBS), a widespread functional gastrointestinal disorder. Consequently, understanding the relationship between stress management strategies and the severity of IBS symptoms is crucial. This study sought to assess the association between stress management interventions and symptom severity among adults with IBS in Saudi Arabia. Furthermore, it investigated the associations between IBS, demographic data, lifestyle habits, and perceived stress levels. We conducted a cross-sectional study involving adults aged 18 and older in Saudi Arabia who had a clinical diagnosis of IBS. Participants completed a validated, bilingual web-based survey that incorporated the Rome IV diagnostic criteria, the IBS Symptom Severity Scale (IBS-SSS), and the Perceived Stress Scale (PSS). Statistical significance for both descriptive and inferential analyses was established at p < 0.05. The study included 517 participants, of whom 24% utilized stress management techniques. The most prevalent methods were deep breathing (66.9%), meditation (50.8%), and yoga (30.6%). Comparative analysis showed significantly lower symptom severity scores among those practicing stress management, specifically regarding the frequency of abdominal pain (p = 0.010), abdominal distension (p < 0.002), satisfaction with bowel habits (p < 0.001), and interference with daily activities (p = 0.007). Analysis indicated that individuals engaging in stress management reported fewer severe symptoms and lower perceived stress, whereas high stress levels were significantly more common among non-practitioners (p = 0.007). Gender and lifestyle choices were also significantly linked to IBS burden. The use of stress management protocols is associated with reduced symptom severity and lower perceived stress in IBS patients. These results advocate for the integration of stress reduction techniques into comprehensive IBS care plans."
41768103,"Prevalence of premenstrual syndrome, premenstrual dysphoric disorder, and dysmenorrhea in nursing students: a systematic review, meta-analysis, and evidence-based recommendations.",2025,Frontiers in global women's health,"Menstrual disorders-including premenstrual syndrome (PMS), premenstrual dysphoric disorder (PMDD), and dysmenorrhea-are highly prevalent among women of reproductive age and are associated with impaired academic performance, psychological distress, and reduced social functioning. Nursing students are particularly vulnerable due to the combined demands of intensive academic schedules and clinical training, yet prevalence estimates and institutional responses remain inconsistent. A systematic review and meta-analysis were conducted in accordance with PRISMA 2020 guidelines and registered in PROSPERO (CRD420251109363). PubMed, Scopus, Web of Science, CINAHL Ultimate, and APA PsycINFO were searched for studies published between 2016 and 2025. Eligible studies reported prevalence or impact of PMS, PMDD, or dysmenorrhea exclusively in nursing students. The Joanna Briggs Institute checklist for prevalence studies was used for quality appraisal. Random-effects meta-analysis was applied to calculate pooled prevalence estimates, and thematic synthesis was used to evaluate academic, social, and psychosocial impacts, coping strategies, and interventions. Twenty studies involving 5,131 nursing students were included. The pooled prevalence was 62% for PMS, 21% for PMDD (including severe PMS), and 72% for dysmenorrhea, with substantial heterogeneity (<i>I</i> <sup>2</sup> > 80%). Reported impacts included absenteeism, reduced concentration, diminished clinical performance, and impaired quality of life. Coping strategies were largely self-directed, including analgesics, rest, and dietary modifications, while few students accessed formal healthcare or institutional support. Only a limited number of studies evaluated structured interventions such as exercise, yoga, or nutritional supplementation. Menstrual disorders are highly prevalent among nursing students and carry significant academic, social, and psychological consequences. Nursing education programs should integrate routine screening, structured wellness initiatives, and evidence-based interventions to improve student wellbeing, reduce academic disruption, and strengthen workforce preparedness. https://www.crd.york.ac.uk/PROSPERO/view/CRD420251109363, PROSPERO CRD420251109363."
41767335,What is the Evidence on Lifestyle Interventions for the Symptom Management of Pelvic Pain in Women With Endometriosis or Adenomyosis? A Scoping Review.,2026,American journal of lifestyle medicine,"Endometriosis and adenomyosis are chronic, debilitating, inflammatory conditions affecting women of reproductive age. Current management primarily focuses on pharmacologic therapies and surgical interventions; however, many individuals adopt self-directed lifestyle modifications despite limited evidence-based guidance to support these approaches. This scoping review aimed to collate and evaluate the available evidence for lifestyle interventions in the management of pelvic pain among women with endometriosis and/or adenomyosis, with consideration of key lifestyle medicine domains including nutrition, physical activity, mind-body practices, social connection, sleep, substance cessation, and self-management. The review was conducted in accordance with the Preferred Reporting Items for Systematic Reviews and Meta-Analyses extension for Scoping Reviews (PRISMA-ScR). Electronic databases (MEDLINE [OVID], CINAHL, and Scopus) were systematically searched to identify relevant interventional studies. Following abstract and full-text screening, 21 studies met inclusion criteria. Included studies demonstrated substantial heterogeneity in methodology, sample size, intervention type, and duration of follow-up. Only one study specifically included participants with adenomyosis. Findings suggested potential benefits of dietary modification, physical activity, mindfulness-based interventions, yoga, digital health programs, and transcutaneous electrical nerve stimulation (TENS) for pelvic pain management. However, small sample sizes and methodological variability limit the strength of conclusions. Overall, the current evidence base remains limited and underscores the need for rigorously designed interventional studies. Future research should incorporate broader outcome domains, including quality of life, fertility, and mental health, and should more comprehensively address lifestyle domains such as sleep and substance use. Greater inclusion of individuals with adenomyosis is also essential to inform evidence-based lifestyle recommendations in this population."
41766287,Integration of complementary and alternative medicine in the Indian health system: how the state inadvertently undermines policy implementation.,2026,Health policy and planning,"India's AYUSH (Ayurveda, Yoga and Naturopathy, Unani, Siddha, and Homeopathy) integration policy emphasizes medical pluralism. However, implementation occurs within a complex health system where the state apparatus, through its governance and policy processes, affects health services and outcomes. This study explores how state and policy complexities shape AYUSH integration processes and practitioners' capacities in primary healthcare. Qualitative research was conducted in an eastern Indian state and involved observations (19 days) and interviews (37) with AYUSH doctors, biomedical doctors, nurses, pharmacists, and administrators. Thematic analysis enabled identification of themes. State-level employment rules placed AYUSH doctors on low-paid, short-term rolling contracts, but the effects of this marginalized position were intensified by irregular AYUSH medicine supplies and shared governance between two directorates. Governance of integrative facilities and AYUSH medicine stock-outs shifted practice patterns towards biomedical treatments by AYUSH doctors to keep health services functioning, which increased biomedicine demand and further narrowed the scope of AYUSH in a self-reinforcing cycle. Inter-departmental collaboration between the directorates was fragmented, lacking accountability and prioritization of AYUSH integration activities. Limitations in AYUSH medicines and the absence of promotional campaigns narrowed the scope of AYUSH services and facilitated the 'biomedicalization' of AYUSH integration. Local governance bodies offered occasional support, but their involvement was neither formalized nor consistent. Thus, integration processes emerged not from linear policy structures but from feedback mechanisms in which changes in policy priorities at the state and district levels produced disproportionate effects on AYUSH integration, demonstrating a system responsive to resource and information flows. Achieving medical pluralism will require adaptive governance: setting iterative integration targets, establishing cross-directorate collaboration and learning platforms, and increasing the resource independence of AYUSH."
41765327,Short-Term Effects of Nostril-Regulated Yoga Breathing on Autonomic Variables: A Randomized Crossover Trial.,2026,International journal of yoga therapy,"Previously, autonomic changes were reported during nostrilregulated yoga breathing, although the results varied between studies. Here, to reduce variation, the nostril dominance at rest was considered while comparing the effects of nostril breathing on autonomic variables because differences in lateralized airflow were traditionally reported based on nostril dominance at rest. Forty-five participants (mean age 24.3 ± 3.8; male-to-female ratio 23:22) were assessed in sessions on five separate days in random order. The sessions (with 15 minutes of intervention) were: (1) right-uninostril breathing, or surya anuloma viloma; (2) left-uninostril breathing, or chandra anuloma viloma; (3) alternate-nostril breathing, or anuloma viloma; (4) breath awareness; and (5) quiet seated rest. Nostril patency was recorded before each session using the Zwaardemaker method. Out of 225 sessions, participants were right-nostril dominant at rest in 136 sessions and left-nostril dominant at rest in 89 sessions. Assessments included heart rate variability, blood pressure, respiration, galvanic skin conductance, finger plethysmogram amplitude, and state anxiety. Generalized linear mixed-model analyses, with fixed effects of states, sessions, and baseline nostril dominance, were performed. A significant effect of states or sessions was observed as follows. In right-nostril dominance at rest RMSSD and high-frequency heart rate variability increased during left-uninostril breathing, while systolic blood pressure decreased during left-uninostril breathing and alternate-nostril breathing (padj < 0.05 in all cases). In left-nostril dominance at rest finger plethysmogram amplitude decreased during breath awareness. The other changes were common to right-nostril dominance at rest and left-nostril dominance at rest. State-Trait Anxiety Inventory scores decreased after right-uninostril breathing, left-uninostril breathing, alternate-nostril breathing, and quiet rest in right-nostril dominance at rest and left-nostril dominance at rest (padj < 0.05 in all cases). Unique effects of uninostril or alternate-nostril breathing were clear only when preintervention nostril dominance was considered, which aligns with traditional text descriptions of physiological differences based on nostril dominance at rest. With right-nostril dominance at rest, practicing left-uninostril breathing and alternate-nostril breathing reflected relaxation, whereas the changes with left-nostril dominance at rest were less clear."
41765324,2025 Editor's Note.,2026,International journal of yoga therapy,
41765323,The Effectiveness of School-Based Sahaja Yoga Meditation in Dealing with Problematic Internet Use Among Adolescents in India.,2026,International journal of yoga therapy,"In the era of globalization, evolving technologies have become integral to modern life. With the normalization of unrestricted internet access, many young people face harmful impacts from excessive use, which can affect their self-esteem. Adaptive coping strategies may mitigate these effects. The present study examined the effectiveness of the Sahaja Yoga Meditation (SYM) program for improving self-esteem and adaptive coping that may reduce problematic internet use and maladaptive coping. We used a purposive sampling technique to select participants from among 119 students from 9th to 11th grades in a government school in northern India. The study followed a quasiexperimental research design with a pre-post test and a waitlist control group. The experimental group underwent a 12-week SYM program with five 40-minute sessions each week. The experimental group (n = 56) included 26 boys and 30 girls with a mean age of 13.00 ± 1.46. The waitlist control group (n = 63) included 30 boys and 33 girls with a mean age of 13.67 ± 1.92. The experimental group demonstrated statistically significant improvements in self-esteem and adaptive coping and reductions in problematic internet use and maladaptive coping (p < 0.01), with large within-group effect sizes. These findings provide evidence for the efficacy of the SYM intervention, with apparent interaction effects indicating differential gains over the waitlist control group. SYM may hold potential as a scalable approach to support self-esteem, encourage adaptive coping strategies, and reduce problematic internet use among adolescents. However, as the study only examined associations rather than causal effects, further research with more robust designs is required before clinical recommendations can be made."
41764939,"Effect of laughter yoga on fatigue, sleep quality and psychological well-being in people with multiple sclerosis: A randomized controlled trial.",2026,Multiple sclerosis and related disorders,"Symptoms such as fatigue, sleep disturbances, and impaired psychological well-being are common in individuals Multiple Sclerosis (MS). However, studies on the use of laughter yoga, a non-invasive intervention method, are very limited in the literature. The aim of this study was to evaluate the effects of laughter yoga on fatigue, sleep quality and psychological well-being in individuals with MS. In this randomized controlled trial, 42 people with MS were randomly assigned to intervention or control group. The intervention group received a total of 12 sessions of laughter yoga. Descriptive Information Form, Fatigue Severity Scale (FSS), Pittsburgh Sleep Quality Index (PSQI) and Psychological Well-Being Scale (PWBS) were used to collect data. Laughter yoga was associated with improvements in fatigue and sleep outcomes. Fatigue severity decreased substantially in the intervention group (Cohen's d = 2.785), with no meaningful change observed in the control group. Sleep quality improved in the intervention group, as indicated by reduced Pittsburgh Sleep Quality Index scores (p < 0.001, d = 2.921). Psychological well-being increased within the intervention group (d = -1.505); however, the between-group effect at post-test was small (d = 0.485). Laughter yoga showed statistically significant results in terms of decreasing fatigue level, increasing sleep quality and psychological well-being in individuals with MS. The findings suggest that laughter yoga is a low-cost and effective complementary psycho-social intervention that can be used in clinical settings within the scope of nursing practice. This intervention offers an evidence-based approach that can be integrated into nursing care to manage fatigue and sleep problems and improve psychological well-being in individuals with MS. For the generalizability of the effects of laughter yoga, studies with larger samples are needed."
41762472,Effect of different types of exercise interventions on cardiometabolic risk factors: An umbrella review of systematic reviews and meta-analyses.,2026,Journal of diabetes and its complications,"Physical activity (PA) is important for the prevention and management of cardiovascular (CV) disease (CVD). We aim to investigate the effect of different types of exercise on cardiometabolic risk factors in these subjects with CV risk factors but no history of CVD is lacking. PubMed and Scopus databases were searched up to November 2025 for systematic reviews and meta-analyses of randomized controlled trials (RCTs). The population studied referred to adults with at least one CV risk factor. 16 meta-analysis publications were included. Strong evidence for a benefit was found for i) aerobic exercise and waist circumference (WC) reduction compared to control group in males and females with metabolic syndrome [Mean Difference (MD) -3.44 (95% CI -4.81, -2.07) cm, ii) Tai Chi and SBP reduction after ≥6 months [MD -8.80 (95% CI -11.28, -6.32) mmHg], DBP reduction after 3 months [MD -7.58 (95% CI -8.56, -6.60) mmHg] and after ≥6 months of Tai Chi training [MD -4.62 (95% CI -6.09, -3.16) mmHg], and total cholesterol reduction following Tai Chi training in adult males and females with essential hypertension [MD -8.46 (-11.7, -5.4) mg/dL] compared to control group. HIIT, resistance, Yoga and Qigong training did not show any convincing evidence for a benefit in cardiometabolic parameters. The most convincing evidence relates to a benefit from Aerobic or Tai Chi training mainly in SBP and DBP reduction and secondarily to WC and total cholesterol reduction. The role of HIIT, Resistance, Yoga and Qigong training in cardiometabolic health is uncertain."
41761497,"Effects of yoga on pain, physical function, and biomechanical/impairment outcomes in knee osteoarthritis: A systematic review and three-level meta-analysis.",2026,Journal of back and musculoskeletal rehabilitation,"BackgroundThe effects of yoga on pain, functional limitations, and biomechanical/impairment deficits in knee osteoarthritis (KOA) remain inconclusive.ObjectiveTo conduct a three-level meta-analysis that retains all eligible effect sizes to evaluate the effects of yoga on KOA and examine potential moderators.MethodsFive Chinese- and English-language databases were searched from inception to 28 August 2025. Risk of bias was assessed with RoB 2, and certainty of evidence with GRADEpro. Pooled effects were estimated using R (metafor). Influence diagnostics, sensitivity analyses, moderator analyses, and publication-bias tests (Egger's test, funnel plots) were performed.ResultsFourteen studies (n = 1183) were included. Low-certainty evidence showed that yoga improved pain (g = -0.79, 95% CI -1.24 to -0.35) and physical function (g = -0.39, 95% CI -0.57 to -0.21). Very-low-certainty evidence indicated benefits for biomechanical/impairment outcomes (g = -0.56, 95% CI -0.85 to -0.26). Weekly session frequency moderated pain outcomes, with 4-7 sessions/week producing the largest effects (g = -1.53). Programs lasting ≥8 weeks were required for consistent analgesic benefit.ConclusionsYoga may provide beneficial effects on pain, physical function, and biomechanical/impairment outcomes in individuals with KOA. Evidence suggests that programs delivered on most days of the week (≥4 sessions/week) and lasting at least 8 weeks are associated with greater pain reduction. Yoga may serve as a feasible and acceptable adjunct to pharmacologic care and established exercise therapies; however, these conclusions should be interpreted cautiously in light of study quality and heterogeneity."
41759444,"The effect of laughter yoga on mental health, emotional, and cognitive functions of children: A systematic review.",2026,Acta psychologica,"Mental health challenges represent a global concern among children and adolescents. Laughter Yoga (LY), a non-pharmacological, exercise-based practice, demonstrates physiological and psychological benefits in children. This systematic review aims to synthesize evidence on LY's effects on children's mental, emotional, physical well-being and cognitive functions. A comprehensive systematic review was conducted following the PRISMA guideline. Databases were systematically searched for relevant studies. The primary databases searched included PubMed/PubMed Central (PMC), Google Scholar, Science Direct, Scopus, and Web of Science. Eligibility criteria included studies on children and adolescents receiving LY interventions and reporting outcomes related to mental health, cognitive functions, or physical well-being. Study selection and data extraction were performed by independent reviewers. Findings were synthesized narratively due to heterogeneity across studies. Six eligible studies were identified. Evidence suggests that LY may reduce separation and generalized anxiety in school-aged children and improve anxiety in children with high-functioning autism spectrum disorder. Other potential benefits include improved emotional well-being (reduced hopelessness, loneliness, and school burnout), enhanced verbal working memory, and improved gross motor skills. However, the evidence base is limited, with substantial variation in study designs, interventions, and outcome measures. Laughter Yoga may offer a promising, accessible, non-pharmacological approach to supporting children's mental health, emotional well-being, and cognitive functioning. However, given the small number of included studies and substantial heterogeneity across interventions and outcomes, the current evidence remains preliminary and should be interpreted with caution."
41758592,"Conserved Transcriptional Response to Adversity and Stress: Historical Roots, Neurobiological Mechanisms, and Yoga Interventions.",2026,The primary care companion for CNS disorders,
41756281,The effects of different exercise interventions on clinical outcomes of irritable bowel syndrome and their potential mechanisms: a systematic review and network meta-analysis.,2026,Frontiers in immunology,"Irritable bowel syndrome (IBS) is a functional gastrointestinal disorder characterized by recurrent abdominal pain or discomfort accompanied by altered bowel habits, often alongside psychological symptoms. Increasing evidence suggests that exercise interventions not only alleviate clinical symptoms but may also exert effects through modulation of the gut-immune axis. This study aims to systematically compare the effects of different exercise modalities on symptoms, quality of life, and psychological status in IBS patients, whilst exploring potential immunological mechanisms. The PubMed, Cochrane Library, EMBASE, and Web of Science databases were systematically searched for literature from inception to June 2025, and conventional Meta-analysis and Web Meta-analysis were performed using RevMan 5.4 and R 4.3.3 software. Sixteen studies were included, covering interventions such as running, moderate-intensity aerobic exercise, Pilates, yoga, and Baguazhang. Moderate-intensity aerobic exercise and Pilates demonstrated significant effects (P < 0.05) in improving depression and anxiety scores, as well as IBS-SSS and IBS-QOL scores. Running and aerobic exercise showed the best overall efficacy. Mechanistically, exercise interventions may have a synergistic effect on the brain-gut-immune axis by enhancing parasympathetic activity, modulating the HPA axis, improving gut microbiota, strengthening intestinal barrier function, and reducing systemic inflammation. This approach alleviates gastrointestinal symptoms while enhancing mental wellbeing. Various exercise interventions may improve clinical symptoms and quality of life in patients with irritable bowel syndrome to a certain extent, and may possess potential immunomodulatory effects. As a relatively safe and cost-effective non-pharmacological treatment, exercise holds considerable clinical application potential in the comprehensive management of irritable bowel syndrome. https://www.crd.york.ac.uk/PROSPERO/, identifier CRD420251132835."
41756081,The effects of traditional mind-body exercises on cognitive function in neurodegenerative diseases or prodromal cognitive decline: a meta-analysis.,2026,Frontiers in public health,"The meta-analysis aimed to systematically assess the influence of traditional mind-body exercise (TMBE), including taichi, baduanjin, wuqinxi, and yoga, on cognitive functioning and related cognitive decline for patients with neurodegenerative diseases (NDDs) or Prodromal Cognitive Decline. Randomized controlled trials (RCTs) were published until October 19, 2025, as determined by searching PubMed, Cochrane Library, Web of Science, and Embase. The study population included adults with AD and PD, including those at prodromal stages, such as MCI and SCD. The interventions were a TMBE group and a control group. The primary outcome was overall cognitive functioning score, which was measured using the MMSE or MoCA, and secondary outcomes included executive function, memory, attention and language. Data were analyzed using random effects models and quality assessed with the Cochrane Risk of Bias Tool. Twenty-one RCTs were included, with the total sample size varying according to outcome metrics. TMBE showed significant improvement in overall cognitive functioning (MMSE: MD = 0.65, 95% CI: 0.20 to 1.09, <i>p</i> = 0.004; MoCA: MD = 0.87, 95% CI: 0.46 to 1.29, <i>p</i> = 0.001). Significant differences were seen in executive function (e.g., digit reversal: MD = 0.24, 95% CI: 0.05 to 0.44, <i>p</i> = 0.013; TMT-B: MD = -1.18, 95% CI: -1.70 to -0.67, <i>p</i> < 0.001), verbal fluency (MD = 0.36, 95% CI: 0.14-0.57, <i>p</i> = 0.001), and significant benefits were also observed in specific subgroups with respect to long-term delayed recall (e.g., mild dementia: MD = 1.35, 95% CI: 0.81-1.88, <i>p</i> < 0.001). Attention improvement effects were generally positive but varied by assessment tool. Moderate to high heterogeneity existed for some of the outcome indicators, but this tended to be resolved after sensitivity analyses. The degree of publication bias was low. TMBE has demonstrated the ability to contribute to improvement of overall and specific cognitive functions in individuals diagnosed with NDDs or Prodromal Cognitive Decline. These trainings offer a promising non-pharmacological intervention strategy that is safe, reliable, and multi-targeted to improve cognitive impairment in this population. PROSPERO - International prospective register of systematic reviews Unique identifier: CRD420251106629, https://www.crd.york.ac.uk/prospero/display_record.php?ID=CRD420251106629."
41755045,Lightweight Multi-Scale Framework for Human Pose and Action Classification.,2026,"Sensors (Basel, Switzerland)","Human pose classification, along with related tasks such as action recognition, is a crucial area in deep learning due to its wide range of applications in assisting human activities. Despite significant progress, it remains a challenging problem because of high inter-class similarity, dataset noise, and the large variability in human poses. In this paper, we propose a lightweight yet highly effective modular attention-based architecture for human pose classification, built upon a Swin Transformer backbone for robust multi-scale feature extraction. The proposed design integrates the Spatial Attention module, the Context-Aware Channel Attention Module, and a novel Dual Weighted Cross Attention module, enabling effective fusion of spatial and channel-wise cues. Additionally, explainable AI techniques are employed to improve the reliability and interpretability of the model. We train and evaluate our approach on two distinct datasets: Yoga-82 (in both main-class and subclass configurations) and Stanford 40 Actions. Experimental results show that our model outperforms state-of-the-art baselines across accuracy, precision, recall, F1-score, and mean average precision, while maintaining an extremely low parameter count of only 0.79 million. Specifically, our method achieves accuracies of 90.40% and 87.44% for the 6-class and 20-class Yoga-82 configurations, respectively, and 94.28% for the Stanford 40 Actions dataset."
41744037,"Co-designing an adjunct yoga intervention for eating disorder recovery (YEDRi): integrating evidence from reviews, qualitative research, and community engagement.",2026,Eating disorders,"Yoga is commonly used as an adjunct to psychological therapy to support ED recovery as it can improve body responsiveness and awareness, interoception, and embodiment, mindfulness, self-compassion, self-efficacy, body satisfaction, body appreciation and body image. Research suggests that using yoga as an adjunct intervention may augment and reinforce psychology therapy, enhancing recovery outcomes. This research aimed to describe and appraise a systematic, sequential approach to integrating scientific evidence, expert knowledge and experience, and community engagement in co-designing and developing a therapeutic yoga group intervention for young people engaged in ED treatment. A four-phase approach to developing this intervention included planning, conducting, evaluating, and reporting phases. This paper reports on the development of the initial YEDRi prototype and co-design workshop conducted with carers (<i>n</i> = 3), consumers (<i>n</i> = 3) and clinicians (<i>n</i> = 3) to test and iterate the intervention. The resulting program is an 8-week therapeutic group yoga program for ED recovery where consumers and their carers attend together. This is the first study to systematically engage consumers and carers with a lived experience of EDs in a co-design process to develop a therapeutic yoga program for ED recovery."
41743307,"Development, Validation, and Feasibility of a Yoga-based Module for Medically Unexplained Physical Symptoms.",2025,International journal of yoga,"Medically unexplained physical symptoms (MUPS) involve persistent symptoms such as pain, fatigue, and gastrointestinal issues without a clear medical cause, often linked to psychological factors. Yoga has been promising in managing psychiatric comorbidities and alleviating MUPS. However, a validated yoga module specifically for MUPS is lacking. This study aims to develop, validate, and assess the feasibility of a yoga module tailored for MUPS patients. A comprehensive review of traditional and contemporary literature informed the development of a yoga module designed to address pain, fatigue, gastrointestinal issues, and associated psychological distress. The initial module, consisting of 47 practices, was validated by 32 yoga experts using the content validity index (CVI) and content validity ratio (CVR) based on Lawshe's formula. The final module was tested for feasibility on 12 MUPS patients, evaluating symptom severity using the Patient Health Questionnaire-15 at baseline and after 1 month of intervention. The final module, incorporating 34 practices with CVR >0.37 and expert-recommended modifications, including Sheetali Pranayama, demonstrated a CVI of 0.59. Feasibility testing revealed a significant reduction in symptom severity in patients after 1 month of practice. The developed yoga module for MUPS was found to be safe, feasible, and effective in reducing symptom severity. However, given the pilot nature of this study and the small sample size, further randomized controlled trials are needed to confirm the module's efficacy."
41743306,"The Effect of Yoga on Anxiety, Depression, and Stress in the Course of Pregnancy Period: A Meta-analysis Study.",2025,International journal of yoga,"This meta-analysis study was conducted to determine the level of effect of yoga applied during the prenatal period on anxiety, depression, and stress. For this study, research was conducted by screening the last 5 years of studies in PubMed, Web of Science, EBSCOhost, Google Scholar, and YOK Thesis Center databases from February to June 2024. After reviewing the studies, seven researches were included in the study. The quality assessment of the studies was conducted using the quality assessment tool prepared according to the Randomized Controlled Trial design by The Joanna Briggs Institute. CMA Ver. 2 was used for data synthesis. The data were synthesized using meta-analysis and narrative synthesis methods. According to the results of the meta-analysis, it has been determined that yoga applied during the prenatal period is effective in reducing anxiety levels (SMD: -0.730, 95% CI: -1.287 to -0.173; <i>Z</i> = -2.567, <i>P</i> = 0.010, <i>I</i> <sup>2</sup> = 79.498%). However, it was found that prenatal yoga did not have a statistically significant effect on depression (SMD: -2.137, 95% CI: -4.405-0.132; Z= -1.846, <i>P</i> = 0.065, <i>I</i> <sup>2</sup> = 97.722%) and stress levels (SMD: -4.861, 95% CI: -10.861-1.139; Z= -1.588, <i>P</i> = 0.112, <i>I</i> <sup>2</sup> = 98.569%). It is observed that yoga applied during the prenatal period is effective in reducing anxiety levels, but not effective in reducing depression and stress levels."
41743305,Comparing the Effects of Yoga Nidra and Body Scan Meditation on Pain Outcomes.,2025,International journal of yoga,"Chronic pain significantly impacts quality of life. Mind-body interventions (MBIs), such as yoga nidra and body scan, show promise in managing pain. Yoga nidra incorporates intention-setting, visualization, and relaxation, whereas body scan focuses on somatic awareness. While prior literature has applied meditation as a therapeutic intervention in individuals with chronic pain, limited literature has compared the effects of yoga nidra and body scan on pain outcomes. The aim of the study was to compare the immediate effects of yoga nidra and body scan on pain intensity, pain anxiety, well-being, and optimism in adults with chronic pain. A quasi-experimental study with 23 participants experiencing chronic pain was conducted. Participants underwent either a 45-min yoga nidra (<i>n</i> = 12) or body scan session (<i>n</i> = 11). Outcomes were assessed pre-, post-, and 24-h post intervention. Both interventions significantly reduced pain intensity and pain-related anxiety over time (<i>P</i> < 0.01), with reductions observed regardless of group. Yoga nidra demonstrated greater improvements in well-being immediately post intervention compared to body scan (<i>P</i> = 0.01). No significant differences or main effects were found between groups for optimism (<i>P</i> = 0.60). Both yoga nidra and body scans reduce pain intensity and pain-related anxiety. Yoga nidra uniquely enhances well-being, supporting its use as a therapeutic MBI for chronic pain."
41743304,Salutogenic Impact of Yoga on Emotional Intelligence and Perceived Stress of Medical College Students: An Interventional Study.,2025,International journal of yoga,"Emotional intelligence (EI) is defined as the ability of a person to understand and respond to one's own and others' emotions and use this ability to guide one's thoughts and actions. Stress is defined as a condition or feeling experienced when a person perceives that demands exceed the personal and social resources the individual is able to mobilize. The aim of the study was to assess the level of EI and perceived stress before and after yoga training among medical students in Puducherry. A nonrandomized interventional trial was conducted at the School of Yoga Therapy, Sri Balaji Vidyapeeth, Puducherry, involving 30 healthcare students (22 female and 8 male), with a mean age of 21.63 ± 1.95. Approved by the institutional ethics committee, the 6-week yoga program was held at Patanjali Yogashala on weekdays. EI and perceived stress were measured pre- and post-intervention using validated questionnaires. The mean age of participants was 21.63 ± 1.95 years, with 73.3% females and 26.7% males. Initially, perceived stress and EI had a weak negative correlation (<i>r</i> = -0.24), which shifted to a weak positive correlation (<i>r</i> = 0.22) postyoga intervention. A significant reduction in perceived stress was noticed before and after yoga intervention. In addition, improvements in ""trustworthiness"" and ""achievement"" were significant with <i>P</i> = 0.049 and 0.032, respectively. This interventional trial with yoga therapy has shown a reduction in perceived stress levels and an increase in certain components of EI among medical college students in Puducherry. This study highlights the supremacy of Yoga therapy in achieving mental and psychosocial well-being."
41743303,Role of Medical Yoga Therapy in Attenuating Pain and Corticomotor Plasticity in Fibromyalgia Patients: A Randomized Controlled Trial.,2025,International journal of yoga,"Fibromyalgia (FM) is an idiopathic progressive musculoskeletal pain syndrome affecting 2%-8% of the global population, predominantly females. Symptoms such as morning stiffness, brain fogging, and sleep disturbances are also common in the FM patients. There is no permanent cure of the disease except for temporary symptomatic relief by few FDA-approved medications. The aim of the current study was to investigate the effect of 4 weeks of regular and supervised medical yoga therapy (MYT) on pain status, lumbar flexion, and corticomotor excitability (CME) in FM patients. It is an assessor-blinded, randomized controlled trial where the pain was assessed both subjectively and objectively; lumbar flexibility and CME of both male and female FM patients of yoga and waitlisted group were also assessed and compared before and after 4 weeks of MYT and same course of standard care therapy. We have used pressure modality of quantitative sensory testing for objective assessment of pain. Corticomotor parameters were assessed using transcranial magnetic stimulation. Block randomization and opaque concealed envelope method was performed for randomizing and allocating patients in the yoga and waitlisted groups. Parametric tests were applied for the inter-and intragroup comparisons. Demographic and clinical parameters of FM patients of both the arms were comparable at baseline (age: waitlisted group = 36.76 ± 9.20; yoga group = 35.71 ± 8.46; <i>P</i> > 0.05). Pain profile of the patient showed significant improvement, and tender point counts were also found to be reduced in the patients administered with MYT. In the waitlisted group, no significant changes were noted. A significant increase in lumbar flexion was reported bilaterally only after MYT. Former stayed unaltered in the waitlisted group. Moreover, improvements in some CME parameters of FM patients of the yoga group were also recorded. Such cortical changes were not marked in the waitlisted group. MYT can alleviate pain, improve flexibility, and alter CME in FM patients more than the standard therapy. MYT can be adopted in day-to-day lifestyle for symptomatic relief by FM patients."
41743302,Meta-analysis of the Effect of Yogic Techniques on Melatonin Levels: Implications for Sleep Health.,2025,International journal of yoga,"Yoga has gained attention as a potential intervention for improving various aspects of health, including sleep quality. Melatonin, a hormone involved in regulating the sleep-wake cycle, has been suggested to play a key role in mediating the effects of yoga on sleep. However, the impact of yoga on melatonin levels remains unclear. The current meta-analysis aimed to evaluate the effect of yoga on melatonin levels based on existing studies. A systematic literature search was conducted to identify studies investigating the impact of yoga on melatonin levels. Five eligible studies were included, comprising a total of 196 observations. The standardized mean difference (SMD) was calculated as the effect size measure. The current meta-analysis was performed using a random-effects model to estimate the pooled SMD, along with 95% confidence intervals (CIs) in R software (version 4.3.2). Heterogeneity across studies was assessed using the <i>I</i> <sup>2</sup> statistics. Totally five studies were included in the current meta-analysis. The meta-analysis revealed a moderate certainty of evidence on the role of yogic techniques on melatonin levels, with a pooled SMD of 0.37 (95% - CI: [0.09; 0.66]). This meta-analysis provides evidence supporting the regular practice of yoga, including meditation and mantra chanting, in enhancing the melatonin levels. This increase in melatonin may contribute to improved sleep quality. These results underscore the potential of yoga as a nonpharmacological approach for enhancing sleep health and overall well-being. Further research is needed to elucidate the underlying mechanisms and optimal practices for incorporating yoga into sleep management strategies."
41743301,Long-term Yoga Experience Predicted a Facilitated Attentional Disengagement from Fearful Faces.,2025,International journal of yoga,"Facilitated attentional engagement to, and impaired disengagement from, negative stimuli are centrally involved in maladaptive psychological states, anxiety and mood disorders. Theoretical frameworks propose that yoga-based practices modulate attention to emotion via bottom-up and top-down processes which could shape attentional engagement and disengagement patterns over time, respectively, and thus promote healthier emotion processing. This study examined whether long-term yoga practice and current weekly practice load predicted reduced emotional bias in predominantly bottom-up and top-down emotional attention, as indicated by attentional engagement and disengagement performance in two emotional spatial cueing tasks. Twenty long-term yoga practitioners (gender: 60% feminine; mean age: 46.60 ± 12.37 years; mean yoga experience: 16.40 ± 13.02 years; yoga/meditation teachers: 70%) completed two emotional spatial cueing tasks, under exogenous or endogenous orienting. Engagement and disengagement biases are derived from reaction times to fearful vs. neutral facial expressions. The results indicated that only long-term yoga experience, and not current weekly hours of practice, interacted with performance in the spatial cueing tasks. Specifically, long-term yoga experience was associated with facilitated attentional disengagement from fearful faces under endogenous orienting, which represent conditions largely dependent on top-down attentional control and regulatory skills. These findings suggest that long-term regular yoga practice primarily modified top-down processes of emotion regulation in our sample. This study helps to address research gaps in the field by employing behavioral methods, uncovering mechanisms underlying long-term contemplative practices, and indicating how behavioral health interventions can shape cognitive-affective processes."
41743300,Yoga as an Eco-therapy for Achieving United Nations Sustainable Development Goals: An Explorative Study.,2025,International journal of yoga,"The SDGs highlight the connections between the environmental and socioeconomic aspects of sustainable development. <i>Yoga</i> not only results in one's physical and mental resilience but also develops positive feelings toward one's environment to help protect it from destruction. The study aimed to understand the role of <i>Yoga</i> for achieving the United Nations SDGs and to draft a policy statement for its implementation to achieve the SDGs. The study was conducted in three phases. Phase 1 included a review of available literature. Phase 2 included contacting experts from <i>Yoga</i>, community health, social work, and medicine from all over India and across the globe for discussion. Phase 3 included drafting the recommendations to be submitted to the CCRYN based on the results from the first two phases. A total of 320 research articles (217 included) were screened. A total of 103 were excluded for reasons (being not relevant, inability to get full text of articles, and outcome of the study not matching). Phase 2 was conducted in three sessions with different groups of experts for their input. In phase 3, recommendations were finalized, and the policy statement was drafted. <i>Yoga</i> can help in achieving the targets of the UN SDGs. The recommendations, if implemented, can solve the issues endangering nature and the ecosystem. Thus, <i>Yoga</i> builds a harmony between humans and nature."
41743299,Effect of Yoga in Premature Ejaculation: A Systemic Review and Meta-analysis.,2025,International journal of yoga,"Premature ejaculation (PME) is one of the most common male sexual disorders, affecting 20-30% of men globally. While various treatments exist, including pharmacological interventions, there is growing interest in yoga as a non-pharmacological approach. This systematic review and meta-analyse evaluated the effectiveness of yoga interventions for premature ejaculation. A systematic search was conducted across PubMed/Medline, EMBASE, Scopus, Google Scholar, and Web of Science databases from 1990 to January 2025. Studies comparing yoga interventions for PME were included, and data was analysed using random effects model. Five studies met inclusion criteria, with three providing data suitable for meta-analysis. The meta-analysis showed a significant positive effect of yoga interventions (SMD = 1.74, 95% CI: 1.27-2.22), though with high heterogeneity (I² = 90.7%). One study comparing yoga with fluoxetine showed greater IELT improvement in the yoga group (79.6 vs 34.2 seconds). Studies comparing yoga with non-pharmacological interventions also demonstrated favourable outcomes for yoga. Importantly, no significant adverse effects were reported in yoga groups, while pharmacological interventions showed side effects in up to 46.4% of participants. Yoga appears to be a promising intervention for PME, potentially working through stress reduction, autonomic nervous system modulation, and pelvic floor strengthening. However, the evidence is limited by small sample sizes and methodological heterogeneity. Larger, well-designed randomized controlled trials are needed to establish yoga's efficacy as a standard treatment option for PME."
41743298,Frequency and Dosage of Yoga Practice for Maintaining Optimal Physical and Mental Health.,2025,International journal of yoga,
41743297,"Virtual Trauma Sensitive Yoga Intervention Reduces Posttraumatic Stress Disorder, Depression, and Anxiety Symptoms Among Women Survivors of Sexual Trauma: A Pilot Study.",2025,International journal of yoga,"Studies increasingly suggest Trauma Center Trauma-Sensitive Yoga (TCTSY) can reduce psychopathology among women who experienced sexual trauma. However, barriers inhibit in-person engagement in TCTSY interventions, particularly among underserved women. This single-arm pilot study examined the efficacy of a virtual 10-week TCTSY intervention for 27 sexual trauma survivors seeking care at a public safety-net hospital. Women self-reported posttraumatic stress disorder (PTSD), depression, and anxiety symptoms preintervention and 2-weeks and 3-months postintervention. Women who completed seven or more sessions experienced a reduction in PTSD, depressive, and anxiety symptoms following the intervention (<i>t</i> <sub>avg</sub> = -2.36, p<sub>avg</sub> = 0.035) with effects largely sustained at the 3-month follow-up (<i>t</i> <sub>avg</sub> = -2.16, p<sub>avg</sub> = 0.054). These effects were weaker when including women who completed six sessions (<i>t</i> <sub>avg</sub> = -2.09, p<sub>avg</sub> = 0.065), suggesting greater symptom reduction with increased session attendance (i.e. ""dose effects"") for a virtual TCTSY treatment. Overall, results from this study provide preliminary but promising evidence that a brief telehealth intervention can contribute to measurable improvements in trauma-related outcomes for underserved women. Given the affordability and accessibility of virtual TCTSY relative to other trauma interventions, these findings may hold important implications for public health and healthcare policy, including support for bolstered virtual healthcare infrastructure and the integration of trauma-informed yoga interventions into outpatient mental healthcare practices."
41743296,Impact of Guided Meditation on Heart Rate Variability and Psychological Well-being in Critically Ill Obstetric Patients - A Randomized Controlled Trial.,2025,International journal of yoga,"Critically ill obstetric patients face a unique confluence of life-threatening physiological complications and heightened psychological distress. This population is particularly vulnerable to autonomic nervous system dysregulation, impacting cardiovascular and emotional stability. Conventional medical interventions often focus primarily on pharmacological interventions, neglecting the significant role of psychological well-being in recovery. The aim of this study was to evaluate the impact of guided meditation (GM) on heart rate variability (HRV), hemodynamic parameters, and psychological well-being in critically ill obstetric patients. A parallel-group randomized controlled trial conducted in an Indian critical care unit. One hundred critically ill obstetric patients, excluding those with hemodynamic instability, arrhythmias, or requiring mechanical ventilation, were randomized into intervention (<i>n</i> = 50) and control groups. The intervention group received daily 20-min GM audio sessions for three consecutive days. The control group received standard care. Within-group changes were analyzed using paired <i>t</i>-tests, and trends across days through repeated measures ANOVA. Significant improvements were observed in HRV indices (standard deviation of normal-to-normal, root mean square of successive differences, NN50, PNN50, high-frequency, total power) in the GM group, indicating enhanced parasympathetic dominance. Significant reductions in pulse rate and blood pressure, and improvements in anxiety and well-being (Visual Analogue Scale scores) were also noted. GM demonstrates efficacy in improving autonomic health and psychological well-being in critically ill obstetric patients, highlighting the potential of integrating ancient Indian practices into modern critical care in this vulnerable population for promoting holistic recovery."
41743295,Barriers and Facilitators to Utilizing Yoga Therapy as a Treatment Modality in India: Challenges and Opportunities.,2025,International journal of yoga,"Yoga, an ancient discipline originating in India, primarily considered a spiritual practice, has now evolved into a recognized therapeutic modality addressing various health conditions, including chronic diseases, mental health disorders, and stress-related ailments. Despite its proven benefits and growing evidence base, the integration of yoga therapy into mainstream healthcare in India faces significant barriers. Key challenges include the perception of yoga as a spiritual or wellness practice rather than a clinical treatment, cost concerns limiting access for lower-income populations, and a lack of standardization in training, certification, and therapeutic protocols. Facilitators, however, indicate promising opportunities for broader acceptance. These include increasing public interest, government initiatives by bodies like the Ministry of AYUSH, and a growing body of research validating yoga's therapeutic efficacy. Efforts to establish regulatory frameworks and standardized guidelines are gaining momentum, fostering the credibility and integration of yoga therapy into healthcare systems. This article explores these barriers and facilitators influencing the utilization of yoga therapy in India and proposes strategies to enhance its adoption. By addressing misconceptions, improving accessibility of yoga healthcare professionals, efforts for standardization and regularization of education, and increasing collaboration between yoga practitioners and medical professionals, yoga therapy has the potential to become a cornerstone of holistic healthcare in India."
41743294,Non-invasive Electrophysiological Characterization of Distinctive Meditative States in a Yogi during <i>Samaadhi</i>.,2025,International journal of yoga,"Although mechanistic studies on Yoga and meditation have demonstrated their efficacy over the past few decades, very few studies have focused on the Yogic state of <i>Samaadhi</i>, characterized by an ultimate state of peace and happiness. In this study, we probed electrophysiological correlates of <i>Samaadhi</i> in a Yogi par excellence. This research was conducted in the 1980s and is now being brought to the public domain. We characterized changes in muscle, cardiac, and brain electrical activity, as well as breathing during about 30 minutes of meditative <i>Samaadhi</i> using a multichannel polygraph system during two experiments in 1985 and 1988. Spectral analysis was carried out using computers in the late 1980s. During meditation, we observed a substantial reduction in breathing amplitude (to <5% of pre-meditation levels) and subjectively measured heartbeat and pulse amplitude. Cardiac electrical activity remained intact, but the data pointed to the possibility of a considerable reduction in cardiac mechanical activity. Muscle contractions were consistent and substantially higher. A unique pattern of alpha as well as beta activity was observed in frontal electroencephalogram (EEG) electrodes, and alpha activity with occasional beta activity was observed in occipital EEG electrodes. During an epoch of eyes open state (within the meditation phase), EEG patterns resembled a deep meditative state, such as high occipital alpha and beta activity and frontal beta activity, which is strange because occipital alpha activity typically vanishes with the eyes open. Taken together, we provide preliminary evidence for the electrophysiological correlates of <i>Samaadhi</i>. The patterns observed from multiple modalities, taken together, were unique and different from those typically seen in adults. They were distinct from the electrophysiological correlates of three typical states of consciousness (awake, dreaming, and sleeping). Further research with the latest technologies and analytical tools is required for a better mechanistic understanding of the state of <i>Samaadhi</i>."
41743293,Yoga for Caregivers of Patients Suffering from Chronic Diseases such as Cancers and Neurological Disabilities: A Systematic Review.,2025,International journal of yoga,"To review the role of Yoga in improving the psychological and physical aspects of caregivers of patients with chronic conditions such as neurological disabilities and cancer. A systematic search was conducted on PubMed, ScienceDirect, and Cochrane according to the PRISMA guidelines. Randomized controlled trials exploring the role of Yoga for caregivers were included; case series, case reports, conference presentations, and non-English literature were excluded. Eight studies involving 252 participants were included in this systematic review. Five studies reported psychological outcomes, of which three reported significance. Quality of life was reported to improve in one study, while other studies reported mixed results. Physical outcomes demonstrated significant improvements in two studies. Most of the included studies were pilot studies with small sample sizes and with methodological limitations. This systematic review findings has shown that, Yoga has a potential role in improving the physical and psychological well-being of caregivers, particularly in neurorehabilitation and cancer care settings. Due to the heterogenicity in interventions and reported outcomes, a definitive conclusion cannot be made. Further research should focus on large well-designed trials with different yoga modules, and standardized outcomes should support the role of integrating yoga in a holistic approach to treat these patients."
41743292,Immediate Effect of Modified Bhramari Pranayama on Salivary Nitric Oxide Level among Type 2 Diabetes Mellitus with Xerostomia: A Randomized Controlled Trial.,2025,International journal of yoga,"Type 2 diabetes mellitus (T2DM) is frequently associated with xerostomia, a condition characterized by reduced salivary flow and a sensation of dry mouth. Nitric oxide (NO) plays a vital role in vasodilation and immune modulation. Modified Bhramari Pranayama (MBhrP), a specific yogic breathing technique, has been reported to enhance endogenous NO production. The primary aim of this study was to assess the immediate effect of MBhrP on salivary NO levels in T2DM individuals with xerostomia. The secondary objective was to evaluate its effect on heart rate variability (HRV), an indicator of autonomic nervous system activity. Sixty-eight eligible participants were randomized into two groups: MBhrP group (<i>n</i> = 34) and the control group (<i>n</i> = 34). Participants were assessed using a close-ended questionnaire, including the Fox test and Xerostomia Inventory, to confirm the presence and severity of xerostomia. The intervention group performed MBhrP for 20 min between 6 AM and 7 AM, while the control group engaged in slow breathing for the same duration. Salivary NO levels and HRV parameters were assessed at baseline and immediately postintervention. The MBhrP group showed a statistically significant increase in salivary NO levels compared to the control group (<i>P</i> < 0.05). HRV parameters SDRR (<i>P</i> = 0.02), root mean square of successive differences (<i>P</i> < 0.001), and pRR50 (<i>P</i> = 0.004) also showed significant improvement. MBhrP appears to have an immediate beneficial effect on salivary NO levels and autonomic function in T2DM patients with xerostomia, suggesting its potential as a nonpharmacological therapeutic tool."
41741966,Feasibility and Preliminary Impacts of a Stress Reduction Intervention for Caregivers of Adolescents and Young Adults With Intellectual and Developmental Disabilities.,2026,Journal of applied research in intellectual disabilities : JARID,"Family caregivers of individuals with intellectual and developmental disabilities often experience chronic stress and poor mental and physical health. This study examined the feasibility of a 12-week single-arm intervention to reduce caregiver stress. The caregiver intervention included a yoga class and informational support group. Feasibility measures included recruitment, attendance, retention, fidelity and acceptability (interviews). Exploratory impacts on perceived and physiological stress (salivary cortisol), social support, caregiver strain, family empowerment, sleep, physical activity and body mass index were assessed by percent change across the intervention. Twenty caregivers enrolled (95% retained) and participants attended 67% of sessions. Intervention fidelity was 95%. Semi-structured interviews revealed high acceptability of the intervention. Perceived stress decreased by 5.8% and cortisol decreased by 24.1%. Changes in all but one exploratory outcome were in desirable directions. The intervention was feasible and acceptable among participants with positive initial effects on the majority of exploratory outcomes."
41740089,PATH Trial for Examining Yoga as a Strategy to Improve Remote-Based Weight Loss in Adults: Protocol for a Randomized Controlled Trial.,2026,JMIR research protocols,"Over 70% of US adults are overweight or have obesity. Internet-delivered weight loss (IDWL) treatment overcomes many common barriers to in-person weight loss (WL) programs; yet, IDWLs underperform compared to in-person treatment. Yoga is a novel intervention that targets physical and psychological health and can be delivered virtually, increasing translation potential. Yoga has been understudied as an intervention to address barriers to WL despite favorable effects in other health disciplines. Preliminary studies suggest yoga to improve self-regulation and reduce lapses from dietary recommendations, 2 factors integral to long-term WL success. The aim of the study is to conduct the first fully powered randomized controlled trial to test the added effect of yoga to IDWL treatment on weight (primary outcome), dietary lapses, potential lapse triggers, and self-regulation mediator variables (secondary outcomes). Adults that are overweight or have obesity will be recruited to participate in a 12-month IDWL program. Following a 3-month assessment, eligible participants will be randomized to (1) a yoga intervention, including 14 weeks of group-based, virtual Iyengar yoga delivered twice weekly, followed by 22 weeks of yoga delivered once per week, and then 6 months of no contact, or (2) a contact-matched wellness comparison condition. Assessments will take place at baseline, 3 months, 6 months, 12 months, and 18 months. Several questionnaires, ecological momentary assessments, and objectively measured weight and accelerometry data will be collected. This trial is registered on ClinicalTrials.gov (NCT06166225). This randomized trial was funded with an original project period of July 2023-June 2028. Enrollment began in February 2024 and is ongoing with the expectation of closing enrollment in June 2026. This trial will examine the combined effect of yoga and WL treatment among individuals with overweight or obesity and will be the first fully powered trial to assess the combination of virtually delivered yoga and WL beyond 6 months. Findings will inform whether yoga could be considered a valuable intervention component for improving IDWL treatment."
41737993,Comparative Efficacy of Exercise Interventions for Anxiety Disorders: A Bayesian Network Meta-Analysis.,2026,Psychology research and behavior management,"The objective of this study is to conduct a Bayesian multilevel network meta-analysis to compare the effectiveness of various exercise modalities on anxiety symptoms and to assess how exercise and individual characteristics moderate these effects. A comprehensive search of Web of Science, PubMed, Embase, and Cochrane databases identified randomized controlled trials (RCTs) on exercise and anxiety. Literature screening, data extraction, and analysis were conducted independently by two researchers. A Bayesian-based network meta-analysis was applied, and the Confidence in Network Meta-Analysis (CINeMA) tool assessed evidence quality. Forty-five studies (97 groups, 2643 participants) were included. Compared to control groups, meditation (Hedges' g = -0.72, 95% CI: -1.20 to -0.24), yoga (Hedges' g = -0.59, 95% CI: -0.93 to -0.27), and tai chi/qigong (Hedges' g = -0.52, 95% CI: -0.88 to -0.17) had the strongest effects. Resistance training (Hedges' g = -0.40), aerobic exercise (Hedges' g = -0.40), and walking/jogging (Hedges' g = -0.39) were also effective. However, mixed aerobic exercise did not achieve statistical significance. Static, breath-focused exercises (eg, meditation, yoga, tai chi/qigong) and dynamic exercises (eg, resistance training, walking/jogging) may be effective interventions for anxiety reduction, with broad applicability across populations."
41737592,Mechanisms of exercise against anxiety disorder: A review of the research progress.,2026,Sports medicine and health science,"This review aims to explore the efficacy of exercise in the treatment of anxiety disorders and its underlying mechanisms, summarizing recent research advances and focusing on the potential biological and psychological pathways through which exercise exerts its anxiolytic effects. To ensure comprehensive coverage of relevant studies, we conducted a systematic search in databases such as PubMed, Web of Science, and Embase, combining MeSH terms with free-text terms. Keywords included ""exercise,"" ""physical activity,"" and ""anxiety disorder."" Current research widely supports exercise as a safe and effective intervention for anxiety. Both aerobic exercise and resistance training have shown significant anxiety-reducing effects across various populations. The mechanisms of action can be categorized into three main types: cellular and molecular mechanisms, systemic immune effects, and behavioral and cognitive pathways. Different forms of exercise have distinct advantages: aerobic exercise is suitable for the general population, resistance training is beneficial for individuals with coexisting physical conditions, and low-intensity exercises such as yoga and Tai Chi are suitable for pregnant women, the elderly, or postoperative recovery patients. Given its good safety profile and broad applicability, moderate exercise should be considered a first-line treatment for mild anxiety and an adjunctive intervention for moderate to severe anxiety. Future research should further clarify the mechanistic differences between various exercise modalities and promote the development of individualized exercise prescriptions."
41736923,Self-compassion and interoceptive awareness as mechanisms of change in yoga for emotional well-being: A secondary analysis of a randomized controlled trial.,2026,European journal of integrative medicine,"Yoga practice is associated with improved emotional well-being (EWB), but little is known about why this is so. This post-hoc secondary analysis of a randomized controlled trial a) tested whether changes in self-compassion and interoceptive awareness were associated with changes in EWB (i.e., meaning in life, sense of inner peace, ability to pursue goals) over the course of a yoga intervention and b) examined whether amount practiced relates to changes in proposed mechanisms and EWB outcomes. For a clinical trial, 84d participants who self-identified as stressed were randomized to varying doses of a 12-week Kripalu-style yoga intervention. As part of the parent study, participants completed self-report surveys at baseline, mid-treatment, and post-treatment assessing self-compassion (Self-Compassion Scale, Short Form), elements of interoceptive awareness (The Multidimensional Assessment of Interoceptive Awareness) and domains of emotional well-being (peace, meaning, ability to pursue goals; Functional Assessment of Chronic Illness Therapy--Spiritual Well-being Scale; Brief Self Control Scale). Seventy-five participants from the parent study had data for at least one of the main study variables and were thus included in this secondary analysis. To examine whether changes in hypothesized mechanisms (self-compassion, interoceptive awareness) were associated with changes in <b>EWB</b> outcomes, standardized residuals reflecting relative change were obtained by regressing post-treatment scores on baseline scores for all variables. Then, partial correlations (controlling for gender, age and site) between the standardized residuals for changes in mechanisms and changes in EWB were examined. To examine a potential dose effect, partial correlations between average weekly practice and change in both mechanisms and three EWB outcomes were conducted, controlling for home-practice randomization group, gender, age, and study site. Over the course of the intervention (T1 to T3), changes in self-compassion were associated with changes in both meaning and peace (<i>r</i>s =.52, .54, respectively, <i>ps</i><.001), but not with changes in ability to pursue goals (<i>r</i>=.15, <i>p</i>=.21). Over the course of the intervention (T1 to T3), changes in the interoceptive awareness subscale of trusting were associated with changes in peace (<i>r</i>=.35, <i>p</i>=.003) and changes in the attention regulation subscale were associated with changes in both meaning (<i>r</i>=.37, <i>p</i> = .001) and peace (<i>r</i>=.34, <i>p</i>=.003). Yoga dosage was associated with increases in self-compassion (<i>r</i> = .34, <i>p</i> = .04) only. Findings provide promising preliminary evidence that yoga interventions and community classes may benefit from emphasizing self-compassion and body awareness to optimize the practice's influence on emotional well-being."
41734158,Gendered perspectives of yoga in the Key Stage 1 classroom: Qualitative content analysis indicates contrasting views of teachers and pupils.,2026,PloS one,"The gendering of physical activities is ubiquitous, with those involving strength, endurance, and physical contact considered masculine, and those involving concentration, presentation, and flexibility considered feminine. Yoga, for instance, tends to be regarded by adults and adolescents as a feminine activity for women/ girls, however, it is not known whether younger children share this view. Using data from six individual teacher interviews and a child-friendly task with 23 pupils (working in four separate groups), qualitative content analysis (QCA) was used to identify and explore the gendered perspectives of yoga held by Key Stage 1 teachers and pupils in schools across the North East of England. Data were considered according to Gender Schema Theory (GST) and indicate that, although young pupils seem to hold no consensus view of yoga being a female/ feminine activity, teachers observe reluctance from some of their male pupils during yoga activities in school. As previous research has revealed that teachers generally expect male pupils to be more competitive than their female peers, the findings are discussed in relation to the non-competitive nature of yoga."
41733497,The Impact of Periprocedural Yoga Therapy on Patients Receiving Interventional Procedures for Chronic Pain.,2026,Journal of integrative and complementary medicine,"Chronic pain is a prevalent condition in the United States, and multimodal treatment approaches are the hallmark of management. Yoga therapy is a targeted, systematic approach for treating patients with specific conditions, using focused breathing and relaxation techniques. The purpose of this observational study was to evaluate the impact of yoga therapy on periprocedural pain, anxiety, and satisfaction in patients with chronic pain undergoing interventional procedures. A total of 36 voluntary subjects participated in this prospective study. Nineteen had a yoga therapist guide them through periprocedural yoga therapy techniques, and 17 underwent the procedure without a yoga therapist. Periprocedural vital signs and pre- and postsurvey responses relating to patient-reported severity of pain, anxiety, and satisfaction were collected and compared between the two groups. The mean difference in Visual Facial Anxiety Scale anxiety rating of patients receiving yoga therapy was 1.12 (95% confidence interval [CI]: -2.11 to -0.12, <i>p</i> = 0.029) points lower than that of patients without therapy. The mean difference in Numeric Rating Scale-10 pain score of patients receiving yoga therapy was 1.93 (95% CI: -3.78 to -0.07, <i>p</i> = 0.042) points lower than that of patients without therapy, controlling for procedural sedation. There were no significant differences in vital signs or overall patient satisfaction (Patient Global Impression of Change-7) following the procedure. In patients with chronic pain undergoing interventional procedures, participation in yoga therapy may be associated with a significant reduction in periprocedural anxiety and pain. Further investigation through a randomized controlled trial is necessary to verify these preliminary findings. Yoga therapy may be considered in a multimodal approach to perioperative pain and anxiety management."
41728490,Effective Approaches to Managing Behavioral Problems in Children With Attention-Deficit/Hyperactivity Disorder (ADHD): A Narrative Review.,2026,Cureus,"Attention-deficit/hyperactivity disorder (ADHD) is a neurodevelopmental disorder. It is considered one of the most common disorders in childhood. Its long-term adverse effects are associated with untreated or delayed ADHD in childhood. Impaired academic, functional, and social performance hinders a healthy life. Moreover, good and easy management of children is available via different approaches, providing better long-term improvement. This study aims to summarize the current interventional management strategies for ADHD collectively. We discuss the strengths and limitations of each intervention and highlight the existing gap. In addition, we discuss patient-centered and tailored approaches. This review includes the studies focusing on children and adolescents aged between three and 18. Management strategies include stimulant and non-stimulant medications, behavioral therapies, educational accommodations, lifestyle modifications, and complementary therapies such as mindfulness and yoga. Combining these interventions through a patient-centered approach improves outcomes. Timely diagnosis and early management reduce ADHD's adverse effects. The management plan for ADHD consists of behavioral therapy, educational or training therapy, pharmacological treatment, and lifestyle modification. Each line is effective alone; sometimes, we combine them to make a patient-centered and tailored approach."
41727084,"When attention falters: brain, breathing, and behavioral signals of lapses in interoceptive attention.",2026,bioRxiv : the preprint server for biology,"Mind body practices like meditation and yoga, which are widely used to support mental health, involve paying attention to internal bodily sensations like the breath. During these practices, individuals often report ""interoceptive lapses,"" moments when attention drifts away from the body. While lapses in attention to the external world have been widely studied, far less is known about physiological and neural signals that temporally predict when attention to internal sensations falters. Interoceptive lapses may share markers with exteroceptive attention lapses-such as reaction time variability and changes in default-mode network (DMN) connectivity-but may also depend on distinct brain systems and breathing physiology. To test these possibilities, we examined behavioral, physiological and neural changes preceding lapses in a convenience sample of 93 adolescents with depressive symptoms. Participants performed a 20-minute breath counting task in the fMRI scanner with simultaneous breath recordings. Lapses were defined as moments when counting errors occurred. The sample was split into a training and validation sample, and machine learning models predicting attentional lapses were tested. The strongest predictors were timing and variability of button responses (AUCs > 0.75). Breathing variability and breathing-behavior coupling showed smaller but generalizable predictive value (AUCs < 0.65). Whole-brain connectivity models also predicted lapses (AUC ≈ 0.65) and incorporated regions within the DMN, dorsal, and ventral attention networks-overlapping with systems implicated in exteroceptive attention-as well as the somatomotor network. Further, models that included brain connectivity marginally outperformed behavior-only models. Together, these findings suggest that interoceptive lapses reflect both shared mechanisms with exteroceptive attention failures and additional contributions from brain systems involved in bodily representation and sensory pathways. Although generalizability is limited by the clinical sample and absence of an exteroceptive comparison task, these results highlight candidate brain-body markers of interoceptive attention that may inform real-time monitoring during mind-body interventions and improve understanding of interoceptive disturbance in affective disorders."
41725599,Trauma Adapted Yoga as an Adjunct to Psychiatric Treatment on an Adolescent Inpatient Unit.,2026,Clinical child psychology and psychiatry,"PurposeTrauma-adapted yoga (TAY) is a yoga adaptation developed for trauma-exposed populations that emphasizes autonomy and targets nervous system regulation. This study evaluates TAY's impact on distress and psychiatric symptoms over the course of a psychiatric hospitalization, building on the results of a prior feasibility study that suggested TAY reduced participants' anxiety and emotional pain immediately following group sessions.MethodsThis is a retrospective study. Adolescents voluntarily joined either a yoga or non-yoga (control) group. TAY was offered twice weekly alongside standard care. The Youth Outcome Questionnaire 2.0 was administered at admission and discharge to measure patient distress and assess change over the course of hospitalization. Participants also completed ratings of anxiety, emotional pain, and physical pain pre-and-post-yoga sessions.ResultsOver 27 weeks, 129 adolescents participated with 112 opting into the yoga group. Participants were predominantly female, white, and non-Hispanic. Major Depressive Disorder was the most common discharge diagnosis; 71% of participants reported trauma histories. Yoga participation significantly reduced Y-OQ scores whereas controls had no significant reductions over the course of hospitalization.ConclusionFindings show TAY practice during psychiatric hospitalization may reduce overall distress and imply a need for future inpatient standard programming and research."
41725419,Impact of Yoga Practice on Inflammatory Markers and Stress Levels.,2026,"Behavioral medicine (Washington, D.C.)","Yoga is increasingly incorporated into clinical practice for managing a wide range of mental and physical health conditions, especially those related to stress, and has shown beneficial effects on inflammatory processes and neuroendocrine regulation. Its influence on cytokines such as interleukin-6 and tumor necrosis factor-α, as well as its modulatory action on the hypothalamic pituitary adrenal axis, suggests a potential role in reducing systemic inflammation and improving stress resilience. Despite these promising indications, there is limited scientific evidence from India evaluating yoga's impact on biological markers of stress and inflammation. The present study was undertaken to assess the effects of a structured yoga program on selected biomarkers in 60 adult volunteers who underwent evaluations before and after 3 months of practice. The intervention consisted of a daily 1-h yoga session conducted 6 days a week and included postures, breathing practices, and relaxation techniques. Assessments focused on brain-derived neurotrophic factor, interleukin-6, tumor necrosis factor-α, high-sensitivity C-reactive protein, cortisol, and perceived stress levels. Findings indicated an increase in brain-derived neurotrophic factor and reductions in inflammatory markers, cortisol, and perceived stress. These outcomes suggest that regular yoga practice can positively influence neurotrophic activity, reduce inflammation, and lower stress, supporting its value as a complementary approach to improving overall health and well-being."
41725101,Mindfulness-based interventions to promote improved sleep quality in older adults.,2026,Nursing,"Sleep quality is a crucial indicator of overall health of older adults, who are vulnerable to sleep-related complications such as increased risk for anxiety, dementia, and falls. Sleep disturbances are common in this population and can be exacerbated by comorbidities, including chronic pain and depression. This article explores the research around mindfulness-based interventions (MBIs), which have gained attention as a nonpharmacologic approach to improving sleep quality. MBIs, including mindfulness-based stress reduction, mindfulness-based therapy for insomnia, and mindfulness-based exercises such as yoga and tai chi have shown many benefits for older adults, including improved sleep duration and quality, decreased symptoms of anxiety and depression, and reduced pain. Findings suggest that mindfulness is an effective, low-risk, low-cost way to enhance sleep in older adults, particularly when delivered within structured programs. Early findings also suggest that these interventions may be effectively delivered via digital platforms (such as mindfulness apps), providing increased accessibility and convenience for the older adult population. Nurses should assess patients' sleep quality, address any health issues that might interfere with sleep, and educate older adult patients about the benefits of MBIs as a nonpharmacologic intervention for sleep disturbances."
41724660,"Does taking yoga ""off the mat"" moderate associations between amount of yoga practice and coping, stress, depression, and anxiety?",2026,Journal of health psychology,"Questions remain about the role of yoga practice in everyday life, such as how amount of yoga practice relates to well-being or how practitioners take yoga ""off the mat."" Yoga practitioners were surveyed on their yoga practice, extent to which they carry their yoga ""off the mat,"" perceived coping ability, stress, depression, and anxiety. Regression models examined effects of amount of yoga practice, taking yoga off the mat, and interaction on these outcomes. Amount of yoga practice and taking yoga off the mat interacted to predict stress and depression. With more yoga practice, those lower or average in taking yoga off the mat experienced greater stress and depression. Applying teachings and practices from yoga in daily life may help practitioners feel more able to cope and may attenuate the negative association between yoga practice and stress and depression. However, these findings are correlational and more research is needed for causation."
41722561,"Menstrual Health in Indian Sport: Perspectives and Knowledge of Female Athletes, Male Co-Athletes, Coaches, and Support Staff.",2026,International journal of sports physiology and performance,"To investigate menstrual health perspectives and knowledge among Indian female athletes, male co-athletes, coaches, and support staff, and to examine subgroup differences by sex, role, competition level, education, and prior menstrual cycle (MC) education. A cross-sectional online questionnaire (42 items) was completed by 251 participants (110 female athletes, 41 male co-athletes, 52 coaches, and 48 support staff) from 30 sports across 26 Indian states and 3 union territories. Perspectives were assessed through 8 binary questions on MC impact, importance, stigma, tracking, integration into planning, and communication comfort. The knowledge section (20 items) covered MC, menstruation, MC symptoms, and hormonal contraceptive use. Data were analyzed using descriptive statistics, logistic regression for perspective items, and linear regression for knowledge scores. Most respondents (∼88%) acknowledged the MC's impact on training and performance, but fewer reported tracking or integrating it into planning, especially support staff (∼23%), compared to coaches (∼75%) and female athletes (∼64%). Communication comfort was perceived as gender-asymmetric, with greater ease discussing MC information with female (∼92%) than male (∼55%) coaches. Knowledge scores were higher in females than males (P < .001) and highest in support staff compared with coaches and athletes (P < .05). International-level participants scored lower on knowledge than those at national or college-to-state levels (P < .05). This multistakeholder survey highlights a clear recognition of the MC's impact on athletic performance, yet reveals significant gaps in practice, communication, and education. Targeted, role-specific education and standardized routines for tracking and communication are essential to bridge these gaps and enhance athlete support."
41718364,"Effect of Yoga Practices on Postural Stability, Fall Risk, and Psychological Wellbeing in Older Adults.",2026,"Geriatrics (Basel, Switzerland)","<b>Background:</b> Advancing age is frequently associated with balance impairment, increased fall risk, and psychological distress, which together contribute to loss of independence and reduced quality of life. Yoga, as a mind-body practice, has the potential to enhance physical stability as well as mental well-being in older adults. Therefore, the objective of this study was to evaluate the effects of a structured yoga program on balance, fear of falling, mobility, and mental health outcomes among older adults. <b>Methods:</b> A quasi-experimental pretest-post-test study was conducted at Nagpur, India. A total of 64 eligible participants (65-85 years) were purposively assigned to a yoga intervention group (n = 32) or a waitlist control group (n = 32). The 12-week intervention comprised preparatory exercises, yoga postures, breathing practices, and meditation. Outcomes assessed at baseline and post-intervention included balance, fear of falling, mobility, depression, and anxiety. <b>Results:</b> Data from 50 participants (yoga: n = 26; control: n = 24) were analyzed. The yoga group showed significant improvements in balance (<i>p</i> < 0.001) and functional mobility (<i>p</i> < 0.001), with significant reductions in fear of falling (<i>p</i> = 0.009), anxiety (<i>p</i> = 0.0003), and depression (<i>p</i> = 0.004). In contrast, the control group exhibited deterioration in functional mobility (<i>p</i> = 0.001) and anxiety (<i>p</i> = 0.009), with no significant gains in other measures. Between-group comparisons confirmed significantly greater improvements in the yoga group across all outcomes. <b>Conclusions:</b> A 12-week yoga program was feasible and effective in improving balance, functional mobility, and mental health, while reducing fear of falling among older adults. Yoga may serve as a safe, non-pharmacological intervention to promote healthy aging in institutionalized populations. <b>Trial registration:</b> This study was prospectively registered with the Clinical Trial Registry of India (Registration No: CTRI/2023/10/058682; Registered on: 16 October 2023)."
41717450,Telehealth cognitive behavioural therapy improves health-related quality of life and pain in endometriosis: the Healing Pelvic Pain Intervention (HaPPI)-a randomized controlled trial.,2026,Human reproduction open,"Is telehealth cognitive behavioural therapy (CBT) or yoga effective in improving health-related quality of life (HRQoL) and secondary outcomes for endometriosis? Endometriosis-tailored CBT is superior to education for improving HRQoL and pain. Endometriosis is a burdensome disease that contributes to diminished quality of life. Current biomedical care including hormonal and analgesic treatment is associated with inconsistent efficacy. Interdisciplinary care is therefore needed to augment the well-being of people with endometriosis. Although studies have suggested that CBT and yoga are promising for relieving pain and other symptoms associated with endometriosis, the evidence remains limited because they are based on small pilot studies. In this parallel 8-week randomized controlled trial (RCT), 334 participants were randomized using a computer-generated sequence with allocation concealment between April 2021 and February 2024. Outcome assessors were blinded to the group. Participants required a diagnosis of endometriosis with pain for at least 6 months, and access to internet. Participants were randomly allocated to: (i) CBT (8-week telehealth therapist-led group, n = 79); (ii) yoga (8-week telehealth therapist-led group, n = 83); or (iii) education materials via email (n = 84). Primary outcomes: endometriosis-specific HRQoL (Endometriosis Health Profile-30; EHP-30 Total and Pain); general HRQoL (EQ-5D-5L global health) at post-treatment (8 weeks). Secondary outcomes: pain (period pain, bowel pain, bladder pain, and sexual pain), pain catastrophizing, pain self-efficacy, psychological distress, sleep, fatigue, menstrual symptoms, and central sensitization. Mixed-effects models examined group by time differences. The CBT group reported statistically significant improvements in endometriosis-specific HRQoL (EHP Pain <i>β</i> = -0.58, 95% CI = -0.89, -0.26, <i>P</i> = 0.01), and general HRQoL (EQ-5D-5L global health <i>β</i> = 0.52, 95% CI = 0.21, 0.84, <i>P</i> = 0.02) compared to the education control group. CBT was also superior to education for pelvic pain (menstrual pain, bowel pain, bladder pain, and sexual pain), pain self-efficacy, and pain catastrophizing. Effect sizes for CBT were generally medium to large (Cohen's D = -0.28 to -0.93). Yoga was superior to education for menstrual symptoms and sexual pain, with medium effect sizes (Cohen's D = -0.56 to -0.71). Due to the presence of COVID-19 restrictions during data collection, CBT and yoga were delivered online. As a result, it is unclear whether CBT and yoga would have the same effects if delivered face-to-face, or whether online delivery would show comparable efficacy in a post-pandemic context. Our RCT is the first to test the efficacy of telehealth CBT or yoga for improving outcomes in people living with endometriosis compared to an active control. Telehealth CBT demonstrated efficacy for improving endometriosis-specific and general HRQoL in people with endometriosis, as well as pain outcomes. Yoga demonstrated efficacy for improving menstrual symptoms and pain during sex. We recommend endometriosis-tailored CBT as part of interdisciplinary management for people with endometriosis, including online delivery to address access and mobility barriers. Yoga may be helpful in augmenting pelvic health. This work is supported by the Australian Government, Canberra under the Medical Research Future Fund grant number MRFF1200214. The authors do not have any conflicts of interest in relation to the present study. ACTRN12620000756921 https://www.anzctr.org.au/Trial/Registration/TrialReview.aspx?id=379947&isReview=true. 22 July 2020. 23 April 2021."
41717166,"Volitional Yoga Breathing for Smokers: Development, Validation, and Feasibility of a 30-Minute Breathing-Only Intervention for Smoking Cessation and Pulmonary Rehabilitation.",2026,Cureus,"Background Cigarette smoking is a major preventable cause of morbidity and premature mortality. It is associated with respiratory symptom burden, impaired pulmonary function, and high relapse rates during quit attempts. Relapse is often driven by nicotine craving, stress, and emotional dysregulation. Volitional yoga breathing (VYB) has shown potential benefits for reducing craving, improving emotional regulation, and supporting pulmonary health. However, no standardized breathing-only intervention has been developed specifically for smokers. The purpose of this study was to develop and validate a structured 30-minute VYB module and assess its feasibility and acceptability among chronic smokers. Methods The study employed a three-phase design. Phase 1 involved the development of a structured VYB module based on classical and contemporary yoga texts, supported by relevant scientific literature. Phase 2 comprised expert validation by 32 qualified yoga professionals using a 3-point Likert scale, with content validity quantified using Lawshe's content validity ratio (CVR). Phase 3 evaluated feasibility in 20 high nicotine-dependent smokers, assessed using the Fagerström Test for Nicotine Dependence (FTND > 7), in a single-arm pre-post design in which participants completed 20 supervised 30-minute sessions over four weeks. Feasibility was assessed through intervention fidelity, participant feedback, and instructor ratings, while preliminary effects were examined through changes in smoking urges and pulmonary function from baseline to four weeks. Results The final module retained nine yoga breathing practices that met the content validity threshold (CVR ≥ 0.31). Feasibility outcomes demonstrated a 100% acceptance rate and an 80% retention rate over the intervention period, with no adverse events reported. The instructor rated all practices as easy to learn and implement, while participants found them highly satisfactory, useful, and simple. At the end of four weeks, frequency and intensity of smoking urges showed significant reductions of 38.5% (p < 0.001) and 39.4% (p = 0.004), respectively, alongside a significant improvement in pulmonary function, with forced expiratory volume in 1 second (FEV₁) increasing by 17.98% (p < 0.001). Conclusions This study provides smokers with a structured, validated VYB module that is acceptable, safe, and feasible, with promising preliminary efficacy in reducing smoking-related urges, supporting cessation efforts, and improving pulmonary function. The findings highlight the potential clinical and public health relevance of this low-cost, nonpharmacological, breathing-only intervention for smoking cessation and pulmonary rehabilitation."
41710544,Examining the impact of combining yoga-based breathing techniques with short-bouts of walking on state anxiety: findings from two pilot randomised trials.,2026,Health psychology and behavioral medicine,"Single bouts of exercise can reduce state anxiety, but little is known about the benefits of short-duration walking and the potential additional benefits of integrating yoga-based breathing techniques. This study aimed to investigate whether performing a yoga-based breathing pattern, breathwalk (BW), offers additional acute benefits compared to normal breathing, on state anxiety during a single bout of walking. Two pilot randomised trials (parallel groups) were conducted in healthy adults (<i>n</i> = 37 and <i>n</i> = 47) in different naturalistic settings. In both trials, participants (students/staff in one University) were randomly assigned to the breathwalk (BW) or normal walking (NW) group. All the participants performed one short bout of walking at a self-selected moderate pace. The BW group also followed a breathwalk protocol of step-based inhalation and exhalation during the walking bout. The outcome measure in both trials was state anxiety (State Trait Anxiety Inventory for Adults™) assessed pre- and post-walking bout. Participants and outcome assessors were not blinded. Analyses were performed using two-way mixed factorial analysis of variance with follow-up paired sample t tests. Cohen's <i>d</i> effect sizes provided an indication of the magnitude of change within each group. In trial 1, there was no significant (group × time) interaction, but a significant main effect represented a reduction in state anxiety in both groups. In Trial 2, a significant interaction effect was found; only the BW group showed a significant reduction in anxiety over time. In both trials, effect sizes (reduction in state anxiety) were greater in the BW compared with the NW group. These trials provide further evidence of the beneficial effects of short, single bouts of walking on the mental well-being of young adults. There was preliminary evidence that the incorporation of a simple, breathing technique (breathwalk) provided greater anxiolytic effects than walking alone which warrants further investigation."
41707882,The role of yoga in enhancing spiritual and psychological health: Evidence from a large cross-sectional study.,2026,Complementary therapies in medicine,"Research has rarely explored yoga's link to spirituality, and none have examined spiritual well-being via Fisher's four-domain model. Comparative studies with active control groups are also lacking. This study examines the relationships between spirituality, subjective well-being (SWB), and mental health indicators (depression, anxiety, and stress) among yoga practitioners, physically active individuals, and inactive controls. A total of 1.167 Hungarian adults (79 % females), mean age 34.52 years (SD ± 14.97), completed an online survey assessing spiritual health attitudes and behaviors, SWB, and mental health symptoms, along with the frequency of physical activity. Multivariate analyses showed significant group differences (Wilks' Λ =.811, F(26, 2304) = 9.77, p < .001, partial η² = .099) across the combined dependent variables. Yoga practitioners reported significantly (p < .001) higher well-being and spirituality, and lower depression, anxiety, and distress than both regular exercisers and inactive participants. Regular exercisers also demonstrated more favorable psychological outcomes than inactive individuals, though to a lesser extent than yoga practitioners. Weekly physical activity frequency was positively associated with well-being and negatively associated with mental health symptoms across groups. Correlation patterns revealed several spirituality-related variables that were uniquely and more strongly associated (p < .001 to p < .023) with health indicators in the yoga group. These findings support the mental health benefits of regular physical activity and emphasize yoga's distinct contribution to spiritual well-being. The results highlight the integrative value of embodied spiritual practices, such as yoga, in promoting psychological resilience and holistic well-being."
41706701,"'It is a lifeline': International cross-sectional survey of benefits, barriers and acceptability of online yoga during the COVID-19 pandemic.",2026,PloS one,"Yoga is associated with physical and mental health benefits. Online delivery may increase access to these benefits, yet limited research has examined its effectiveness and acceptability. This cross-sectional study explored the perceived benefits, barriers, and acceptability of online yoga among a large, global sample of practitioners and teachers during the early phase of the COVID-19 pandemic. A secondary aim was to assess the psychosocial health of practitioners. A total of 1,185 participants (511 yoga students, 586 yoga teachers) completed an online survey assessing sociodemographic characteristics, yoga dosage, perceived benefits and barriers, and psychosocial health indicators (social isolation, depression, anxiety, and stress). Open-ended responses were analyzed using inductive thematic analysis to identify perceived challenges and benefits of online yoga. Participants reported low levels of stress, anxiety, and depressive symptoms compared to general population norms during the pandemic. Hierarchical regressions showed small but significant associations between yoga practice and mental health. Controlling for age and gender, days per week was associated with lower depression (β = -.10, p = .011) and years of practice with lower anxiety (β = -.07, p = .045). Age was inversely associated with depression, anxiety, and stress. Both quantitative and qualitative data indicated that the benefits of online yoga outweighed its barriers. Key reported benefits included social connectedness, increased accessibility and convenience, improved mental and physical health, and opportunities for personal practice. Reported barriers included reduced group connection, limited personalized guidance, and practical challenges related to technology and the home environment. This mixed-methods study offers novel insights into the perceived effectiveness and limitations of online yoga from both student and teacher perspectives. Interpreted through the COM-B model, findings highlight key barriers and facilitators that can inform the future design and delivery of online and hybrid yoga interventions in a post-pandemic context."
41704964,Comparative Effects of Structured Yoga and Conventional Therapeutic Exercise on Pain and Disability in Chronic Mechanical Low Back Pain: A Short-Term Randomized Study.,2026,Cureus,"Background Chronic mechanical low back pain (CMLBP) is a common cause of disability, and exercise-based interventions are first-line management. Yoga has emerged as a mind-body alternative, but evidence comparing yoga with conventional therapeutic exercise (CTE) remains inconsistent. Objective This study aims to compare the short-term effects of a structured yoga program versus CTE on pain intensity, analgesic use, and functional disability in adults with CMLBP. Methods A single-center, parallel-group randomized, comparative study was conducted in a tertiary care center in North India. Sixty participants (ages 25-40 years) with CMLBP were randomized (1:1) to either yoga (25-minute supervised sessions twice weekly + home practice) or CTE (50-minute supervised daily exercise) for six weeks. Primary outcomes were pain intensity (visual analog scale (VAS)) and weekly analgesic consumption. The secondary outcome was functional disability (Oswestry Disability Index (ODI)). Analyses followed the intention-to-treat principle. Between-group comparisons used independent t-tests and analysis of covariance (ANCOVA) (adjusting for baseline). Clinical significance was evaluated using established minimal clinically important difference (MCID) thresholds (VAS ≥ 1.5-2.0; ODI ≥ 10). Results All 60 participants completed the study (adherence: ≥90%). Both groups demonstrated significant within-group improvements in VAS, ODI, and analgesic use (all p < 0.001; large effect sizes d = 2.02-3.82). Between-group analysis favored yoga for all outcomes: VAS reduction showing yoga 4.26 vs. CTE 3.60 (t = 2.78, p = 0.007; d = 0.71, adjusted mean difference = 0.6 points; 95% CI 0.20-1.06); ODI reduction showing yoga 21.7 vs. CTE 17.2 (t = 3.21, p = 0.002; d = 0.82; adjusted mean difference = 4.5, 95% CI 1.73-7.67); and analgesic reduction showing yoga 7.9 vs. CTE 6.8 (t = 2.21, p = 0.031; d = 0.56, adjusted mean difference = 1.0 tablet/week, 95% CI 0.3-2.3), not significant after Bonferroni correction (α = 0.0167). Between-group differences for VAS (≈0.6) and ODI (≈4.5) did not exceed MCID, indicating clinically modest advantages despite statistical significance. No serious adverse events occurred. Conclusion A short-duration, structured yoga program resulted in greater short-term improvement in pain, disability, and analgesic use than a higher-dose CTE regimen, although the clinical superiority was modest. Yoga may represent a time-efficient, low-burden alternative, rather than a definitively superior intervention. Larger, multicenter trials with long-term follow-up and dose-matched protocols are warranted."
41702252,"Understanding social media addiction through Ayurveda, Yoga, and Neuroscience: A narrative review anchored in Indian Knowledge Systems.",2026,Journal of Ayurveda and integrative medicine,"Social Media Addiction (SMA), a pervasive behavior disorder of the modern digital age, particularly in youth, is characterized by compulsive internet use and disrupted cognitive control. This narrative review integrates evidence from modern neuroscience and ancient Indian mind-body knowledge systems, namely Ayurveda, Yoga, and spiritual scripture on the basis of the Bhagavad Gita, Katha Upanishad, Charak Samhita, and Yoga Sutras. Databases such as PubMed, Google Scholar, Scopus, and JSTOR were searched using keywords such as ""social media addiction,"" ""Neurobiological mechanisms,"" ""Ayurveda,"" ""Indian Knowledge Systems,"" and ""Yoga and mindfulness,"". PRISMA-based screening of the studies was conducted for the period 1994-2024. Included peer-reviewed articles were thematically categorized into neuroscience-based mechanisms of SMA, mind-body interventions (Yoga, mindfulness), and Ayurvedic models (Pradnyaparadh, Triguna, Satvavajaya Chikitsa, and Medhya Rasayana). This transdisciplinary overview illustrates the potential of integrative approaches that align neuroplastic techniques with culture-informed models of therapeutics. The aim is to comprehend how neurobiological processes like compromised executive function, reward sensitivity, and brain development intersect with ancient Indian mind-body balance systems, moral living, and mental self-regulation. By considering empirical neuroscience as well as established frameworks in Indian medicine and philosophy, it suggests an improved, holistic approach to understanding and treating social media addiction."
41698014,Validation of Tailored Yoga and Naturopathic Hydrotherapy Protocol for the Management of Polycystic Ovary Syndrome.,2026,Alternative therapies in health and medicine,"Polycystic ovary syndrome (PCOS) is a prevalent hormonal disorder among women of reproductive age, marked by irregular menstrual cycles, elevated androgen levels, and polycystic ovaries. If not adequately managed, PCOS can lead to complications such as infertility, type 2 diabetes, and cardiovascular issues. Tailored yoga and naturopathy interventions may offer effective management for this condition. The purpose of this study was to professionally validate the perceived utility of a systematic yoga and naturopathy protocol in managing PCOS. The study was conducted by the Department of Physiology at the All India Institute of Medical Sciences, Bhopal. The study involved 35 yoga and naturopathy experts. An extensive literature search was conducted in databases including PubMed, Scopus, and Google Scholar to develop the yoga and naturopathy protocol. The protocol included yoga asanas (postures), Sithilikaran vyayama (loosening exercises), pranayama (breathing exercises), Kunjal kriya (voluntarily induced vomiting), and kati-snan therapy (hip-bath therapy). The protocol was validated for content validity by participants using a 4-point Likert scale; a minimum content validity ratio of 0.31 was considered. The average content validity ratio of our entire protocol was 0.8, indicating its validity. This protocol can be incorporated into research studies with a larger sample size (comprising diverse age groups, socio-economic and geographical backgrounds, with varying metabolic and hormonal profiles) to assess its efficacy and utility. Polycystic Ovary Syndrome, Yoga, Naturopathy, Holistic Health, Naturopathic hydrotherapy, validation of Yoga and naturopathy protocol, content validity score."
41697452,Integrative Oncology for Biochemical Recurrence of Epithelial Ovarian Cancer.,2026,Current oncology reports,"Biochemical recurrence of epithelial ovarian cancer (EOC), defined as rising CA-125 levels without clinical or radiologic evidence of disease, is a frequent and challenging scenario. Cytotoxic therapy initiated at this stage does not improve survival and may diminish quality of life. This review evaluates integrative oncology (IO) interventions that may support women during this vulnerable period. Mind-body therapies, including mindfulness, yoga, and cognitive behavioral therapy, have demonstrated benefits in reducing anxiety, distress, and fear of recurrence. Exercise and acupuncture improve vitality, mood, and sleep. Nutritional strategies-particularly anti-inflammatory diets, vitamin D sufficiency, and omega-3 fatty acid intake-promote resilience and overall health. Natural compounds such as green tea, medicinal mushrooms, modified citrus pectin, melatonin, and AHCC show immune-modulating or anti-tumor effects in preclinical or early clinical studies. Among repurposed non-oncologic drugs, metformin provides the strongest rationale, especially for women with type 2 diabetes. Although ovarian cancer-specific trials are limited, IO approaches are safe, feasible, and evidence-informed. They address psychosocial distress, improve quality of life, and may influence disease biology, offering meaningful options for women under surveillance during biochemical recurrence."
41695991,A comprehensive review on indigenous therapeutic approaches in kidney care using Ayush medicine.,2025,Frontiers in pharmacology,"Chronic kidney disease (CKD) presents a significant global health concern due to its progressive impact on kidney function, and associated complications. This narrative review highlights the role of traditional system of medicine and comprehensive approach to managing chronic kidney disease (CKD) including their molecular mechanisms and therapeutic roles. The interdependence of physical, mental, and spiritual wellbeing is acknowledged by AYUSH, and other indigenous traditions, which emphasize on botanical drugs with proven nephroprotective qualities in addition to dietary changes, lifestyle adjustments, and mind-body therapies. For instance, traditional botanical drugs have shown nephroprotective effects in both preclinical and clinical trials. Yoga activities promote overall wellbeing, which is particularly beneficial for individuals with chronic kidney disease. Our aim is to explore and integrate traditional medicine with modern nephrology practices for enhancing CKD management. However, the review presents the brief importance of this integration and challenges such as the need for robust clinical trials to substantiate safety and efficacy. It also discusses the legal and quality control concerns related to botanical drugs. Overcoming these hurdles is paramount for the successful assimilation of traditional medicine systems with modern healthcare practices. The review also contains the synergistic blend of contemporary nephrology with ancient healing systems like AYUSH offering a compelling approach to CKD treatment and nephroprotection."
41695585,Learning Yoga Through Interactive Online Classes: Perspectives From Midlife and Older Women Enrolled in the LILA Trial for Urinary Incontinence.,2026,Global advances in integrative medicine and health,"To explore experiences with learning yoga through synchronous, online instruction among midlife and older women participating in a trial of therapeutic yoga for urinary incontinence. We conducted an embedded qualitative study and assessed process outcomes within a multi-site randomized controlled trial of a group-based therapeutic pelvic floor yoga program vs physical conditioning program for midlife and older women with urinary incontinence. Participants were recruited from the San Francisco Bay Area from 2019 to 2022. The trial included twice-weekly small group instruction delivered via telehealth using the videoconference platform Zoom. Questionnaires and semi-structured interviews were used to assess satisfaction and explore experiences of learning yoga in an online format. Data were analyzed using descriptive statistics and a hybrid deductive/inductive qualitative thematic analysis approach. Questionnaire results showed 96% of respondents (n = 51) rated their overall experience with online yoga as ""good to excellent.'' Interview participants (n = 24) identified key challenges including navigating technology, configuring home environments, limited social connection, and not being in the physical presence of the yoga teacher. However, these challenges were offset by facilitators such as convenience, privacy, and perceived mind-body benefits, including improved incontinence symptoms. Effective teaching strategies contributing to a positive experience included detailed verbal instructions, visual demonstrations, solicitation of questions, and individualized feedback. Synchronous, videoconference-based yoga instruction was effective at engaging midlife and older women in managing urinary incontinence. The online format provided convenience and privacy, making therapeutic yoga more accessible. Tailored teaching strategies and technical support significantly enhanced learning and satisfaction. This study suggests the potential for broader application of online therapeutic yoga programs for specific health conditions."
41694821,Effects of Isha Yoga Practices on Health Outcomes: A Systematic Review of Controlled Studies.,2026,Cureus,"The global burden of chronic diseases and mental health disorders has intensified the need for holistic interventions such as yoga. Isha Yoga, a comprehensive system integrating physical postures, breathwork, and meditation, has demonstrated preliminary benefits in stress reduction and physiological regulation. This systematic review evaluates the effects of Isha Yoga practices on mental and physical health outcomes in controlled studies. In accordance with Preferred Reporting Items for Systematic Reviews and Meta-Analyses (PRISMA) guidelines, systematic searches were conducted in PubMed, Scopus, Web of Science, and the Cochrane Library from database inception to July 2025. Eligible studies employed controlled designs, including randomised controlled trials (RCTs), non-randomised controlled studies, and cross-sectional comparative studies that evaluated the effects of Isha Yoga practices on health-related outcomes with comparators. Methodological quality and risk of bias were assessed using the Cochrane Risk of Bias 2 tool for RCTs and the Risk Of Bias In Non-randomized Studies - of Interventions (ROBINS-I) tool for non-randomised studies. Due to heterogeneity, a narrative synthesis was performed, grouped by outcomes with subgroups for expertise and dosage. Nine studies were included: three RCTs, four non-RCTs, and two cross-sectional studies. Mental health benefits were consistent, with moderate-to-large reductions in stress (four studies; d=0.27-0.94), anxiety and depression (three studies; d=0.48-1.88), and improvements in well-being and resilience (four studies; d=0.32-0.78). Physiological outcomes demonstrated enhanced heart rate variability (one study; p=0.01-0.02), reduced inflammation and metabolic markers (two studies; p<0.02), and microbiome shifts (one study; p<sub>adj</sub>=0.001). Effects were dose-dependent (≥3-4 days per week) and stronger amongst experienced practitioners. Risk of bias was moderate overall; sensitivity analyses confirmed findings. Isha Yoga demonstrates promising mental health benefits and preliminary physical health benefits, with stronger effects observed in sustained practice. Methodological limitations warrant caution. Future large-scale RCTs with active comparators and biomarkers are recommended to confirm efficacy and elucidate underlying mechanisms."
41690690,Systematic Review of the Lived Experiences of Women Participating in Therapeutic Yoga.,2026,International journal of yoga therapy,"No study has synthesized qualitative insights related to yoga across various women's health concerns, including breast and ovarian cancer, endometriosis, menopause, and pregnancy, despite numerous individual studies. The present review therefore sought to synthesize qualitative research on yoga, exploring participants' perceived psychological and physical effects and motivators for engagement in a therapeutic setting. PubMed, CINAHL, Embase, PsycInfo, SPORTDiscus, and Google Scholar were searched systematically for qualitative and mixed-methods (extracted qualitative only) designs. Data extraction, critical appraisal, and quality assessment followed the Joanna Briggs Institute (JBI) methodology for qualitative systematic reviews. Synthesis involved a phenomenological approach through thematic synthesis and meta-aggregation. Of 1,896 identified studies, 12 were included in the systematic review. Women aged 22-84 participated in various in-person yoga interventions spanning community yoga studios, community health centers, hospitals, and antenatal clinics, with data mainly collected through interviews, questionnaires, and surveys. Meta-aggregation yielded five secondary subthemes on participants' perceptions: (1) Fostering Community, Relationships, and Safe Spaces; (2) Emotional Balance, Self-Discovery, and Lifelong Learning; (3) Pain Relief and Physical Wellness; (4) Easing Stress and Anxiety Through Mindful Practice; and (5) The Journey to Confidence and Empowerment. We identified two secondary subthemes for motivations for engagement in yoga practice: (1) Desire to Heal Mentally and Physically; and (2) A Sense of Commitment and Community. Yoga positively affected mental and physical well-being, with participation motivators suggesting its potential as a complementary practice in women's health and life transitions."
41690689,Impact of Brisk Walking Alone Versus Combined with Yoga on Cardiovascular Risk Indices in Postmenopausal Women: Quasirandomized Controlled Trial.,2026,International journal of yoga therapy,"Menopause significantly impacts cardiovascular risk factors, the leading cause of mortality in women experiencing menopause. The present study examined the effects of combined exercise modalities on nontraditional lipid ratios in menopausal women. A total of 139 women were randomized into two groups-brisk walking with yoga or brisk walking alone-for a 3-month intervention. Anthropometric and biochemical parameters, including lipid indices, were assessed before and after the intervention. Baseline characteristics were comparable between groups. ANCOVA with repeated measures showed that the brisk walking with yoga group achieved greater improvements than brisk walking alone in BMI (-1.0 kg/m2, p = 0.001), waist circumference (-5.3 cm, p = 0.003), and hip circumference (-4.8 cm, p < 0.001). There was a significant group × time interaction for diastolic blood pressure (-8.3 mmHg, p < 0.001) and in total cholesterol (-25.1 mg/dL, p < 0.001), triglycerides (-36.6 mg/dL, p < 0.001), LDL cholesterol (-22.2 mg/dL, p < 0.001), and non-HDL cholesterol (-31.2 mg/dL, p < 0.001). The cardiovascular risk indices CRI-I (-1.06, p < 0.001), CRI-II (-0.77, p < 0.001), and AC (-1.06, p < 0.001) showed significantly greater improvements in the brisk walking with yoga group, while HDL cholesterol increased significantly only in this group (+6.1 mg/dL, p < 0.001). The combined exercise group participants showed better satisfaction compared to brisk walking alone, suggesting that integrating yoga may be more efficacious, acceptable, and feasible, potentially improving midlife health and long-term outcomes. Our results underscore the importance of lipid ratios in predicting cardiovascular disease risk in women experiencing menopause and advocate for yoga's inclusion in exercise routines. Further research incorporating longer intervention periods and larger sample sizes is warranted to comprehensively establish the long-term cardiovascular benefits of combined exercise in women experiencing menopause."
41690688,"Yoga and Positive Education for Student Mental Health, Self-Compassion, and Vitality: A Mixed-Methods Study.",2026,International journal of yoga therapy,"With growing need to mitigate the mental health crisis on university campuses, researchers worldwide are seeking to determine effective student mental health promotion strategies, such as positive education (i.e., the teaching of applied positive psychology) and yoga. Nevertheless, a paucity of research appraises the effects of merging positive education and yoga for mental health. Therefore, the purpose of this study was to investigate the effect of a 6-week hatha yoga program on undergraduate positive education students' mental health, self-compassion, and vitality. In this mixed-methods single-case experimental A1BA2 design, 7 volunteer students enrolled in the positive education course completed a 2-week baseline (A1), followed by a 6-week yoga program that included two ≈ 45-minute weekly virtual yoga classes (B), and another 2-week baseline (A2; post-yoga), all while taking their positive education course. Trait variables (mental health, trait self-compassion, and trait subjective vitality) were assessed via validated questionnaires during the baseline phases preceding and following the yoga program, whereas state variables (state self-compassion and state subjective vitality) were assessed immediately before and after one of the weekly yoga sessions. Participants also responded to open-ended journal prompts related to the outcome variables following one of the sessions. Visual, stability, level, trend, and reflexive thematic analyses revealed that yoga practice was associated with improved trait and state well-being outcomes. This research suggests preliminary evidence for yoga and positive education courses as a means of increasing university students' mental health, self-compassion, and vitality both immediately and over time. Suggestions for yoga program implementation and future research are discussed."
41690687,"A Qualitative Study of the Psychosocial Benefits, Feasibility, and Acceptability of Yoga for Yoga Teachers and Students in Kakuma Refugee Camp, Kenya.",2026,International journal of yoga therapy,"The present study examined the psychosocial benefits, feasibility, and acceptability of the Mind Body Wellbeing Program, a trauma-informed and yoga-based program that was implemented in the Kakuma refugee camp, in Kenya, Africa. The program aims to reduce symptoms of trauma and enhance well-being through four domains, including mindful practice, physical practice, inquiry, and assisting and support. All yoga teachers were living in Kakuma Refugee Camp and were trained by Africa Yoga Project, a nonprofit organization that trains and employs yoga teachers in Kenya. Six teachers and ten students were interviewed about their experiences in the program, effectiveness of the program, benefits for displaced populations, and suggestions for improvement. The study used interpretive phenomenological analysis, a qualitative research approach committed to the examination of how people make sense of their major life experiences. We identified a total of 7 emergent themes, comprising 25 subthemes, which were further broken down into 92 unique codes. The 7 themes that appeared from the interviews were: (1) unique experiences of living in a refugee camp, (2) teachers and their training, (3) the process of learning and practicing yoga, (4) benefits of yoga, (5) yoga and refugee trauma, (6) acceptability and accessibility of yoga classes, and (7) future directions."
41690684,From Focusing on Pain to Focusing on What Can Change: Results from a Feasibility and Qualitative Study on an Integrated Pain Education and Yoga Program for Women with Pain Following Breast Cancer Treatment.,2026,International journal of yoga therapy,"Pain after breast cancer treatment affects up to 58% of women treated, with 25% reporting moderate to severe pain at long-term follow-up. Improved pain care interventions are needed to enhance patient outcomes and improve quality of life after breast cancer treatment. Integrating yoga with pain education holds potential value as part of pain care. We conducted a feasibility study to assess preliminary pain and quality of life outcomes from a 6-week integrated pain education and yoga program for women with persistent pain after breast cancer treatment. Interviews were conducted to assess the acceptability of the intervention. Pain intensity and interference, pain catastrophizing, pain self-efficacy, and quality of life questionnaires were compared before and immediately after the intervention. Semistructured interviews with thematic analyses were conducted to explore the experiences of participants, specifically the acceptability and appropriateness of the intervention. Six women (age 44-54) enrolled in the program. Pain severity, pain interference, and role function demonstrated significant differences postintervention (p < 0.05). Pain self-efficacy, the helplessness subscale of the Pain Catastrophizing Scale, global health status, and emotional function showed trends toward improvement. Five main themes emerged from qualitative analyses: (1) acceptability of the intervention; (2) pain reconceptualization; (3) development of pain self-efficacy and improved pain experiences; (4) improved mindful body attunement and stress-reduction strategies; and (5) increased commitment to adherence to endocrine therapy. An integrated pain education and yoga program for pain following breast cancer treatment is feasible, with preliminary data indicating positive pain-related outcomes. Future fully powered randomized controlled trials are warranted."
41690681,From Apprehension to Acceptance: Exploring Veterans' Perspectives on a Community-Led Yoga Intervention for PTSD.,2026,International journal of yoga therapy,"This qualitative study explored the perceived expectations, benefits, and challenges of a 12-week community mindfulness-based yoga program for U.S. military veterans with PTSD symptoms. Although yoga has shown promise in reducing PTSD, depression, and anxiety symptoms among veterans, barriers to engagement persist, particularly concerning psychological perceptions of complementary and integrative health approaches. Our study builds on prior feasibility research by assessing veterans' subjective experiences through a focus group conducted after program completion. Twelve veterans were recruited for the intervention, with six participating in the focus group. Upon intervention completion, participants were asked about their perceptions of the program, including benefits and challenges, in addition to ability to cope with physiological PTSD symptoms. Thematic content analysis of the focus group transcripts revealed that the group exhibited initial apprehension, particularly centered around whether yoga was an appropriate form of exercise for veterans given stereotypes related to the practice. Nevertheless, participants described feelings of empowerment and increased self-efficacy upon leaving the program. Endorsed challenges included anxiety and avoidance, which served as barriers to attending. Participants did not explicitly report gaining control over physiological PTSD symptoms; rather, they emphasized that the program helped them overcome mental barriers and fostered acceptance rather than rigid control. Throughout, the program was identified as filling an unmet need for the veteran community. Findings suggest that veterans perceive a unique utility of community-based yoga programs. Specifically, the intervention promoted engagement in self-care, which, in turn, may help the ability to cope with PTSD symptoms."
41690165,"Potential anticancer activity of Shulva Yoga, a herbo-metallic compound, in loss of scrib induced cancer in Drosophila melanogaster.",2026,Journal of Ayurveda and integrative medicine,"The worldwide burden of cancer is illustrated by the 10.0 million fatalities (World Health Organization, 2021) and the 19.3 million incidence of new cases as reported in the GLOBOCAN data. The transparency to sensitiveness of chromosomal aberrations and the consequent responses in epithelial cancer quotients collectively explains the need of tumor exploration in Drosophila models. The reciprocation of a traditional herb-mineral combination Shulva Yoga (SY) in epithelial tumour microenvironment has been fundamentally assessed here. Classically incinerated copper ash were mixed for levigation with madyantika (Lawsonia inermisL.), punarnava (Boerhaavia diffusaL.) and meshshringi[Gymnema sylvestre (Retz.) Schult.] leaves. The in-vitro analysis of MTT and AnnexinV/PI staining were applied on four different cell lines (DL, JE6.1, MCF-7,& WRL-68) with SY. The in-vivo analysis was initiated with loss of scribble (cell polarity protein) in wing imaginal disc of Drosophila melanogaster for epithelial carcinoma induction. The dose determination was followed with pupal lethality assessment and anti-oxidant levels. The Phalloidin/F-actin filament, DAPI and Immunostaining were further implied. The IC50 of SY treated DL, JE6.1, MCF-7 and WRL-68 cells at 24 hours was 28.25±1.5 μg, 27.27±1.6 μg, 37.59±1.9 μg, 15.92±2.5 μg respectively. The dosedependent range of 0.01 mg/ml to 0.2 mg/ml exhibited the features of early and late apoptosis after 24hrs with AnnexinV/PI stain. SY showed early pupal rescue, preservation of Actin filaments, downregulation of MMP 1and cyclin-E in comparison to the untreated. There was surge of the SOD and catalase levels, whereas LPO content depressed. SY might induce apoptosis in tumour cells with counter mechanisms on angiogenesis, proliferation and metastasis in Drosophila model. Gene amplification, protein specificity, etc are the future prospects of present work."
41687518,The Ayurvedic Anger Assessment Scale: An integrative approach for measuring anger in adults.,2026,Journal of Ayurveda and integrative medicine,"The prevalence of psychosomatic disorders associated with emotional instability has risen considerably in recent years. Among the different negative emotions, anger stands out as the most intense and prototypical. When excessive and poorly regulated, it serves as a significant contributing factor in the pathogenesis of various psychosomatic disorders. This study aims to develop and systematically validate an integrated Ayurvedic Anger Assessment Scale (AAAS) for the adult population based on Ayurvedic, Indian philosophical, and contemporary psychological concepts, and this manuscript discusses its psychometric validation. An extensive literature review and expert consultations were conducted for item generation. A panel of 10 experts evaluated content and face validity. Subsequently, pre-testing was carried out with 15 healthy individuals to assess internal consistency and test-retest reliability. Construct validity was further assessed by administering the questionnaire to a sample of 105 individuals. Content Validity Index (I-CVI) of the items ranged from 0.50 to 1.00. Given that the panel consisted of ten experts, a minimum acceptable CVI value of 0.78 was applied. Accordingly, seven items with CVI values below this threshold were excluded, and the Scale-level Content Validity Index (S-CVI) was subsequently calculated, yielding a value of 0.91. The Content Validity Ratio (CVR) across items ranged from 0.20 to 1.00. Reliability analysis demonstrated strong internal consistency, with a Cronbach's alpha of 0.944. Test-retest reliability, assessed using the Pearson correlation coefficient, produced values ranging from 0.70 to 1.00 (p < 0.01) across all items. Exploratory factor analysis (EFA) using principal component analysis extracted nine components with eigenvalues >1. This scale adopts an integrative approach to assessing the intensity of expressed anger, including negative consequences in the form of anger rumination. The development and validation process has been comprehensive, with significant psychometric properties inspiring future researchers to undertake similar studies."
41681378,Effects of Soft Ground on Paw Center of Pressure Metrics in Dogs During Walk and Trot.,2026,Animals : an open access journal from MDPI,"Physiotherapeutic interventions in dogs frequently incorporate compliant surfaces to improve postural stability (PS), proprioception, and limb coordination; however, objective assessment of surface-related locomotor adaptations remains limited. This study investigated the effects of walking on surfaces with increasing compliance on PS in healthy adult dogs using paw center of pressure (pCOP) analysis. Fourteen orthopedically and neurologically sound dogs were assessed at walk and trot on a pressure-sensitive walkway under four surface conditions: a standard rubber mat (0.1 cm) and three yoga mats of increasing thickness (0.5 cm, 0.8 cm, and 1.0 cm). Vertical ground reaction force (vGRF) and pCOP parameters were recorded and analyzed for each limb. vGRF parameters were largely unaffected by surface conditions. In contrast, several pCOP metrics, including pCOP radius, craniocaudal displacement, and mediolateral displacement, showed a significant decrease with increasing surface compliance. These effects were more consistent and widespread during trot, whereas during walk changes were primarily observed in the forelimbs. The findings indicate that dogs adapt to increased surface compliance by reducing pCOP displacement, likely reflecting active postural stabilization strategies. While vGRF parameters appeared insensitive to these adaptations, pCOP measures proved more sensitive in detecting subtle neuromuscular adjustments. These results highlight the potential value of pCOP analysis for evaluating functional adaptations during physiotherapeutic interventions in canine rehabilitation."
41680965,Impacts of heat on sleep quality among heat-exposed workers: a systematic review.,2026,Annals of occupational and environmental medicine,"Climate change is intensifying occupational heat exposure, posing risks not only for heat-related illness but also for sleep, which is essential for recovery, safety, and productivity. Heat-exposed workers are highly vulnerable due to prolonged exposure, limited access to cooling, and poor housing. This systematic review aimed to synthesise global evidence on how occupational heat exposure affects sleep quality among workers across different occupations and settings. A systematic review was conducted following Synthesis without Meta-Analysis (SWiM) guidelines. PubMed, Scopus, and Google Scholar were searched (2000-2025) for studies involving adult workers (≥18 years) reporting both heat exposure and sleep outcomes. The review was registered with PROSPERO (ID: CRD420251125735). Of 7,108 records screened, 11 studies met the inclusion criteria. Studies spanned Asia, Australia, North America, and global cohorts. Heat exposure consistently impaired sleep quality and duration. Using Pittsburgh Sleep Quality Index, Actigraphy, and self-reports, common complaints included difficulty falling asleep (64%), restlessness (54%), non-restorative sleep (54%), night sweats (36%), and reduced total sleep time (45%). Night-time temperatures above 25°C and high workplace wet bulb globe temperature values were strongly linked with reduced sleep efficiency and delayed sleep onset. Vulnerable groups included shift workers, petrochemical and steel labourers, women, older adults, and low-income workers in urban heat islands and poorly ventilated housing. Occupational heat exposure disrupts sleep, compounding daytime strain and creating a dual burden for workers. Integrating sleep into heat stress management through cooling interventions, better housing, and revised work-rest schedules is critical for workers well-being in a warming climate."
41679257,"Effect of an integrated Yoga module on clinical, endocrine and metabolomic outcomes in polycystic ovarian syndrome.",2026,Journal of Ayurveda and integrative medicine,"Polycystic ovarian syndrome (PCOS) affects 5-20 % of women of reproductive age, with reproductive, metabolic, endocrine, and psychological consequences. Lifestyle interventions such as yoga provide safe, low-cost, and sustainable therapy. In this study, 25 women with PCOS underwent a 12-week yoga program (Asanas, Pranayama, Meditation) without concurrent therapy. Yoga improved menstrual regularity, normalized hormonal and metabolomic profiles. Biochemical analysis revealed reduced oxidative stress, enhanced mitochondrial function, improved insulin signaling, and decreased inflammation. Hormonal assays showed reduced luteinizing hormone (LH), anti-Müllerian hormone (AMH), dihydrotestosterone (DHT), and testosterone, with increased follicle-stimulating hormone (FSH), estradiol, and sex hormone-binding globulin (SHBG). Metabolomic improvements included reductions in glucose, fructose, d-ribose, xanthine, cholesterol, triglycerides, and body weight. These findings highlight yoga's potential to target core PCOS pathophysiology and support its use as a cost-effective, non-pharmacological, and sustainable therapy inn management of PCOS."
41674740,"Role of Exercise in Fibromyalgia Management: A Narrative Review of Mechanisms, Modalities, and Clinical Evidence.",2026,Cureus,"Fibromyalgia (FM) is a chronic pain syndrome characterized by widespread pain, fatigue, sleep disturbance, cognitive symptoms, and mood comorbidity. This narrative review synthesizes mechanistic insights, randomized controlled trials (RCTs), and meta-analyses published primarily between 2005 and 2024 to evaluate exercise-based interventions as a primary therapeutic approach for FM. The objective was to synthesize mechanistic rationales, summarize RCTs and meta-analyses across exercise modalities, and provide practical prescription guidance. The results showed aerobic and resistance training consistently reduce pain and improve function and health-related quality of life (HRQoL). Mind-body and aquatic programs were effective and often well tolerated; combined programs frequently yielded the broadest benefits. Serious adverse events were rare. In conclusion, tailored, graded exercise represents an effective, low-risk strategy for FM care. Gaps include long-term durability, response prediction, and dose personalization."
41671068,Pr<sup>3+</sup>-Doped WO<sub>3</sub> 1D Yoga-Pillar-Shaped Nanorod Gas Sensor: A High-Performance Ppb-Level Triethylamine Gas Sensor for Fish Freshness Monitoring.,2026,ACS sensors,"Traditional triethylamine (TEA) gas sensors suffer from the drawback of high detection limits due to the low charge-transfer ability of materials. Herein, the Pr<sup>3+</sup>-doped WO<sub>3</sub> one-dimensional (1D) yoga-pillar-shaped nanorods have been successfully synthesized via electrostatic spinning and oxidative calcination. The gas sensor based on WO<sub>3</sub>:1%Pr<sup>3+</sup> 1D yoga-pillar-shaped nanorods exhibits excellent performance in terms of rapid response (3-fold), higher response (3.75-fold), and lower detection limits compared with the WO<sub>3</sub> gas sensor. Furthermore, the sensor features excellent repeatability and long-term stability, indicating the potential commercial value. The findings reveal that doping Pr<sup>3+</sup> is one of the effective strategies to improve the gas-sensing performance of WO<sub>3</sub>. Based on the above analysis, as well as literature reports, the gas-sensing mechanism is explored systematically. The enhancement can be attributed to the formation of impurity energy levels, which can effectively optimize the band structure and facilitate electron transfer. The recombination between electrons in the conduction band and holes in the valence band is partly suppressed, providing more opportunities for electron exchange between WO<sub>3</sub> and oxygen molecules. The content of chemically adsorbed oxygen on the WO<sub>3</sub> surface has significantly increased, which is one of the fundamental reasons for the improvement in gas sensitivity. In addition, the practical value of the WO<sub>3</sub>:1%Pr<sup>3+</sup> 1D yoga-pillar-shaped nanorod gas sensor is demonstrated by testing the freshness of fish stored under various conditions. This work presents a high-performance ppb-level TEA detection method and broadens the application scope of WO<sub>3</sub> gas sensors."
41668188,Yoga intervention on the fatigue-pain-sleep disturbance symptom cluster for breast cancer patients receiving adjuvant chemotherapy: a pilot randomized controlled trial.,2026,BMC complementary medicine and therapies,"BACKGROUND: The fatigue-pain-sleep disturbance symptom cluster is a common and notable issue negatively impacting breast cancer patients receiving adjuvant chemotherapy. Yoga is a promising strategy for symptom cluster management. This study aimed to examine the feasibility, acceptability, and preliminary effects of yoga intervention on the fatigue-pain-sleep disturbance symptom cluster in breast cancer patients receiving adjuvant chemotherapy to explore its effect on alleviating patients’ symptom burden. METHODS: In a parallel-group pilot randomized controlled trial, 30 participants were randomly assigned to the intervention group or the control group. The participants in the control group received usual care, while those in the intervention group received yoga intervention and usual care. Feasibility was assessed using eligibility rate, recruitment rate, retention rate, adherence rate, and session attendance rate. Acceptability was assessed using a satisfaction scale and open-ended questions. The feasibility and acceptability of the intervention were evaluated post-intervention. Preliminary effects were assessed at baseline, post-intervention, and one-month follow-up. RESULTS: Thirty participants were recruited, with a recruitment rate of 55.6%. Two participants dropped out of the study, and ten participants in the intervention group completed all intervention sessions, with a retention rate of 93.3% and a session attendance rate of 91.4%, showing high feasibility. 92.9% of participants expressed total satisfaction with the intervention, showing high acceptability. The yoga intervention achieved statistically significant post-intervention effects on the symptom cluster severity (P = 0.042), depression (P = 0.045), and health-related quality of life (P = 0.006) in breast cancer patients receiving adjuvant chemotherapy. No adverse event was reported. CONCLUSIONS: This pilot study supports the feasibility and acceptability of yoga intervention for breast cancer patients receiving adjuvant chemotherapy. The results suggest that yoga intervention has potentially positive effects on the management of the fatigue-pain-sleep disturbance symptom cluster and related outcomes. Future research with a larger sample size is warranted to examine the long-term effects of yoga intervention. TRIAL REGISTRATION: The study was registered on the Chinese Clinical Trial Registry ( www.chictr.org.cn ), and trial registration number ChiCTR2400081863. The registration date was 14/03/2024."
41667310,Mindfulness-based Interventions for Pain and Symptom Management in Adolescent Cancer: Systematic Review.,2026,Pain management nursing : official journal of the American Society of Pain Management Nurses,"This systematic review aimed to examine how mindfulness approaches affect pain, symptom cluster severity, and quality of life among adolescents receiving cancer chemotherapy. Contrasting with prior syntheses emphasizing adult populations or isolated symptoms, this investigation specifically targets symptom clusters in adolescent cancer patients (aged 10-19 years), a unique population requiring specialized nursing care approaches given their distinct developmental characteristics. A comprehensive literature evaluation was conducted across Scopus, Cochrane Embase, PubMed, CINAHL (EBSCOhost), and ProQuest databases for publications in English and Thai from 2014 to 2024. Independent researchers conducted quality evaluation using established JBI appraisal tools. Information was synthesized through quantitative analysis employing random-effects modeling to address methodological heterogeneity between controlled and uncontrolled investigations. From 299 identified publications, three investigations (n = 141) satisfied inclusion requirements. Participants received individualized mindfulness-based yoga protocols incorporating breathing techniques, physical movements, and relaxation practices. Analysis revealed predominantly nonsignificant outcomes across symptom measures. Uncontrolled studies demonstrated considerable heterogeneity for pain (I² = 84%) and sleep (I² = 86%) with no overall meaningful effects. The randomized trial showed no significant between-group differences for symptom measures. Uncontrolled studies indicated modest enhancement in cancer-specific quality of life aspects (standardized mean difference [SMD] = -0.55, p = .05); however, controlled comparison revealed no significant between-group changes for quality of life indicators. Evidence confidence was rated as low to extremely low across all measures due to high heterogeneity. This first systematic synthesis of MBIs for adolescent cancer populations identifies limited current efficacy but reveals critical evidence gaps. Findings highlight the need for rigorous, age-appropriate, nursing-led interventions that integrate mindfulness with other evidence-based strategies to address multidimensional symptom clusters in pediatric oncology care. Pain management nurses play an integral role in advancing nonpharmacological approaches to symptom management for adolescents with cancer. Mindfulness-based interventions may have potential to enhance holistic care and support patients and families in coping with treatment-related symptoms; however, the current evidence base remains limited and of variable quality. Accordingly, these interventions should be interpreted with caution, and additional rigorous, nursing-led research is warranted to determine their efficacy, feasibility, and sustainability in pediatric oncology practice. PROSPERO CRD42024538493."
41666706,"Psychological benefits of aerobic, resistance, mind-body exercises, and HIIT for enhancing athlete well-being and performance.",2026,Acta psychologica,"Exercise plays a pivotal role in enhancing both physical and psychological health, particularly for athletes. This review examines the psychological benefits of four prominent exercise modalities: aerobic exercise, resistance training, mind-body exercises, and high-intensity interval training (HIIT). Each modality is explored for its impact on mood, stress reduction, cognitive function, and emotional regulation, providing a comprehensive understanding of how exercise contributes to mental health in athletes. Aerobic exercise is particularly effective in improving mood, reducing stress, and improving cognitive function. Resistance training enhances self-esteem, body image, and motivation, whilst mind-body workouts such as yoga and Pilates promote emotional regulation and relieve anxiety. High-Intensity Interval Training promotes mental endurance, cognitive mental clarity, and perseverance. The review explores the processes underlying these psychological advantages, emphasizing the significance of neurochemical shifts, hormone alteration, and neural adaptations. Although the expanding corpus of research, certain restrictions still exist, including limited sample sizes, short-term study designs, and reliance upon self-reported data. Future studies ought to focus on longitudinal studies, objective assessments, and the investigation of novel exercise modalities such as virtual reality-based fitness. Personalized training regimens that incorporate psychological evaluations to enhance athletes' mental and physical performance are recommended. This review emphasizes the significance of integrating various exercise modalities into training programs, not only to enhance physical performance but also to promote sustained psychological well-being."
41666254,Rehabilitation through yoga: Mental health and the right to dignity in prison.,2026,"Medicine, science, and the law","Prison environments in Latin America are overpopulated, and current policies restrict more interns' rights, which in turn leads to high rates of violence and mental health issues. All this goes against social justice in terms of equal rights, equal opportunity, and equal treatment. Following the trend of a more positive criminology, a yoga program was designed for prisoners in a penitentiary center in Valparaiso, Chile. Results of the program were measured before and after the workshop in terms of mental health and aggression. Despite no significant differences being observed in the analysis, a trend was identified in terms of stress, anxiety and aggression reduction. To conclude, longer programs with a gender perspective are suggested for future designs."
41665890,Work-related stress in personnel of law enforcement: umbrella review.,2026,Rivista di psichiatria,"The aim of this umbrella review is to review existing studies within the literature on the subject in order to verify the real association between occupational factors, stress and law enforcement, also identifying the main associated factors. The databases used for this review were PubMed and Scopus. The following were used for the search string: ""work related stress"", (""police"" OR ""public safety"" OR ""law enforcement"") AND review. 16 papers were retrieved, 8 of which were considered in the final analysis. The results indicate that organizational, operational and professional factors are the most reported causes of work stress in law enforcement. The adoption of measures to improve the organizational structure is of utmost importance. The relationships between colleagues or with managers were also important, as a poor working environment has been found to greatly increase the risk of stress. Health also plays an important role, acting on the decrease of stress. Interventions of aid for the management of stress can be mindfulness, psychotherapy and yoga. Mental disorders remain prevalent among law enforcement personnel and may have negative effects on officers' health and performance. Moreover, most research is based on observational studies, not necessarily indicating a causal relationship."
41665409,Chronic Pain Management: From Ancient Healing Practices to Advanced Medical Innovation.,2026,Journal of pain & palliative care pharmacotherapy,"Chronic pain is one of the most prevalent global health issues, significantly impacting physical and psychological health and resulting in reduced quality of life and a substantial economic burden on healthcare systems. Given its multifactorial nature, effective management of chronic pain requires a multidisciplinary approach to enhance treatment outcomes and reduce the long-term burden. This narrative review, based on relevant literature and aims to provide an extensive overview of chronic pain by tracing the evolution of its management strategies from ancient practices to modern therapeutic approaches. The review integrates the historical perspectives on pain management, including the roles of traditional and herbal medicines, acupuncture, and ayurveda in chronic pain management. It explores the evolution of pharmacological treatments, including the use of opioid and non-opioid analgesics. It covers non-pharmacological therapies such as physiotherapy and yoga, as well as integrative approaches in modern pain management. Furthermore, it highlights the recent advancements in chronic pain management, including emerging technologies such as artificial intelligence, neuromodulation, and virtual reality, which have the potential to transform treatment strategies, identifies the existing barriers to effective pain management and key research gaps, to enhance future treatment outcomes and improve the quality of life of patients with chronic pain."
41661912,Physiological outcomes from mind-body resiliency programs in healthcare workers: A scoping review.,2025,PLOS mental health,"Mind-body resiliency programs have improved perceived resiliency and stress in healthcare workers but less is known about physiological impacts. This scoping review aims to evaluate current methodologies and physiological outcomes of different mind-body programs in healthcare settings. The initial literature search revealed 19457 studies across seven databases (PubMed, Embase, Cochrane Library, Web of Science, Scopus, PsychInfo, and CINAHL) from inception through 8/6/2024. Forty-one studies met the inclusion criteria of peer-reviewed original research studying the effects of mind-body programs (i.e., Mindfulness Based Stress Reduction, yoga, meditation, breathwork, biofeedback) on physiological measures (i.e., blood pressure, heart rate, respiration rate, heart rate variability, sleep) in healthcare workers. Two reviewers independently extracted data from each included study into condensed tables and assessed trends in study design, methodological processes, and physiological outcomes. Conflicts exist in balancing the high cost and validity of clinical apparatuses with more cost effective and user-friendly means of assessing physiological measures within real-world healthcare settings. Most within session investigations found positive impacts of mind-body programs on immediate physiological outcomes, which is expected considering the common theme to induce parasympathetic states. Programs of ≤6 weeks appeared more effective at inducing physiological improvements in healthcare workers currently experiencing high stress or impaired resting physiology. Longer mind-body programs (8-12 weeks) generally improved resting heart rate and blood pressure while having inconsistent effects on heart rate variability. Some investigations identified engagement in more mind-body activities resulted in greater physiological improvements. Discrepancies in findings may pertain to variations in population descriptions, mind-body intervention requirements, and methodology of physiological recordings. Future work should recruit multiple groups with varying stress levels and controls, implement interventions geared towards the time requirements of healthcare workers, and utilize validated physiological recordings at adequate time points throughout and beyond the intervention to determine the trajectory of long-term physiological adaptations."
41661633,Complementary and Integrative Health Approaches for Low Back Pain in Veterans: A Narrative Review.,2026,Military medicine,"Chronic low back pain (cLBP) is the most prevalent chronic pain condition among veterans, contributing to disability, reduced quality of life, and opioid dependence. Complementary and integrative health (CIH) approaches offer evidence-based, non-pharmacological alternatives that may improve pain management, enhance patient satisfaction, lower healthcare costs, and reduce opioid dependence. The objective of the study was to synthesize current evidence on CIH approaches for veterans with cLBP, evaluate their impact on pain, function, and well-being, and identify implications for policy, health system implementation, and future research. The key questions of the study included: what is the effectiveness of CIH modalities in reducing cLBP intensity among veterans, what are their broader effects on health outcomes, opioid use, and quality of life, what barriers exist to implementation within the VA, and what research and policy priorities are needed to optimize veteran-centered CIH care? A narrative synthesis of peer-reviewed literature published between 2010 and 2025 was conducted, prioritizing studies specific to veterans and incorporating systematic reviews, randomized controlled trials, observational studies, and evidence maps. A patient-centered, biopsychosocial, and whole-health framework guided the analysis. Evidence for CIH in veterans remains limited compared to that in civilian populations, but it demonstrates promise. Battlefield acupuncture demonstrated clinically meaningful reductions in pain, although yoga, Tai Chi, Qigong, and mindfulness offered modest improvements in pain and functional outcomes. Cognitive-behavioral therapy, Chiropractic care, and massage showed mixed results, with low to moderate certainty and limited durability. Multimodal approaches integrating CIH with conventional care have demonstrated the strongest outcomes, including reduced opioid prescriptions, improved coping, and potential cost savings. Barriers to care include provider shortages, administrative challenges, and uneven access across facilities. CIH approaches represent patient-centered and holistic strategies with the potential to reduce pain, enhance function, and mitigate opioid reliance among veterans with cLBP. Broader, standardized implementation and veteran-specific trials are necessary to strengthen the evidence base and guide the sustainable integration of this approach into the VA health system."
41660670,"Integrative, multimodal nursing intervention for uncontrolled hypertension: randomized controlled trial effects on blood pressure, perceived stress, and medication adherence.",2026,Clinical hypertension,"Uncontrolled hypertension is a major modifiable risk factor for cardiovascular diseases. This study evaluated the effectiveness of the Uncontrolled Hypertension Treatment Intervention in Nursing Model (UHTINuM), a nurse-led, integrative, multimodal intervention combining yoga, adherence education, and home blood pressure (BP) monitoring. In this single-blind, randomized controlled trial, 48 adults aged 50-65 years with uncontrolled hypertension were randomized 1:1 to receive either the 12-week UHTINuM program or usual care. The intervention included structured group yoga sessions, individualized adherence education, and home BP self-monitoring with telefeedback. Primary outcomes were systolic and diastolic BP, perceived stress, and medication adherence. Secondary outcomes were body mass index (BMI) and physical activity level. Analyses were conducted using the intention-to-treat principle. Compared with controls, the intervention group achieved significantly greater reductions in systolic BP (mean difference = -21.8 mmHg; 95% confidence interval [CI], -25.9 to -17.6) and diastolic BP (-11.4 mmHg; 95% CI, -14.9 to -7.9). Perceived stress decreased by -4.2 points (95% CI, -6.3 to -2.1), and adherence improved by -3.1 points (95% CI, -4.8 to -1.3). Secondary outcomes also favored the intervention group, with a modest reduction in BMI (-0.7 kg/m<sup>2</sup>; 95% CI, -1.1 to -0.3) and a shift from inactive to minimally active physical activity levels in 58% of participants. The multimodal, nurse-led UHTINuM intervention integrating yoga, education and self-monitoring significantly improved BP control, reduced stress and enhanced medication adherence in middle-aged adults with uncontrolled hypertension. Implementing similar integrative strategies could bolster community hypertension management. ClinicalTrials.gov Identifier: NCT04809519."
41658040,Effects of cyclic yoga on selected metabolic and hepatic parameters in diabetic women with fatty liver diseases: A clinical trial.,2026,Journal of clinical & translational endocrinology,"Type 2 diabetes mellitus and non-alcoholic fatty liver disease increase cardiometabolic risk. This randomized controlled trial assessed the effects of cyclic yoga, a structured asana sequence, on anthropometric, glycemic, lipid, and hepatic parameters in overweight women with both conditions. Forty overweight women (mean age 50.5 ± 5.5 years) with type 2 diabetes and non-alcoholic fatty liver disease were randomized to either an eight-week cyclic yoga intervention (three sessions/week) or a control group maintaining usual activities. Pre- and post-intervention, fasting blood glucose, glycated hemoglobin, insulin resistance, lipid profile, liver enzymes (alanine aminotransferase, aspartate aminotransferase), anthropometric parameters were measured and analyzed using repeated measures analysis of variance. The cyclic yoga group showed significant reductions in fasting blood glucose, glycated hemoglobin, insulin resistance, triglycerides, low-density lipoprotein cholesterol, alanine aminotransferase, aspartate aminotransferase, weight, body mass index, hip circumference, waist circumference, with increased high-density lipoprotein cholesterol compared to control group. Cyclic yoga appears to improve glycemic control, lipid profiles, liver enzymes, and anthropometric indices in women with type 2 diabetes mellitus and non-alcoholic fatty liver disease. These findings suggest that cyclic yoga may be a safe, practical, and cost-effective complementary therapy to improve metabolic and hepatic health in this high-risk population, although larger and longer term studies are warranted."
41657373,Non-pharmacological interventions for sexual health in multiple sclerosis: a systematic review and meta-analysis.,2026,Sexual medicine,"Multiple sclerosis (MS), a neurodegenerative disease, frequently causes sexual dysfunction (SD) besides the well-known motor impairment, which significantly reduces patients' quality of life (QOL). This meta-analysis evaluates the effectiveness of non-pharmacological interventions for MS-related SD. Following Preferred Reporting Items for Systematic Reviews and Meta-Analyses guidelines, a systematic search of PubMed, ScienceDirect, CINAHL, and Cochrane databases identified randomized and clinical trials; data were extracted, the risk of bias was assessed, and meta-analyses were conducted. The primary outcomes were changes in sexual function, satisfaction, and QOL. A total of 34 studies were included and eligible for meta-analysis. Pooled analyses revealed that yoga did not significantly improve sexual function standardized mean difference (SMD = -0.18, <i>P</i> = .84). However, structured exercise protocols (treadmill, aerobic, and aquatic exercises) showed significant improvements in sexual function (SMD = 2.88, <i>P</i> = .04), with aquatic exercise being particularly effective (SMD = 14.76, <i>P</i> = .0001). Mindfulness interventions also enhanced sexual function (SMD = 4.40, <i>P</i> < .0001). While psychoeducational programs did not significantly improve overall sexual QOL (SMD = 16.40, <i>P</i> = .18), they significantly improved sexual function (SMD = 3.46, <i>P</i> = .004) and satisfaction (SMD = 7.73, <i>P</i> = .028). Tailored exercise and psychoeducational interventions can be recommended to improve sexual function and satisfaction in patients with MS. Strengths include adherence to Preferred Reporting Items for Systematic Reviews and Meta-Analyses guidelines and comprehensive analysis; limitations are the heterogeneity of interventions and the short-term nature of the included studies. Tailored exercise and psychoeducation significantly benefit sexual function in MS, while other therapies like yoga require refinement; future research should investigate long-term outcomes and patient-specific factors."
41657369,Influence of Yoga-based cardiac rehabilitation on gut-microbiome diversity and Gut-Heart-Brain axis (YoGH-Biome) in heart failure: a study protocol.,2026,BMJ open sport & exercise medicine,"Heart failure (HF) is a chronic and progressive cardiovascular condition associated with significant morbidity, mortality and healthcare burden. Increasing evidence points to a critical role of gut dysbiosis and the gut-heart-brain axis in HF pathophysiology. Altered gut microbiota may influence systemic inflammation, neurohormonal activity and cardiac function through gut-derived metabolites such as trimethylamine N-oxide (TMAO) and short-chain fatty acids (SCFAs). Yoga-based cardiac rehabilitation (Yoga-CaRe) is a cost-effective intervention that has been shown to improve quality of life, exercise capacity and cardiovascular outcomes in cardiac patients. However, the mechanism underlying its benefits remains unclear. Furthermore, its effect on gut microbiota diversity and the downstream impact on the gut-heart-brain axis in HF remains largely unexplored. This study outlines a prospective, randomised, open-label, blinded-endpoint trial investigating the effects of a 12-week Yoga-CaRe intervention versus enhanced standard care in 60 HF patients with reduced ejection fraction. Participants will be randomly assigned in a 1:1 ratio to either the Yoga-CaRe or the control group. The Yoga-CaRe group will participate in 20 supervised yoga sessions, complemented by guided daily home practice, while the control group will receive enhanced standard care. The trial will assess changes in gut microbiota composition, levels of gut-derived metabolites (TMAO and SCFAs), inflammatory biomarkers (TNF-α and high-sensitivity C reactive protein), heart rate variability, 6 min walk test (6MWT) and echocardiography. Biological samples and clinical data will be analysed using integrated bioinformatics and statistical approaches to evaluate intervention efficacy and identify potential mechanistic pathways. The YoGH-Biome study has received ethical clearance from the Institutional Ethics Committee of the SDM College of Medical Sciences and Hospital, India (SDMIEC/2025/1073). It is registered with the Clinical Trials Registry of India. Study results will be disseminated via scientific publications, conferences and stakeholder forums to inform integrative strategies for HF management. Trial registration number: CTRI/2023/12/060757."
41652558,Determining the effect of yoga exercises on psychological health and childbirth trauma in pregnant women: a randomized controlled trial.,2026,BMC pregnancy and childbirth,"BACKGROUND: This study aimed to evaluate the effects of yoga exercises on psychological health during pregnancy and their role in reducing childbirth trauma. METHODS: A pretest-posttest randomized controlled trial design was used. The sample included 64 pregnant women who applied to a maternity hospital in XXX province between November 2023 and November 2024. Inclusion criteria were being over 18 years of age, at least 16 weeks pregnant, without a psychiatric diagnosis, or a high-risk pregnancy. Participants were randomly assigned to an intervention group (n = 30) and a control group (n = 34). The intervention group received 45-minute yoga sessions twice a week for 5 weeks (10 sessions total), in addition to birth preparation training given to both groups. Data were collected before and after the program. This study is registered at ClinicalTrials.gov (20 June 2025, Identifier: NCT07031622). RESULTS: The yoga intervention significantly improved psychological resilience in the intervention group compared to the control group, with a marked increase in BPSR scores from pretest to posttest (M = 17.60 ± 3.59 to 23.13 ± 3.85; t = − 6.63, p < .001, d = 1.21). Significant reductions were observed in state anxiety (56.50 ± 14.40 to 43.90 ± 4.31; p < .001) and trait anxiety (59.37 ± 10.27 to 51.83 ± 10.75; p < .001) following the intervention. Traumatic childbirth perception scores decreased significantly over time in the intervention group (F = 56.26, p < 0.001, η² = 0.66), while scores increased in the control group. Postpartum assessments showed significantly lower childbirth trauma and post-traumatic stress scores in the intervention group compared to controls (p < 0.05). CONCLUSION: Yoga is an effective method to reduce childbirth-related trauma and strengthen psychological resilience during pregnancy. Integrating yoga into prenatal care programs can improve maternal mental health and birth outcomes. Health professionals should consider recommending yoga as part of comprehensive prenatal support"
41652364,Yoga as a form of leisure-time physical activity and pregnancy health outcomes.,2026,BMC pregnancy and childbirth,"Leisure-time physical activity (LTPA) promotes pregnancy health, but few studies have investigated how yoga - a mind-body activity - is associated with pregnancy outcomes. To determine if engaging in yoga was associated with lower risks of adverse pregnancy outcomes (APO). The nuMoM2b prospective cohort study enrolled nulliparous women in their first trimester of pregnancy from eight U.S. clinical centers between October 2010-September 2013 and followed through delivery. LTPA was determined each trimester from an interview querying usual participation in up to three activities (including yoga). Yoga durations were averaged across trimesters. Participants were classified as: no yoga (0 min/week), low yoga (1-<30 min/week), some yoga (30-<75 min/week), or high yoga (≥ 75 min/week). APOs (hypertensive disorders of pregnancy, gestational diabetes, preterm birth (PTB), small-for-gestational age infants) and gestational weight gain (GWG) were prospectively assessed from medical records. Generalized logistic models calculated the risk ratio of outcomes by yoga group, adjusted for sociodemographic, lifestyle, and clinical covariates. Participants (n = 7,502) in the low/some/high yoga groups tended to be older, White, with higher socioeconomic status, and healthier lifestyle behaviors (all p < 0.001). Compared to no yoga in fully adjusted models, some and high yoga were associated with fewer APOs (RR = 0.86, 95%CI = 0.76-0.98; RR = 0.78, 95%CI = 0.63-0.96), and specifically PTB for high yoga (RR = 0.42, 95%CI = 0.20-0.87). Low yoga was associated with less inadequate GWG (RR = 0.51, 95%CI = 0.35-0.76) and excessive GWG (RR = 0.69, 95%CI = 0.55-0.86). Some yoga was associated with less excessive GWG (RR = 0.71, 95%CI = 0.57-0.88). Yoga was not associated with other outcomes. Prenatal yoga may help to protect against some APOs and promote healthy GWG."
41651142,Specific Dimensions of Treatment Satisfaction with Yoga and Allied Therapies Predict Health Outcomes.,2026,International journal of yoga therapy,"Previous studies showed that patients' satisfaction with conventional medical treatment positively influences their health outcomes. However, this association is less clear for complementary and integrative medicine and has not been reported for yoga therapy. Three hundred four people (age 49.48 ± 14.73; 145 males, 159 females) were recruited from admissions to a residential wellness center in India. Their most common conditions were: (1) endocrine, nutritional, or metabolic diseases (25.99%); (2) digestive system disorders (22.37%); and (3) diseases of the musculoskeletal system or connective tissue (9.87%). Assessments were: (1) patient satisfaction with treatment after 7 days of yoga and associated therapies using a questionnaire; and (2) outcomes at baseline and after 7 days of yoga and associated therapies using the Physical Health Questionnaire, EuroQol 5D-3L questionnaire, and Global Perceived Effect scale. The intervention included therapies such as hydrotherapy and ayurveda for approximately 40% of the time. Multivariable regression analyses (controlled for variation due to age, gender, education, and baseline scores) demonstrated that treatment satisfaction positively predicted favorable health outcomes. Participant satisfaction with accessibility and convenience of treatment, as well as with communication and time spent with the doctor, positively predicted improvement in health indices such as sleep, digestion, and freedom from headache. In contrast, satisfaction with financial or technical aspects of treatment did not influence outcomes. These findings suggest that to optimize treatment satisfaction and benefits yoga therapy programs should emphasize communication and time spent with the doctor or therapist while aiming for accessibility."
41650329,Trigger Healthy Aging: Yoga's Impact on Oxidative Stress-A Narrative Review.,2026,Advances in mind-body medicine,"Aging is a complex biological process, defined as a gradual decline in physiological function and accumulation of cellular damage. Cellular damage occurs due to many reasons - deoxyribonucleic acid damage by reactive oxygen species, chemicals like benzo(a)pyrene, Ultraviolet/ Infrared radiation, and DNA replication error, hence influencing aging. Yoga, as an adjunct therapy, has shown potential in reversing aging markers, such as oxidative stress, malondialdehyde, oxidative DNA damage, and leukocyte telomere shortening. This narrative review aims to consolidate and clarify how yoga contributes to these anti-aging benefits while distinguishing its specific therapeutic effects. PubMed was searched for articles published from 2000 to 2025, with keywords ""yoga AND oxidative stress"" and ""yoga AND aging"". 10 randomised clinical trials relevant to our study were identified. These involved yogic interventions, and their outcome measures included parameters such as malondialdehyde, Reduced Glutathione, Oxidized Glutathione, Glutathione Reductase activity, Total Antioxidant Status, and 8-Hydroxy-deoxyguanosine. Oxidative stress is one of the key factors that affects aging, which is not balanced by antioxidants. Reportedly, yoga can improve the levels of biomarkers associated with aging. The purpose of this review is to collate research evidence claiming the anti-aging benefit of traditional yoga practice. This narrative review indicates that yoga, as a lifestyle intervention, has significant potential in counteracting aging by mitigating oxidative stress and improving the body's antioxidant capacity. By improving cellular health and reducing oxidative damage indicators like malondialdehyde and DNA damage, yoga appears to be a powerful, non-pharmacological tool. This review suggests that adopting yoga can be an effective strategy in promoting healthy aging and combating the harmful effects of a sedentary lifestyle. Yoga, Oxidative Stress, Aging, Glutathione."
41650328,Effect of Yogic Techniques on Short-Term Memory and Self-Esteem of Adolescent Students.,2026,Advances in mind-body medicine,"Yoga is reported to have a beneficial impact on mental well-being, thus improving attention. Research efforts have focused on understanding how yoga influences various aspects, such as short-term memory and self-esteem, particularly among adolescents. This study aims to investigate the effect of yogic techniques on short-term memory and self-esteem in school students. The study conducted at Srinanda High School in Bolpur, West Bengal, investigated the effects of asanas, pranayama, chanting, and meditation on short-term memory and self-esteem among school students aged 12-15 years. With a sample size of 40, comprising 14 males and 26 females, the study included physically and mentally healthy participants who had provided informed consent. The study employed a single-group pre- and post-design, where participants underwent assessments using the Trail Making Test (A & B) to measure short-term memory and the Rosenberg Self-Esteem Scale to assess self-esteem before and after engaging in yogic techniques. Significant improvements were observed in short-term memory among the participants after practicing yogic techniques for one and a half months. The P values for both components of the Trail Making Test (A and B) were less than .001, indicating enhanced memory function. However, a reduction in Rosenberg Self-Esteem Scale scores was observed post-intervention. These findings suggest that Yoga can be effective in enhancing the short-term memory of adolescents. In the future, longitudinal studies and randomized controlled trials should be conducted in this area to generalize the results. yoga, self-esteem, short-term memory, adolescents, school students."
41650327,Immediate Effects of Asthma Bath on Pulmonary Function Tests and Vital Signs in Healthy Individuals: A Randomized Controlled Trial.,2026,Advances in mind-body medicine,"Asthma Bath is a hydrotherapeutic intervention used in naturopathy, typically administered in clinical settings, where water at varying temperatures is applied to enhance respiratory function. To assess the immediate effect of Asthma Bath on the physiological changes in respiratory functions among healthy individuals. Two hundred healthy male and female participants, aged 20 to 40 years, were recruited from the Yoga and Naturopathy College of North India. The participants were randomized to an intervention group (n=100) and a control group (n=100). The intervention group received Asthma Bath for 20 minutes, while the control group was advised to sit and breathe normally for 20 minutes. The data were collected at baseline and immediately after intervention. Asthma Bath showed significant improvement in FVC (forced vital capacity), FEV1 (forced expiratory volume in one second), SBP (systolic blood pressure), DBP (Diastolic Blood Pressure), RR (Respiratory rate), pulse rate, and SpO2 (P < .05), while no significant change was observed in FEV1/FVC ratio. The control group showed significant changes in FVC, FEV1, and FEV1/FVC. This study reveals that Asthma Bath helps improve pulmonary function in healthy individuals. Asthma Bath, pulmonary function, naturopathy, hydrotherapy, blood pressure."
41650323,Effect of Reflexology on Menopausal Problems and Quality of Life: A Scoping Review.,2026,Advances in mind-body medicine,"Menopause is a natural life stage marked by hormonal shifts that often affect women's well-being. Reflexology, a safe and non-pharmacological therapy, may help support wellness during this transition. To present an overview of the literature on the effect of reflexology on menopausal problems and quality of life. The review followed the Arksey and O'Malley (2005) scoping review framework. A comprehensive search was conducted in PubMed (MEDLINE), SCOPUS, CINAHL, and Web of Science using combinations of terms related to perimenopause/menopause, women, reflexology (zone therapy, foot/palm massage), and outcomes such as sleep, fatigue, stress, vasomotor and perimenopausal symptoms, depression, physiological parameters, and health-related quality of life. Article screening and reporting adhered to PRISMA-ScR guidelines. Based on the inclusion criteria adopted, 11 articles were included in the scoping review. Among them, three explored the impact of reflexology on menopausal symptoms, two assessed its effectiveness in reducing depression, and another two investigated its influence on both menopausal symptoms and quality of life. One study evaluated its effect on menopausal symptoms and cortisol levels, one examined the outcomes related to sleep quality and fatigue, another focused on sleep, and one investigated quality of life. Of these studies, six were randomized controlled trials, three employed a quasi-experimental design, and two utilized a pre- and post-test control group design. Research on reflexology among menopausal women shows promising benefits, including reductions in menopausal symptoms, fatigue, depression, and sleep disturbances, and improvement in the overall quality of life. Further rigorous and controlled research is necessary to support the evidence before reflexology can be endorsed as a routine clinical approach for managing menopausal symptoms and enhancing women's quality of life. menopausal symptoms, depression, fatigue, sleep, quality of life, scoping review."
41648974,Association of polycystic ovarian syndrome with inflammatory single nucleotide polymorphism for IL-1 & IL-6 genes: A case-control study.,2025,The Indian journal of medical research,"Background & objectives Persistent mild inflammation is considered as a main contributor to the altered genesis of polycystic ovary syndrome (PCOS), with numerous studies reporting elevated serum levels of inflammatory markers. This inflammatory state may be attributed to genetic variants, particularly single nucleotide polymorphisms (SNP), that alter cytokine regulation. This study investigated the association of PCOS and inflammatory SNPs including interleukin (IL) such as IL-1β rs1143634, IL-1β rs16944, IL-6 rs1800795, IL-6 rs1800797, IL-6 rs1800796, IL-1RN; and tumour necrosis factor-alpha (TNF-α). Methods A total of 250 women volunteered for the study; of which 100 were diagnosed with PCOS and 150 were healthy controls. Serum levels of IL-6, IL-1β, and TNF-α were measured using enzyme-linked immunosorbent assay (ELISA). Genotyping was analysed using polymerase chain reaction (PCR), PCR-restriction fragment length polymorphism (PCR-RFLP), or real-time PCR (RT-PCR). Genotype distributions amid groups were compared using the Chi-square test. Results Women with PCOS exhibited elevated serum levels of IL-1β than those of healthy controls which was considerably significant (P<0.001). The heterozygous genotypes of IL-1RN and IL-6 rs1800796 were seen more frequently in the control group (P=0.02), suggesting a potential inverse association. Interpretation & conclusions SNPs in IL-1 and IL-6 genes may influence susceptibility to PCOS and could confer a protective role in women of South Asian Indian origin."
41646218,Development of digital self-management support for breast cancer survivors: ensuring evidence-based approaches and patient engagement from concept to implementation.,2025,ESMO real world data and digital oncology,"This study aimed to develop digital self-management programs incorporating evidence-based behavioral interventions to address the physical and psychosocial challenges faced by breast cancer survivors (BCS). The development was guided by the Medical Research Council framework and involved five steps: (1) needs assessment and consultations with patients and providers (focus groups and surveys), (2) ranking of priority symptoms/conditions (evaluation of patient-reported outcomes within a large cohort), (3) identification of validated self-management programs (literature review), (4) prototype design, testing, and refinement (focus groups with patients for pilot testing), and (5) formal evaluation. This study focused on steps 1-4, including both quantitative and qualitative data collection. In steps 1-2, six priority symptoms/conditions were identified: emotional distress, fatigue, insomnia, musculoskeletal pain, physical inactivity, and high body mass index. In steps 3-4, three digital behavioral programs were developed and tested: physical activity, mindfulness/meditation, and yoga. These programs incorporated educational content, video and podcast exercises, weekly live sessions, and moderated chat groups. During prototype testing, focus groups with 27 patients highlighted high satisfaction with the programs, noting their potential to increase access to care, empower patients, and improve symptom management. Engagement challenges were identified, including digital literacy aspects, the need for flexibility for autonomous practice, and the need for tools to boost motivation. Programs were refined and are being tested in hybrid efficacy-implementation trials. Digital self-management programs intended to improve symptom management and quality of life for BCS were developed. By integrating evidence-based content and early patient feedback, these programs have the potential to enhance supportive care access and empower patients. Ongoing trials will assess their clinical efficacy and implementation, with an emphasis on equitable access and engagement across diverse populations."
41645670,The impact of exercise on resistant hypertension: what do we know in 2025?,2026,Journal of hypertension,"This review examines current evidence on the effects of physical exercise in individuals with resistant hypertension, a population for whom the effects of exercise are less well understood compared to those with general hypertension. Emerging evidence indicates that aerobic exercise promotes clinically meaningful reductions in blood pressure in individuals with resistant hypertension, with potential to reduce medication reliance and improve cardiovascular health. Combined aerobic and dynamic resistance exercise, particularly in heated-water environments, may offer additional benefits. However, important research gaps remain, including limited data on resistance training (dynamic or isometric), and mind-body exercises such as Tai Chi or Yoga. While aerobic exercise is well established as an effective strategy for lowering blood pressure, further studies are needed to evaluate other exercise modalities and digital or remote interventions to enhance adherence. Expanding the evidence base will allow for more personalized and flexible exercise prescriptions, ultimately improving long-term blood pressure control and cardiovascular outcomes in this population."
41643561,Effect of different exercise types on physical function and psychological status in females with multiple sclerosis: A network meta-analysis.,2026,Multiple sclerosis and related disorders,"As a therapeutic approach, physical activity can serve as a rehabilitation method for females with multiple sclerosis. However, the optimal exercise type remains unclear. This study aims to evaluate the effects of six distinct training programs on the physical function and psychological state of females with multiple sclerosis, thereby providing foundational guidance for rehabilitation treatment in this population. In September 2025, a comprehensive literature search was conducted across seven major databases (Embase, PubMed, Web of Science, Cochrane Library, Wanfang, CNKI, and CQVIP) to identify randomized controlled trials to study how physical activity interventions affect the physical function and psychological status in females with multiple sclerosis. These studies were subsequently analyzed through a frequency-based network meta-analysis framework. We conducted a systematic review analyzing 16 studies involving 579 participants. Among the six exercise modalities tested in the intervention groups, all demonstrated statistically significant efficacy compared to the control groups. However, pairwise comparisons between different exercise categories revealed minimal differences. Using the surface under the cumulative ranking curve (SUCRA) metric, researchers evaluated and ranked the impact of these interventions on both physical function and psychological status in females multiple sclerosis, FATIGUE: Yoga (SUCRA=81) > RE (SUCRA=77) > AE (SUCRA=67.6) > CE (SUCRA=56.0) > CT (SUCRA=30.8) > MBE (SUCRA=25.7) > RT(SUCRA=11.9); QoL-total: RE (SUCRA=69.7) > AE (SUCRA=63.5) > Yoga (SUCRA=63.0) > RT (SUCRA=3.9); BALANCE: AE (SUCRA=89.7) > Yoga (SUCRA=66.9) > MBE (SUCRA=55.0) > RE (SUCRA=36.7) > RT (SUCRA=1.7); Qol-ph: MBE(SUCRA=82.0) > Yoga (SUCRA=78.7) > AE (SUCRA=45.1) > CE (SUCRA=35.8) > RT (SUCRA= 8.5); DEPRESS: Yoga (SUCRA=74.6) > AE (SUCRA=66.3) > CT (SUCRA=53.0) > CE (SUCRA=49.9) > MBE (SUCRA=45.6) > RT (SUCRA=10.6), Qol-mh: Yoga (SUCRA=79.5) > MBE (SUCRA=68.5) > CE (SUCRA=53.9) > AE (SUCRA=46.4) > RT (SUCRA=1.8). For females with multiple sclerosis, regular physical activity boosts physical function and psychological status outcomes. Among these activities, yoga is the most effective way to improve their psychological well-being."
41641687,Impact of yoga therapy in intestinal disorders.,2026,Expert review of gastroenterology & hepatology,"Intestinal disorders such as irritable bowel syndrome (IBS), inflammatory bowel disease (IBD), and colorectal cancer (CRC) are rising in prevalence worldwide. Despite medical advances, many patients experience persistent symptoms and impaired quality of life (QoL), highlighting the need for integrative, non-pharmacological approaches. This review explores the physiological and clinical impact of yoga therapy in intestinal disorders, examining its effects on neural, intestinal, and microbial pathways. A structured literature search was conducted in PubMed for studies published from database inception to August 2025, to identify relevant clinical trials and meta-analyses across IBS, IBD, and CRC. Evidence suggests yoga improves symptom control, stress resilience, QoL, and may exert anti-inflammatory and neuromodulatory effects. Yoga therapy presents a low-risk, potentially cost-effective adjunct to conventional care, with applicability across diverse gastrointestinal conditions. Future integration into clinical practice will depend on overcoming barriers such as protocol variability, lack of clinician awareness, and limited reimbursement. Advancements in biomarker research, digital therapeutics, and personalized treatment models will shape the field. In the next decades, yoga therapy may become a standard, personalized component of integrative care in gastroenterology."
41640729,Comprehensive exercise program based on optimal physiotherapy for asthma-related quality of life: a systematic review and network meta-analysis.,2025,Frontiers in sports and active living,"Exercise is an effective treatment for asthma, but there is still ongoing debate regarding the most beneficial form of exercise. This study used data from randomized controlled trials to compare and rank the types of exercise that improve asthma-related quality of life (QOL) in patients [total score and four subdomain scores (symptoms, activity limitations, emotional functions, and environmental stimulants)]. This study was meticulously conducted using a rigorous methodology. We included randomized controlled trials of 10 types (two major categories: single-mode exercise and comprehensive-mode exercise) of exercise for the interventional treatment of asthmatics (≥16 years old). The effect size measures were standardized mean differences (SMDs) with 95% credible intervals (CrIs). The confidence of evidence was examined using Confidence in network meta-analysis. The study protocol has been registered with PROSPERO under registration number CRD420251110553. We identified 1,237 citations based on 35 studies involving 3,946 participants. Compared with the control group, all comprehensive-mode exercises (yoga, aerobic combined with breathing or resistance exercise) significantly improved the total score of asthma-related QOL (and four subdomain scores) among participants, and the SMDs [95% Credible Interval (CrI)] ranged between 2.26 (1.63 to 2.90) for Yoga to 1.06 (0.01 to 2.11) for high-intensity interval training (HIIT). Notably, HIIT demonstrated promising trends in improving asthma-related QOL compared to moderate-intensity aerobic exercises (<i>P</i>-score = 0.58). While Buteyko (<i>P</i>-score = 0.48) ranked first among various breathing exercises, the differences in efficacy between these methods were mostly small or uncertain. exercise prescription were significant factors affecting the network meta-analysis results. Various comprehensive exercise modes are the best way to improve asthma-related QOL in patients. The exercise period will affect the effectiveness of the rehabilitation program. https://www.crd.york.ac.uk/PROSPERO/view/CRD420251110553, PROSPERO CRD420251110553."
41637671,Sources of stress and coping strategies employed by undergraduate students over a semester: motivations and implications for academic success.,2026,Advances in physiology education,"University students commonly experience high levels of stress, which negatively impact on academic performance, engagement, and well-being. Coping strategies can be employed to manage stress, but there have not been extensive examinations of student motivations for selecting coping strategies and how selection of strategies changes during a semester. This study explored sources of stress and coping strategies used by first-year undergraduate students across a semester. It examined reasons for strategy selection and the relationships between coping strategies, academic engagement, and performance. Participants were 203 consenting first-year undergraduate sport science students in Australia. Students responded to open-ended questions at the beginning and end of semester, and responses were subjected to thematic analysis. Frequencies of responses were correlated with measures of engagement and academic performance. The primary sources of stress were academic pressures, alongside social, financial, and personal challenges. At the beginning of semester, students predominantly intended to employ problem-focused coping strategies, such as time management and study techniques. However, by the semester's end, students more frequently reported using strategies such as exercise, balancing work and life, meditation, and yoga. Students' reported reasons for strategy use indicated that coping mechanisms served dual functions, both alleviating emotional distress and supporting study effectiveness, regardless of whether traditionally classified as problem- or emotion-focused. Employing more coping strategies positively correlated with higher academic performance. These findings suggest that encouraging a diverse range of adaptive coping strategies, while considering students' motivations for strategy selection, can support students' academic success and well-being.<b>NEW & NOTEWORTHY</b> This study is the first to examine students' motivations for choosing coping strategies across a semester, revealing that strategies traditionally labeled ""problem-focused"" or ""emotion-focused"" often serve dual purposes: enhancing both well-being and academic productivity. Coping strategy use shifted markedly over time, with exercise emerging as the most relied-upon approach. Notably, using a greater number of coping strategies, rather than any specific strategy, positively correlated with higher academic performance."
41636309,Effects of Combined Music and Exercise Therapy on Depression: A Systematic Review and Meta-Analysis.,2026,Journal of integrative and complementary medicine,"Depression is a common psychiatric disorder that impacts millions globally. Non-pharmacological treatments, such as combining music and exercise therapy, have shown potential as alternatives to medication. This meta-analysis evaluates the impact of integrating music with exercise on depressive symptoms. A comprehensive literature search was conducted across multiple databases. Randomized controlled trials of combined music and exercise therapy for patients with mild, moderate, or severe depression were included. Interventions included any exercise paired with music therapy, such as Tai Chi or aerobics. They were compared with the standard of care, a waitlist control group, medication, and monotherapy. A meta-analysis was performed using random-effects models in RevMan 5.4. The standardized mean difference (SMD) was used as a summative measure. The effects of age, type of exercise, and duration of intervention on depression were explored in the subgroup analysis. Seven randomized controlled trials involving 640 patients with depression were analyzed. Results indicated significant improvement in depressive symptoms (SMD = -0.49, 95% CI: -0.93 to -0.06, <i>p =</i> 0.03). Subgroup analyses showed that music combined with Tai Chi (SMD = -0.96, 95% CI: -1.90 to -0.02, <i>p</i> = 0.04) or aerobic exercise (SMD = -0.60, 95% CI: -0.98 to -0.23, <i>p</i> = 0.001) over 12 weeks (SMD = -0.29, 95% confidence interval (CI): -0.50 to -0.08, <i>p</i> = 0.008) significantly reduced symptoms, especially in patients older than 60 years (SMD = -0.31, 95% CI: -0.61 to -0.01, <i>p</i> = 0.04). It can be suggested that patients with depression better tolerate music combined with exercise therapy. Two studies reported transient fatigue, and no withdrawals occurred due to adverse events. This meta-analysis suggests that combining music and exercise therapy is effective in reducing depressive symptoms. Combining music with aerobic exercise and tai chi is particularly beneficial for patients over 60 years of age. The quality of the evidence was limited by the heterogeneity and varying risk of bias of the included studies, and caution is warranted."
41635719,"Investigating the relationships between physical activity, mindful self-compassion, and well-being among Chinese adolescents: the Exercise Self-Esteem Model Revised with Self-Compassion 2.0.",2026,Australian journal of psychology,"Physical activity is widely recognised as beneficial for well‑being, yet the psychological mechanisms underlying this relationship, particularly those involving mindfulness and self‑compassion, remain insufficiently examined. The Exercise and Self‑Esteem Model with Self‑Compassion (EXSEM‑SC) highlights the roles of exercise self‑efficacy and body compassion in fostering self‑compassion, but it does not address the contributions of mindfulness and interoceptive body awareness in mitigating self‑criticism associated with discomfort, inadequacy, or doubt during activity. To address this gap, the present cross‑sectional study conducted in Hong Kong integrated the Mindful and Compassionate Awareness Scale for Physical Activity (MCA‑PA) to investigate associations among physical activity, MCA‑PA, self‑compassion, and well‑being. Data were collected from 414 secondary school students (44.9% female; <i>M</i> = 14.95 years, SD = 1.60), and structural equation modelling confirmed that MCA‑PA and self‑compassion mediated the relationship between physical activity and well‑being, with no gender differences (CFI = 0.97, SRMR = 0.039, RMSEA = 0.065, 90% CI [0.00, 0.13]). These findings underscore the importance of mindfulness and self‑compassion in explaining how physical activity enhances well‑being, suggesting that health promotion programs in educational and broader contexts should incorporate practices that cultivate mindful and compassionate awareness to strengthen psychological outcomes and support healthy behaviours."
41633094,Embodied renegotiation: Redefining male body image through yoga in Korea.,2026,Body image,"This qualitative study explored the complex interplay between masculinity, body image, and yoga within the socio-cultural context of South Korea, a society shaped by collectivism, traditional Confucian gender norms, and heightened appearance orientation. Guided by Straussian grounded theory and a constructivist-interpretivist framework, in-depth interviews were conducted with 11 male practitioners that had been practicing yoga for at least one year. The core concept of embodied renegotiation was identified through interpretive analysis of emergent themes constructed from the narratives of the participants, illustrating a process in which respondents redefined and navigated perceptions of body image through their engagement with yoga. The findings of our study revealed the following themes: a) rejection of Western male body image ideals, b) reframing the body through yoga, and c) connection with the inner self. The narratives of the participants indicated a shift from external self-perception towards internalized self-acceptance which fostered body appreciation and enhanced psychological well-being. Our study extends existing literature by highlighting how leisure-based practices that promote mindfulness and interoceptive awareness such as yoga may act as a counter-narrative to hegemonic masculinity by promoting body positivity. Implications underscore the need for culturally sensitive and gender-inclusive interventions that enhance body image and self-perceptions for men, particularly within non-Western cultural settings."
41630805,Optimal doses of mind-body exercise on neuroinflammation in individuals with neuropsychiatric disorders: A systematic review and dose-response meta-analysis.,2026,"Brain, behavior, & immunity - health","Mind-body exercises (MBEs), including Tai Chi (TC), Qigong (QG), Yoga (YG), and Mindfulness-Based Stress Reduction (MBSR), show promise in neuropsychiatric rehabilitation by modulating neuroinflammation. This study systematically examines the effects of MBEs on neuroinflammation-related biomarkers in neuropsychiatric disorders, aiming to identify optimal modalities, dosages, and key moderators. Databases were systematically searched for eligible RCTs from inception until February 2025. Data were analyzed using R packages (""<i>meta</i>,"" ""<i>multinma</i>,"" ""<i>MBNMAdose</i>,"" ""<i>GEMTC</i>,"" ""<i>BUGSnet</i>,"" ""<i>ggplot2</i>"") to assess the effects of MBEs on TNF-α, IL-6, IL-1β, IL-10, CRP, and BDNF in adults with neuropsychiatric disorders. Twenty-nine RCTs involving 2253 participants were included. MBEs significantly reduced IL-6 [standardized mean difference (SMD) = -0.47] and IL-1β [SMD = -0.90], while increasing BDNF [SMD = 1.08] and IL-10 [SMD = 0.87]. Effects on TNF-α [SMD = -0.33] and CRP [SMD = -0.12] showed a non-significant trend toward benefit. Dosages between 600 and 1000 MET-min/week yielded the most pronounced anti-inflammatory effects. Network meta-analysis ranked TC and MBSR as the most effective for reducing proinflammatory cytokines, while QG showed the greatest benefits for neurotrophic outcomes. Participant characteristics (age, population, clinical conditions) and MBE parameters (duration, frequency, session length) significantly moderated neuroprotective effects. MBEs effectively reduce proinflammatory cytokines (IL-1β, IL-6) and enhance anti-inflammatory cytokine (IL-10) and neurotrophic factor (BDNF) in neuropsychiatric disorders. The optimal dosage ranges from 600 to 1000 MET-min/week. Given the impact of participant characteristics and MBE parameters, personalized prescriptions may enhance clinical outcomes and long-term neuroprotective effects."
41630201,Effects of six traditional exercise therapies on key clinical outcomes in patients with chronic heart failure: A systematic review and network meta-analysis.,2026,Medicine,"Previous research on traditional exercise interventions for chronic heart failure (CHF) has primarily concentrated on single exercise modalities in isolation, providing scant insight into the ideal exercise regimen for this patient population. This study aims to assess the effects of 6 traditional exercise therapies - specifically Liuzijue, Tai Chi, Baduanjin, yoga, Wuqinxi, and meditation - on CHF outcomes using the Minnesota living with heart failure questionnaire (MLHFQ), six-minute walk test (6MWT), N-terminal pro-brain natriuretic peptide (NT-proBNP), and left ventricular ejection fraction (LVEF). A comprehensive search was conducted across databases including CNKI, Wanfang, VIP, PubMed, Embase, Web of Science, and the Cochrane Library. After applying the inclusion and exclusion criteria, relevant studies were screened, and data were extracted. A network-meta-analysis (NMA) was then performed to compare and rank the effectiveness of different outcome measures. This NMA included 34 studies with a total sample size of 2521 participants (intervention group: 1268; control group: 1253). For MLHFQ, Liuzijue combined with usual care showed the greatest improvement (MD = -18.14, 95% CI [-24.61, -11.67]; P < .05), with the highest surface under the cumulative ranking (SUCRA) ranking (0.5%). For 6MWT, Liuzijue was most effective (MD = 69.89, 95% CI [21.32, 118.45]; P < .05). In reducing NT-proBNP levels, Baduanjin had the strongest effect (MD = -309.81, 95% CI [-550.86 to -68.76]; P < .05). For LVEF, Tai Chi ranked highest (MD = 4.15, 95% CI [2.40 to 5.90]; P < .05). Overall, Liuzijue and Baduanjin emerged as the most beneficial exercise therapies across multiple outcomes. When used as adjunctive therapies, traditional exercise modalities demonstrate clinically meaningful benefits for patients with CHF, particularly in improving 4 different clinical outcomes. In clinical practice, personalized exercise prescriptions can be tailored to the individual needs of patients."
41628552,"Feasibility, acceptability, and preliminary efficacy of Tai Chi versus mindful yoga on psycho-spiritual distress in patients with advanced cancer: A mixed-method pilot randomized controlled trial.",2026,European journal of oncology nursing : the official journal of European Oncology Nursing Society,"Psycho-spiritual distress is prevalent and distressing among advanced cancer patients. While mind-body exercises have shown promise in alleviating psychological distress, their effectiveness in advanced cancer patients is still being explored. This study aimed to explore the feasibility and acceptability, and preliminary efficacy of two mind-body exercises-Tai Chi and mindful yoga-each rooted in distinct philosophies, compared to control among patients with advanced cancer. We conducted a three-armed mixed-method pilot randomized control trial. Participants were randomized into Tai Chi, mindful yoga, or control groups. Over 12-week, 60-min Tai Chi classes were held twice a week, 120-min mindful yoga classes weekly, and control group received written exercise guidelines. Feasibility outcomes were assessed through questionnaires and semi-structured interviews at 12-week. Effect outcomes were assessed by questionnaire and physical functioning test at baseline, 12-week (post-intervention), and 24-week (12-week post-intervention). Forty-six patients with advanced cancer, with a mean age 61 years, were enrolled. Both Tai Chi and mindful yoga demonstrated satisfactory feasibility and acceptability, with attendance rates exceeding 86%, satisfactory levels of self-practice, and high satisfaction and credibility. Compared with control group, Tai Chi and mindful yoga groups showed preliminary reductions in depression and improvements in balance ability at 12 and 24 weeks. Additionally, mindful yoga showed additional preliminary enhancements in mindfulness and spiritual outcomes at 24-week. Qualitative interviews revealed three themes that contextualize and may underpin the improvements in depression, mindfulness, spiritual well-being, and physical functioning. Tai Chi and mindful yoga were feasible, well-accepted, and showed promising trends in psycho-spiritual, mindfulness, and physical outcomes. A large-scale trial is warranted to confirm these findings."
41625815,The Effect of Yoga and Gastro-Hepatic Pack on Type 2 Diabetes Mellitus: A Four-Arm Randomized Controlled Study.,2025,Cureus,"Diabetes mellitus is a leading cause of global mortality with significant health complications. Yoga and naturopathy have demonstrated beneficial effects on blood glucose control and psychological well-being. A four-arm randomized study was conducted with 120 type 2 diabetic patients aged 40-60 years. Participants were randomly assigned to YG (yoga, 60 minutes), GH (gastro-hepatic pack, 20 minutes), CYG (combined yoga and gastro-hepatic pack, 80 minutes), or the control group. HbA1c, fasting and postprandial blood sugar, Perceived Stress Scale, and Diabetes Distress Scale were measured before and after intervention. A significant reduction in glycemic parameters was observed in all groups post-intervention, with HbA1c decreasing from 8.17 ± 1.11 to 6.95 ± 0.85 in YG, 8.04 ± 0.98 to 6.93 ± 0.67 in GH, and 8.23 ± 1.23 to 6.29 ± 0.59 in CYG (p < 0.001). Fasting blood sugar (FBS) and post-prandial blood sugar (PPBS) also significantly declined (p < 0.001). Psychological measures improved, with PSS scores dropping from 17.7 ± 3.2 to 9.80 ± 1.67 in YG and 16.0 ± 2.3 to 9.53 ± 1.48 in CYG; smaller reductions occurred in GH and Control. DDS scores significantly decreased (p < 0.001). CYG showed the greatest overall improvement. No adverse events were reported.  The combined yoga and gastro‑hepatic pack (CYG) intervention outperformed either alone in reducing stress and improving glycemic control in type 2 diabetes. This safe, holistic approach enhances overall quality of life, though long-term studies are needed to confirm the sustainability of these benefits and their impact on diabetes-related complications."
41625667,Development of a school-based mindful yoga and meditation intervention module for enhancing adolescents' emotion regulation and well-being.,2025,Journal of education and health promotion,"Mindfulness and Yoga practices are well-established interventions for enhancing adolescent well-being. This study aimed to design, validate, and evaluate a Mindful Yoga and Meditation (MYM) intervention module tailored for adolescents. The study was conducted in two phases. In Phase I, formative research using a qualitative approach was conducted to explore the needs, barriers, and facilitators for integrating mindfulness practices. Data were collected through in-depth interviews (<i>n</i> = 21) and focus group discussions (<i>n</i> = 8) with key stakeholders. Insights from the data, expert feedback, and literature review informed the development of the module, with content validity established using Lawshe's content validity ratio (<i>n</i> = 9 experts). Phase II involved a pilot study among high school students (<i>n</i> = 18) in a government school in Udupi district, Karnataka, India, in July 2024. Participants were recruited through purposive sampling. Standardized tools were used to measure the psychological distress (K10), emotion regulation (ERQ-CA), mindfulness (CAMM), and well-being (WHO-5). Thematic analysis was applied to qualitative data, while paired t-tests/Wilcoxon signed-rank tests were used for quantitative analysis. The results revealed significant reductions in psychological distress and emotional suppression and improvements in mindfulness, emotion regulation, and well-being. The validated MYM module is a feasible school-based intervention for fostering adolescent well-being and emotional regulation by addressing their developmental needs through activity-based mindfulness and yoga practices."
